time,pm2_5,pm10,carbon_monoxide,nitrogen_dioxide,sulphur_dioxide,ozone,us_aqi,european_aqi,state,city,latitude,longitude,location_type,ingested_at,aqi_data_available
2026-09-30 00:00:00,56.3,66.8,595.0,31.5,47.6,98.0,156.0,63.0,Andhra Pradesh,Visakhapatnam,17.6868,83.2185,State Representative,2026-09-30T12:29:19.691249+00:00,True
2026-09-30 01:00:00,55.5,66.1,555.0,29.7,44.4,89.0,156.0,63.0,Andhra Pradesh,Visakhapatnam,17.6868,83.2185,State Representative,2026-09-30T12:29:19.691249+00:00,True
2026-09-30 02:00:00,54.7,65.2,536.0,28.4,41.6,81.0,156.0,62.0,Andhra Pradesh,Visakhapatnam,17.6868,83.2185,State Representative,2026-09-30T12:29:19.691249+00:00,True
2026-09-30 03:00:00,53.6,64.0,543.0,27.6,36.4,70.0,155.0,62.0,Andhra Pradesh,Visakhapatnam,17.6868,83.2185,State Representative,2026-09-30T12:29:19.691249+00:00,True
2026-09-30 04:00:00,51.8,61.7,570.0,27.3,31.6,59.0,155.0,61.0,Andhra Pradesh,Visakhapatnam,17.6868,83.2185,State Representative,2026-09-30T12:29:19.691249+00:00,True
2026-09-30 05:00:00,57.4,68.7,622.0,26.1,29.8,59.0,155.0,64.0,Andhra Pradesh,Visakhapatnam,17.6868,83.2185,State Representative,2026-09-30T12:29:19.691249+00:00,True
2026-09-30 06:00:00,58.4,69.2,708.0,35.1,60.5,72.0,155.0,64.0,Andhra Pradesh,Visakhapatnam,17.6868,83.2185,State Representative,2026-09-30T12:29:19.691249+00:00,True
2026-09-30 07:00:00,65.4,77.8,820.0,46.9,102.1,91.0,155.0,68.0,Andhra Pradesh,Visakhapatnam,17.6868,83.2185,State Representative,2026-09-30T12:29:19.691249+00:00,True
2026-09-30 08:00:00,69.4,83.4,935.0,52.3,126.8,114.0,155.0,70.0,Andhra Pradesh,Visakhapatnam,17.6868,83.2185,State Representative,2026-09-30T12:29:19.691249+00:00,True
2026-09-30 09:00:00,66.8,81.7,1067.0,44.9,118.6,144.0,155.0,72.0,Andhra Pradesh,Visakhapatnam,17.6868,83.2185,State Representative,2026-09-30T12:29:19.691249+00:00,True
2026-09-30 10:00:00,65.7,82.9,1202.0,30.9,93.6,178.0,154.0,98.0,Andhra Pradesh,Visakhapatnam,17.6868,83.2185,State Representative,2026-09-30T12:29:19.691249+00:00,True
2026-09-30 11:00:00,61.5,84.8,1276.0,19.8,72.8,205.0,155.0,125.0,Andhra Pradesh,Visakhapatnam,17.6868,83.2185,State Representative,2026-09-30T12:29:19.691249+00:00,True
2026-09-30 12:00:00,61.7,89.4,1259.0,14.8,64.0,222.0,154.0,142.0,Andhra Pradesh,Visakhapatnam,17.6868,83.2185,State Representative,2026-09-30T12:29:19.691249+00:00,True
2026-09-30 13:00:00,62.4,91.0,1181.0,12.6,59.4,231.0,154.0,151.0,Andhra Pradesh,Visakhapatnam,17.6868,83.2185,State Representative,2026-09-30T12:29:19.691249+00:00,True
2026-09-30 14:00:00,63.6,90.8,1074.0,12.9,56.5,233.0,154.0,153.0,Andhra Pradesh,Visakhapatnam,17.6868,83.2185,State Representative,2026-09-30T12:29:19.691249+00:00,True
2026-09-30 15:00:00,65.2,87.8,915.0,16.8,55.2,224.0,164.0,144.0,Andhra Pradesh,Visakhapatnam,17.6868,83.2185,State Representative,2026-09-30T12:29:19.691249+00:00,True
2026-09-30 16:00:00,65.2,80.3,727.0,23.2,55.7,206.0,185.0,126.0,Andhra Pradesh,Visakhapatnam,17.6868,83.2185,State Representative,2026-09-30T12:29:19.691249+00:00,True
2026-09-30 17:00:00,61.9,73.1,610.0,28.1,56.0,188.0,199.0,108.0,Andhra Pradesh,Visakhapatnam,17.6868,83.2185,State Representative,2026-09-30T12:29:19.691249+00:00,True
2026-09-30 18:00:00,59.3,69.6,627.0,29.7,55.5,171.0,203.0,91.0,Andhra Pradesh,Visakhapatnam,17.6868,83.2185,State Representative,2026-09-30T12:29:19.691249+00:00,True
2026-09-30 19:00:00,57.7,68.5,715.0,29.8,54.9,152.0,202.0,76.0,Andhra Pradesh,Visakhapatnam,17.6868,83.2185,State Representative,2026-09-30T12:29:19.691249+00:00,True
2026-09-30 20:00:00,57.3,69.2,790.0,30.3,53.8,135.0,197.0,68.0,Andhra Pradesh,Visakhapatnam,17.6868,83.2185,State Representative,2026-09-30T12:29:19.691249+00:00,True
2026-09-30 21:00:00,59.8,73.1,808.0,32.1,52.2,120.0,183.0,65.0,Andhra Pradesh,Visakhapatnam,17.6868,83.2185,State Representative,2026-09-30T12:29:19.691249+00:00,True
2026-09-30 22:00:00,64.5,78.5,813.0,34.1,50.2,106.0,165.0,67.0,Andhra Pradesh,Visakhapatnam,17.6868,83.2185,State Representative,2026-09-30T12:29:19.691249+00:00,True
2026-09-30 23:00:00,66.1,79.9,846.0,35.3,47.6,93.0,154.0,68.0,Andhra Pradesh,Visakhapatnam,17.6868,83.2185,State Representative,2026-09-30T12:29:19.691249+00:00,True
2026-10-01 00:00:00,66.4,79.2,940.0,35.0,44.1,81.0,154.0,68.0,Andhra Pradesh,Visakhapatnam,17.6868,83.2185,State Representative,2026-09-30T12:29:19.691249+00:00,True
2026-10-01 01:00:00,67.1,80.6,1063.0,33.7,40.1,71.0,154.0,69.0,Andhra Pradesh,Visakhapatnam,17.6868,83.2185,State Representative,2026-09-30T12:29:19.691249+00:00,True
2026-10-01 02:00:00,66.4,80.1,1160.0,32.2,36.0,64.0,154.0,68.0,Andhra Pradesh,Visakhapatnam,17.6868,83.2185,State Representative,2026-09-30T12:29:19.691249+00:00,True
2026-10-01 03:00:00,65.0,80.1,1187.0,29.0,26.4,60.0,155.0,68.0,Andhra Pradesh,Visakhapatnam,17.6868,83.2185,State Representative,2026-09-30T12:29:19.691249+00:00,True
2026-10-01 04:00:00,62.6,77.8,1188.0,25.5,16.8,58.0,155.0,66.0,Andhra Pradesh,Visakhapatnam,17.6868,83.2185,State Representative,2026-09-30T12:29:19.691249+00:00,True
2026-10-01 05:00:00,61.9,78.0,1240.0,26.6,24.2,61.0,156.0,66.0,Andhra Pradesh,Visakhapatnam,17.6868,83.2185,State Representative,2026-09-30T12:29:19.691249+00:00,True
2026-10-01 06:00:00,63.8,79.9,1391.0,37.6,67.4,69.0,156.0,67.0,Andhra Pradesh,Visakhapatnam,17.6868,83.2185,State Representative,2026-09-30T12:29:19.691249+00:00,True
2026-10-01 07:00:00,77.8,100.6,1594.0,53.2,127.7,80.0,156.0,74.0,Andhra Pradesh,Visakhapatnam,17.6868,83.2185,State Representative,2026-09-30T12:29:19.691249+00:00,True
2026-10-01 08:00:00,86.1,114.3,1778.0,62.1,166.0,97.0,156.0,78.0,Andhra Pradesh,Visakhapatnam,17.6868,83.2185,State Representative,2026-09-30T12:29:19.691249+00:00,True
2026-10-01 09:00:00,84.1,114.6,1965.0,58.0,161.2,122.0,157.0,77.0,Andhra Pradesh,Visakhapatnam,17.6868,83.2185,State Representative,2026-09-30T12:29:19.691249+00:00,True
2026-10-01 10:00:00,77.1,109.4,2135.0,47.3,134.4,152.0,157.0,76.0,Andhra Pradesh,Visakhapatnam,17.6868,83.2185,State Representative,2026-09-30T12:29:19.691249+00:00,True
2026-10-01 11:00:00,72.2,104.3,2152.0,37.4,109.7,176.0,158.0,96.0,Andhra Pradesh,Visakhapatnam,17.6868,83.2185,State Representative,2026-09-30T12:29:19.691249+00:00,True
2026-10-01 12:00:00,67.3,97.1,1907.0,30.1,94.6,191.0,158.0,111.0,Andhra Pradesh,Visakhapatnam,17.6868,83.2185,State Representative,2026-09-30T12:29:19.691249+00:00,True
2026-10-01 13:00:00,66.4,93.6,1510.0,23.7,81.6,200.0,158.0,120.0,Andhra Pradesh,Visakhapatnam,17.6868,83.2185,State Representative,2026-09-30T12:29:19.691249+00:00,True
2026-10-01 14:00:00,66.8,92.0,1160.0,20.6,72.2,199.0,158.0,119.0,Andhra Pradesh,Visakhapatnam,17.6868,83.2185,State Representative,2026-09-30T12:29:19.691249+00:00,True
2026-10-01 15:00:00,67.1,91.3,913.0,23.0,68.2,184.0,158.0,104.0,Andhra Pradesh,Visakhapatnam,17.6868,83.2185,State Representative,2026-09-30T12:29:19.691249+00:00,True
2026-10-01 16:00:00,68.5,92.0,713.0,28.8,67.9,160.0,158.0,80.0,Andhra Pradesh,Visakhapatnam,17.6868,83.2185,State Representative,2026-09-30T12:29:19.691249+00:00,True
2026-10-01 17:00:00,68.9,90.8,593.0,33.6,67.2,138.0,158.0,69.0,Andhra Pradesh,Visakhapatnam,17.6868,83.2185,State Representative,2026-09-30T12:29:19.691249+00:00,True
2026-10-01 18:00:00,68.0,89.6,582.0,35.7,64.6,122.0,161.0,69.0,Andhra Pradesh,Visakhapatnam,17.6868,83.2185,State Representative,2026-09-30T12:29:19.691249+00:00,True
2026-10-01 19:00:00,66.8,88.5,650.0,36.9,61.7,108.0,159.0,68.0,Andhra Pradesh,Visakhapatnam,17.6868,83.2185,State Representative,2026-09-30T12:29:19.691249+00:00,True
2026-10-01 20:00:00,66.6,88.7,743.0,37.9,59.1,96.0,159.0,68.0,Andhra Pradesh,Visakhapatnam,17.6868,83.2185,State Representative,2026-09-30T12:29:19.691249+00:00,True
2026-10-01 21:00:00,70.1,92.9,880.0,39.2,57.7,88.0,159.0,70.0,Andhra Pradesh,Visakhapatnam,17.6868,83.2185,State Representative,2026-09-30T12:29:19.691249+00:00,True
2026-10-01 22:00:00,74.7,97.8,1041.0,40.4,56.7,82.0,160.0,72.0,Andhra Pradesh,Visakhapatnam,17.6868,83.2185,State Representative,2026-09-30T12:29:19.691249+00:00,True
2026-10-01 23:00:00,75.9,97.3,1110.0,40.5,54.1,76.0,160.0,73.0,Andhra Pradesh,Visakhapatnam,17.6868,83.2185,State Representative,2026-09-30T12:29:19.691249+00:00,True
2026-10-02 00:00:00,73.8,93.1,997.0,39.0,48.6,67.0,160.0,72.0,Andhra Pradesh,Visakhapatnam,17.6868,83.2185,State Representative,2026-09-30T12:29:19.691249+00:00,True
2026-10-02 01:00:00,71.0,88.5,793.0,36.5,41.5,58.0,161.0,71.0,Andhra Pradesh,Visakhapatnam,17.6868,83.2185,State Representative,2026-09-30T12:29:19.691249+00:00,True
2026-10-02 02:00:00,67.1,82.7,655.0,34.1,35.6,51.0,161.0,69.0,Andhra Pradesh,Visakhapatnam,17.6868,83.2185,State Representative,2026-09-30T12:29:19.691249+00:00,True
2026-10-02 03:00:00,65.2,81.5,648.0,30.3,25.8,46.0,161.0,68.0,Andhra Pradesh,Visakhapatnam,17.6868,83.2185,State Representative,2026-09-30T12:29:19.691249+00:00,True
2026-10-02 04:00:00,62.4,78.7,707.0,26.7,17.1,42.0,161.0,66.0,Andhra Pradesh,Visakhapatnam,17.6868,83.2185,State Representative,2026-09-30T12:29:19.691249+00:00,True
2026-10-02 05:00:00,60.5,75.7,789.0,28.4,26.9,43.0,161.0,65.0,Andhra Pradesh,Visakhapatnam,17.6868,83.2185,State Representative,2026-09-30T12:29:19.691249+00:00,True
2026-10-02 06:00:00,62.2,75.9,871.0,42.2,75.6,48.0,161.0,66.0,Andhra Pradesh,Visakhapatnam,17.6868,83.2185,State Representative,2026-09-30T12:29:19.691249+00:00,True
2026-10-02 07:00:00,78.0,95.9,978.0,61.3,142.8,58.0,161.0,74.0,Andhra Pradesh,Visakhapatnam,17.6868,83.2185,State Representative,2026-09-30T12:29:19.691249+00:00,True
2026-10-02 08:00:00,99.0,121.1,1139.0,71.4,184.1,75.0,161.0,84.0,Andhra Pradesh,Visakhapatnam,17.6868,83.2185,State Representative,2026-09-30T12:29:19.691249+00:00,True
2026-10-02 09:00:00,94.1,116.9,1450.0,63.6,174.5,105.0,161.0,82.0,Andhra Pradesh,Visakhapatnam,17.6868,83.2185,State Representative,2026-09-30T12:29:19.691249+00:00,True
2026-10-02 10:00:00,82.7,105.0,1817.0,46.7,139.1,143.0,161.0,76.0,Andhra Pradesh,Visakhapatnam,17.6868,83.2185,State Representative,2026-09-30T12:29:19.691249+00:00,True
2026-10-02 11:00:00,78.0,99.2,1986.0,32.5,108.3,174.0,161.0,94.0,Andhra Pradesh,Visakhapatnam,17.6868,83.2185,State Representative,2026-09-30T12:29:19.691249+00:00,True
2026-10-02 12:00:00,77.1,97.8,1790.0,24.8,93.2,196.0,162.0,116.0,Andhra Pradesh,Visakhapatnam,17.6868,83.2185,State Representative,2026-09-30T12:29:19.691249+00:00,True
2026-10-02 13:00:00,77.1,97.3,1396.0,19.7,82.7,212.0,162.0,132.0,Andhra Pradesh,Visakhapatnam,17.6868,83.2185,State Representative,2026-09-30T12:29:19.691249+00:00,True
2026-10-02 14:00:00,76.8,97.1,1052.0,17.5,74.3,216.0,162.0,136.0,Andhra Pradesh,Visakhapatnam,17.6868,83.2185,State Representative,2026-09-30T12:29:19.691249+00:00,True
2026-10-02 15:00:00,75.4,95.9,839.0,19.2,67.1,203.0,162.0,123.0,Andhra Pradesh,Visakhapatnam,17.6868,83.2185,State Representative,2026-09-30T12:29:19.691249+00:00,True
2026-10-02 16:00:00,74.0,95.2,675.0,23.6,62.0,179.0,163.0,99.0,Andhra Pradesh,Visakhapatnam,17.6868,83.2185,State Representative,2026-09-30T12:29:19.691249+00:00,True
2026-10-02 17:00:00,72.6,92.7,572.0,28.0,58.6,156.0,165.0,78.0,Andhra Pradesh,Visakhapatnam,17.6868,83.2185,State Representative,2026-09-30T12:29:19.691249+00:00,True
2026-10-02 18:00:00,73.1,94.5,549.0,31.5,57.7,138.0,173.0,72.0,Andhra Pradesh,Visakhapatnam,17.6868,83.2185,State Representative,2026-09-30T12:29:19.691249+00:00,True
2026-10-02 19:00:00,74.7,96.6,585.0,34.9,58.5,122.0,173.0,72.0,Andhra Pradesh,Visakhapatnam,17.6868,83.2185,State Representative,2026-09-30T12:29:19.691249+00:00,True
2026-10-02 20:00:00,78.9,101.0,628.0,37.4,58.7,108.0,164.0,74.0,Andhra Pradesh,Visakhapatnam,17.6868,83.2185,State Representative,2026-09-30T12:29:19.691249+00:00,True
2026-10-02 21:00:00,84.8,106.9,675.0,38.6,56.8,96.0,164.0,77.0,Andhra Pradesh,Visakhapatnam,17.6868,83.2185,State Representative,2026-09-30T12:29:19.691249+00:00,True
2026-10-02 22:00:00,85.9,107.6,729.0,38.8,54.1,87.0,164.0,78.0,Andhra Pradesh,Visakhapatnam,17.6868,83.2185,State Representative,2026-09-30T12:29:19.691249+00:00,True
2026-10-02 23:00:00,79.4,99.4,745.0,38.3,52.5,80.0,165.0,75.0,Andhra Pradesh,Visakhapatnam,17.6868,83.2185,State Representative,2026-09-30T12:29:19.691249+00:00,True
2026-10-03 00:00:00,67.3,84.5,683.0,36.7,53.2,77.0,165.0,69.0,Andhra Pradesh,Visakhapatnam,17.6868,83.2185,State Representative,2026-09-30T12:29:19.691249+00:00,True
2026-10-03 01:00:00,61.5,77.5,584.0,34.4,55.0,77.0,164.0,66.0,Andhra Pradesh,Visakhapatnam,17.6868,83.2185,State Representative,2026-09-30T12:29:19.691249+00:00,True
2026-10-03 02:00:00,58.8,73.8,526.0,32.8,55.5,75.0,164.0,64.0,Andhra Pradesh,Visakhapatnam,17.6868,83.2185,State Representative,2026-09-30T12:29:19.691249+00:00,True
2026-10-03 03:00:00,57.6,70.8,551.0,32.1,51.0,65.0,164.0,64.0,Andhra Pradesh,Visakhapatnam,17.6868,83.2185,State Representative,2026-09-30T12:29:19.691249+00:00,True
2026-10-03 04:00:00,57.5,69.2,616.0,32.1,45.3,53.0,164.0,64.0,Andhra Pradesh,Visakhapatnam,17.6868,83.2185,State Representative,2026-09-30T12:29:19.691249+00:00,True
2026-10-03 05:00:00,56.0,66.1,673.0,33.2,47.4,49.0,164.0,63.0,Andhra Pradesh,Visakhapatnam,17.6868,83.2185,State Representative,2026-09-30T12:29:19.691249+00:00,True
2026-10-03 06:00:00,58.4,68.2,709.0,37.3,66.7,60.0,163.0,64.0,Andhra Pradesh,Visakhapatnam,17.6868,83.2185,State Representative,2026-09-30T12:29:19.691249+00:00,True
2026-10-03 07:00:00,65.9,79.6,736.0,42.5,93.8,81.0,163.0,68.0,Andhra Pradesh,Visakhapatnam,17.6868,83.2185,State Representative,2026-09-30T12:29:19.691249+00:00,True
2026-10-03 08:00:00,69.4,87.1,745.0,43.6,109.2,102.0,163.0,70.0,Andhra Pradesh,Visakhapatnam,17.6868,83.2185,State Representative,2026-09-30T12:29:19.691249+00:00,True
2026-10-03 09:00:00,64.7,82.2,731.0,36.8,101.4,125.0,162.0,67.0,Andhra Pradesh,Visakhapatnam,17.6868,83.2185,State Representative,2026-09-30T12:29:19.691249+00:00,True
2026-10-03 10:00:00,59.8,76.8,698.0,25.9,82.0,148.0,161.0,74.0,Andhra Pradesh,Visakhapatnam,17.6868,83.2185,State Representative,2026-09-30T12:29:19.691249+00:00,True
2026-10-03 11:00:00,57.5,74.3,649.0,17.3,66.1,167.0,160.0,87.0,Andhra Pradesh,Visakhapatnam,17.6868,83.2185,State Representative,2026-09-30T12:29:19.691249+00:00,True
2026-10-03 12:00:00,57.6,73.8,570.0,13.4,59.6,179.0,160.0,99.0,Andhra Pradesh,Visakhapatnam,17.6868,83.2185,State Representative,2026-09-30T12:29:19.691249+00:00,True
2026-10-03 13:00:00,57.6,73.1,475.0,11.8,56.7,186.0,159.0,106.0,Andhra Pradesh,Visakhapatnam,17.6868,83.2185,State Representative,2026-09-30T12:29:19.691249+00:00,True
2026-10-03 14:00:00,55.6,70.1,413.0,12.2,54.8,184.0,159.0,104.0,Andhra Pradesh,Visakhapatnam,17.6868,83.2185,State Representative,2026-09-30T12:29:19.691249+00:00,True
2026-10-03 15:00:00,53.9,67.8,405.0,15.2,53.3,168.0,158.0,88.0,Andhra Pradesh,Visakhapatnam,17.6868,83.2185,State Representative,2026-09-30T12:29:19.691249+00:00,True
2026-10-03 16:00:00,50.9,64.3,430.0,20.2,52.8,143.0,157.0,72.0,Andhra Pradesh,Visakhapatnam,17.6868,83.2185,State Representative,2026-09-30T12:29:19.691249+00:00,True
2026-10-03 17:00:00,49.1,60.1,471.0,25.0,52.4,120.0,157.0,60.0,Andhra Pradesh,Visakhapatnam,17.6868,83.2185,State Representative,2026-09-30T12:29:19.691249+00:00,True
2026-10-03 18:00:00,47.7,55.9,538.0,29.1,51.9,102.0,156.0,59.0,Andhra Pradesh,Visakhapatnam,17.6868,83.2185,State Representative,2026-09-30T12:29:19.691249+00:00,True
2026-10-03 19:00:00,47.6,54.0,620.0,33.1,51.4,86.0,155.0,59.0,Andhra Pradesh,Visakhapatnam,17.6868,83.2185,State Representative,2026-09-30T12:29:19.691249+00:00,True
2026-10-03 20:00:00,50.4,56.0,668.0,36.0,50.9,74.0,155.0,60.0,Andhra Pradesh,Visakhapatnam,17.6868,83.2185,State Representative,2026-09-30T12:29:19.691249+00:00,True
2026-10-03 21:00:00,51.5,56.6,651.0,37.6,50.2,66.0,154.0,61.0,Andhra Pradesh,Visakhapatnam,17.6868,83.2185,State Representative,2026-09-30T12:29:19.691249+00:00,True
2026-10-03 22:00:00,50.4,55.1,600.0,38.1,49.4,61.0,153.0,60.0,Andhra Pradesh,Visakhapatnam,17.6868,83.2185,State Representative,2026-09-30T12:29:19.691249+00:00,True
2026-10-03 23:00:00,48.2,52.7,562.0,38.2,48.9,58.0,152.0,59.0,Andhra Pradesh,Visakhapatnam,17.6868,83.2185,State Representative,2026-09-30T12:29:19.691249+00:00,True
2026-10-04 00:00:00,46.3,51.0,552.0,37.6,48.7,56.0,151.0,58.0,Andhra Pradesh,Visakhapatnam,17.6868,83.2185,State Representative,2026-09-30T12:29:19.691249+00:00,True
2026-10-04 01:00:00,44.8,49.6,554.0,36.5,48.8,57.0,150.0,57.0,Andhra Pradesh,Visakhapatnam,17.6868,83.2185,State Representative,2026-09-30T12:29:19.691249+00:00,True
2026-10-04 02:00:00,43.4,48.3,571.0,35.7,49.2,56.0,148.0,56.0,Andhra Pradesh,Visakhapatnam,17.6868,83.2185,State Representative,2026-09-30T12:29:19.691249+00:00,True
2026-10-04 03:00:00,41.8,46.4,619.0,35.6,48.6,52.0,147.0,55.0,Andhra Pradesh,Visakhapatnam,17.6868,83.2185,State Representative,2026-09-30T12:29:19.691249+00:00,True
2026-10-04 04:00:00,37.3,41.4,683.0,35.9,48.4,48.0,145.0,53.0,Andhra Pradesh,Visakhapatnam,17.6868,83.2185,State Representative,2026-09-30T12:29:19.691249+00:00,True
2026-10-04 05:00:00,34.2,38.1,727.3,36.1,52.0,49.0,143.0,51.0,Andhra Pradesh,Visakhapatnam,17.6868,83.2185,State Representative,2026-09-30T12:29:19.691249+00:00,True
2026-10-04 06:00:00,34.7,38.5,747.0,36.8,64.3,58.0,141.0,51.0,Andhra Pradesh,Visakhapatnam,17.6868,83.2185,State Representative,2026-09-30T12:29:19.691249+00:00,True
2026-10-04 07:00:00,39.3,44.1,756.5,37.5,80.5,73.0,138.0,54.0,Andhra Pradesh,Visakhapatnam,17.6868,83.2185,State Representative,2026-09-30T12:29:19.691249+00:00,True
2026-10-04 08:00:00,41.4,47.1,754.0,36.3,90.1,92.0,136.0,55.0,Andhra Pradesh,Visakhapatnam,17.6868,83.2185,State Representative,2026-09-30T12:29:19.691249+00:00,True
2026-10-04 09:00:00,43.1,49.2,712.0,31.5,87.0,119.0,133.0,59.0,Andhra Pradesh,Visakhapatnam,17.6868,83.2185,State Representative,2026-09-30T12:29:19.691249+00:00,True
2026-10-04 10:00:00,43.7,50.5,655.0,24.7,77.4,150.0,130.0,75.0,Andhra Pradesh,Visakhapatnam,17.6868,83.2185,State Representative,2026-09-30T12:29:19.691249+00:00,True
2026-10-04 11:00:00,45.9,53.4,606.0,19.0,68.6,176.0,129.0,96.0,Andhra Pradesh,Visakhapatnam,17.6868,83.2185,State Representative,2026-09-30T12:29:19.691249+00:00,True
2026-10-04 12:00:00,48.8,56.9,574.0,15.0,63.5,195.0,128.0,115.0,Andhra Pradesh,Visakhapatnam,17.6868,83.2185,State Representative,2026-09-30T12:29:19.691249+00:00,True
2026-10-04 13:00:00,50.8,59.0,551.0,12.1,59.3,208.0,127.0,128.0,Andhra Pradesh,Visakhapatnam,17.6868,83.2185,State Representative,2026-09-30T12:29:19.691249+00:00,True
2026-10-04 14:00:00,50.9,59.1,534.0,11.1,55.3,209.0,126.0,129.0,Andhra Pradesh,Visakhapatnam,17.6868,83.2185,State Representative,2026-09-30T12:29:19.691249+00:00,True
2026-10-04 15:00:00,49.2,57.5,519.0,12.9,50.2,189.0,126.0,109.0,Andhra Pradesh,Visakhapatnam,17.6868,83.2185,State Representative,2026-09-30T12:29:19.691249+00:00,True
2026-10-04 16:00:00,43.7,51.1,511.0,16.6,45.3,157.0,151.0,79.0,Andhra Pradesh,Visakhapatnam,17.6868,83.2185,State Representative,2026-09-30T12:29:19.691249+00:00,True
2026-10-04 17:00:00,40.0,45.6,525.0,20.6,43.2,127.0,161.0,64.0,Andhra Pradesh,Visakhapatnam,17.6868,83.2185,State Representative,2026-09-30T12:29:19.691249+00:00,True
2026-10-04 18:00:00,41.6,46.0,577.0,24.8,46.4,106.0,162.0,55.0,Andhra Pradesh,Visakhapatnam,17.6868,83.2185,State Representative,2026-09-30T12:29:19.691249+00:00,True
2026-10-04 19:00:00,41.4,45.4,650.0,29.2,52.5,88.0,155.0,55.0,Andhra Pradesh,Visakhapatnam,17.6868,83.2185,State Representative,2026-09-30T12:29:19.691249+00:00,True
2026-10-04 20:00:00,43.0,46.3,709.0,32.6,56.7,73.0,139.0,56.0,Andhra Pradesh,Visakhapatnam,17.6868,83.2185,State Representative,2026-09-30T12:29:19.691249+00:00,True
2026-10-04 21:00:00,43.0,46.1,740.0,34.6,57.0,62.0,121.0,56.0,Andhra Pradesh,Visakhapatnam,17.6868,83.2185,State Representative,2026-09-30T12:29:19.691249+00:00,True
2026-10-04 22:00:00,42.6,45.6,757.0,35.5,55.3,54.0,120.0,56.0,Andhra Pradesh,Visakhapatnam,17.6868,83.2185,State Representative,2026-09-30T12:29:19.691249+00:00,True
2026-10-04 23:00:00,40.0,43.0,763.0,35.4,53.2,48.0,119.0,54.0,Andhra Pradesh,Visakhapatnam,17.6868,83.2185,State Representative,2026-09-30T12:29:19.691249+00:00,True
2026-10-05 00:00:00,36.7,39.5,755.0,34.0,50.7,45.0,119.0,52.0,Andhra Pradesh,Visakhapatnam,17.6868,83.2185,State Representative,2026-09-30T12:29:19.691249+00:00,True
2026-10-05 01:00:00,31.5,34.2,737.0,31.5,47.8,45.0,118.0,49.0,Andhra Pradesh,Visakhapatnam,17.6868,83.2185,State Representative,2026-09-30T12:29:19.691249+00:00,True
2026-10-05 02:00:00,30.0,32.9,722.0,29.0,45.1,45.0,116.0,49.0,Andhra Pradesh,Visakhapatnam,17.6868,83.2185,State Representative,2026-09-30T12:29:19.691249+00:00,True
2026-10-05 03:00:00,29.8,33.1,717.0,26.6,42.8,44.0,115.0,48.0,Andhra Pradesh,Visakhapatnam,17.6868,83.2185,State Representative,2026-09-30T12:29:19.691249+00:00,True
2026-10-05 04:00:00,29.7,33.2,715.0,24.1,40.9,43.0,114.0,48.0,Andhra Pradesh,Visakhapatnam,17.6868,83.2185,State Representative,2026-09-30T12:29:19.691249+00:00,True
2026-10-05 05:00:00,30.5,34.3,714.0,22.4,39.5,42.0,113.0,49.0,Andhra Pradesh,Visakhapatnam,17.6868,83.2185,State Representative,2026-09-30T12:29:19.691249+00:00,True
2026-10-05 06:00:00,,,,,,,112.0,,Andhra Pradesh,Visakhapatnam,17.6868,83.2185,State Representative,2026-09-30T12:29:19.691249+00:00,False
2026-10-05 07:00:00,,,,,,,,,Andhra Pradesh,Visakhapatnam,17.6868,83.2185,State Representative,2026-09-30T12:29:19.691249+00:00,False
2026-10-05 08:00:00,,,,,,,,,Andhra Pradesh,Visakhapatnam,17.6868,83.2185,State Representative,2026-09-30T12:29:19.691249+00:00,False
2026-10-05 09:00:00,,,,,,,,,Andhra Pradesh,Visakhapatnam,17.6868,83.2185,State Representative,2026-09-30T12:29:19.691249+00:00,False
2026-10-05 10:00:00,,,,,,,,,Andhra Pradesh,Visakhapatnam,17.6868,83.2185,State Representative,2026-09-30T12:29:19.691249+00:00,False
2026-10-05 11:00:00,,,,,,,,,Andhra Pradesh,Visakhapatnam,17.6868,83.2185,State Representative,2026-09-30T12:29:19.691249+00:00,False
2026-10-05 12:00:00,,,,,,,,,Andhra Pradesh,Visakhapatnam,17.6868,83.2185,State Representative,2026-09-30T12:29:19.691249+00:00,False
2026-10-05 13:00:00,,,,,,,,,Andhra Pradesh,Visakhapatnam,17.6868,83.2185,State Representative,2026-09-30T12:29:19.691249+00:00,False
2026-10-05 14:00:00,,,,,,,,,Andhra Pradesh,Visakhapatnam,17.6868,83.2185,State Representative,2026-09-30T12:29:19.691249+00:00,False
2026-10-05 15:00:00,,,,,,,,,Andhra Pradesh,Visakhapatnam,17.6868,83.2185,State Representative,2026-09-30T12:29:19.691249+00:00,False
2026-10-05 16:00:00,,,,,,,,,Andhra Pradesh,Visakhapatnam,17.6868,83.2185,State Representative,2026-09-30T12:29:19.691249+00:00,False
2026-10-05 17:00:00,,,,,,,,,Andhra Pradesh,Visakhapatnam,17.6868,83.2185,State Representative,2026-09-30T12:29:19.691249+00:00,False
2026-10-05 18:00:00,,,,,,,,,Andhra Pradesh,Visakhapatnam,17.6868,83.2185,State Representative,2026-09-30T12:29:19.691249+00:00,False
2026-10-05 19:00:00,,,,,,,,,Andhra Pradesh,Visakhapatnam,17.6868,83.2185,State Representative,2026-09-30T12:29:19.691249+00:00,False
2026-10-05 20:00:00,,,,,,,,,Andhra Pradesh,Visakhapatnam,17.6868,83.2185,State Representative,2026-09-30T12:29:19.691249+00:00,False
2026-10-05 21:00:00,,,,,,,,,Andhra Pradesh,Visakhapatnam,17.6868,83.2185,State Representative,2026-09-30T12:29:19.691249+00:00,False
2026-10-05 22:00:00,,,,,,,,,Andhra Pradesh,Visakhapatnam,17.6868,83.2185,State Representative,2026-09-30T12:29:19.691249+00:00,False
2026-10-05 23:00:00,,,,,,,,,Andhra Pradesh,Visakhapatnam,17.6868,83.2185,State Representative,2026-09-30T12:29:19.691249+00:00,False
2026-10-06 00:00:00,,,,,,,,,Andhra Pradesh,Visakhapatnam,17.6868,83.2185,State Representative,2026-09-30T12:29:19.691249+00:00,False
2026-10-06 01:00:00,,,,,,,,,Andhra Pradesh,Visakhapatnam,17.6868,83.2185,State Representative,2026-09-30T12:29:19.691249+00:00,False
2026-10-06 02:00:00,,,,,,,,,Andhra Pradesh,Visakhapatnam,17.6868,83.2185,State Representative,2026-09-30T12:29:19.691249+00:00,False
2026-10-06 03:00:00,,,,,,,,,Andhra Pradesh,Visakhapatnam,17.6868,83.2185,State Representative,2026-09-30T12:29:19.691249+00:00,False
2026-10-06 04:00:00,,,,,,,,,Andhra Pradesh,Visakhapatnam,17.6868,83.2185,State Representative,2026-09-30T12:29:19.691249+00:00,False
2026-10-06 05:00:00,,,,,,,,,Andhra Pradesh,Visakhapatnam,17.6868,83.2185,State Representative,2026-09-30T12:29:19.691249+00:00,False
2026-10-06 06:00:00,,,,,,,,,Andhra Pradesh,Visakhapatnam,17.6868,83.2185,State Representative,2026-09-30T12:29:19.691249+00:00,False
2026-10-06 07:00:00,,,,,,,,,Andhra Pradesh,Visakhapatnam,17.6868,83.2185,State Representative,2026-09-30T12:29:19.691249+00:00,False
2026-10-06 08:00:00,,,,,,,,,Andhra Pradesh,Visakhapatnam,17.6868,83.2185,State Representative,2026-09-30T12:29:19.691249+00:00,False
2026-10-06 09:00:00,,,,,,,,,Andhra Pradesh,Visakhapatnam,17.6868,83.2185,State Representative,2026-09-30T12:29:19.691249+00:00,False
2026-10-06 10:00:00,,,,,,,,,Andhra Pradesh,Visakhapatnam,17.6868,83.2185,State Representative,2026-09-30T12:29:19.691249+00:00,False
2026-10-06 11:00:00,,,,,,,,,Andhra Pradesh,Visakhapatnam,17.6868,83.2185,State Representative,2026-09-30T12:29:19.691249+00:00,False
2026-10-06 12:00:00,,,,,,,,,Andhra Pradesh,Visakhapatnam,17.6868,83.2185,State Representative,2026-09-30T12:29:19.691249+00:00,False
2026-10-06 13:00:00,,,,,,,,,Andhra Pradesh,Visakhapatnam,17.6868,83.2185,State Representative,2026-09-30T12:29:19.691249+00:00,False
2026-10-06 14:00:00,,,,,,,,,Andhra Pradesh,Visakhapatnam,17.6868,83.2185,State Representative,2026-09-30T12:29:19.691249+00:00,False
2026-10-06 15:00:00,,,,,,,,,Andhra Pradesh,Visakhapatnam,17.6868,83.2185,State Representative,2026-09-30T12:29:19.691249+00:00,False
2026-10-06 16:00:00,,,,,,,,,Andhra Pradesh,Visakhapatnam,17.6868,83.2185,State Representative,2026-09-30T12:29:19.691249+00:00,False
2026-10-06 17:00:00,,,,,,,,,Andhra Pradesh,Visakhapatnam,17.6868,83.2185,State Representative,2026-09-30T12:29:19.691249+00:00,False
2026-10-06 18:00:00,,,,,,,,,Andhra Pradesh,Visakhapatnam,17.6868,83.2185,State Representative,2026-09-30T12:29:19.691249+00:00,False
2026-10-06 19:00:00,,,,,,,,,Andhra Pradesh,Visakhapatnam,17.6868,83.2185,State Representative,2026-09-30T12:29:19.691249+00:00,False
2026-10-06 20:00:00,,,,,,,,,Andhra Pradesh,Visakhapatnam,17.6868,83.2185,State Representative,2026-09-30T12:29:19.691249+00:00,False
2026-10-06 21:00:00,,,,,,,,,Andhra Pradesh,Visakhapatnam,17.6868,83.2185,State Representative,2026-09-30T12:29:19.691249+00:00,False
2026-10-06 22:00:00,,,,,,,,,Andhra Pradesh,Visakhapatnam,17.6868,83.2185,State Representative,2026-09-30T12:29:19.691249+00:00,False
2026-10-06 23:00:00,,,,,,,,,Andhra Pradesh,Visakhapatnam,17.6868,83.2185,State Representative,2026-09-30T12:29:19.691249+00:00,False
2026-09-30 00:00:00,16.3,17.1,310.0,8.5,1.9,49.0,64.0,41.0,Arunachal Pradesh,Itanagar,27.0844,93.6053,State Representative,2026-09-30T12:29:20.386901+00:00,True
2026-09-30 01:00:00,14.8,15.5,300.0,7.3,1.4,40.0,63.0,40.0,Arunachal Pradesh,Itanagar,27.0844,93.6053,State Representative,2026-09-30T12:29:20.386901+00:00,True
2026-09-30 02:00:00,13.3,13.8,289.0,6.6,1.0,33.0,63.0,37.0,Arunachal Pradesh,Itanagar,27.0844,93.6053,State Representative,2026-09-30T12:29:20.386901+00:00,True
2026-09-30 03:00:00,11.8,12.2,278.0,7.2,0.8,26.0,62.0,34.0,Arunachal Pradesh,Itanagar,27.0844,93.6053,State Representative,2026-09-30T12:29:20.386901+00:00,True
2026-09-30 04:00:00,11.0,11.4,266.0,8.4,0.8,21.0,61.0,32.0,Arunachal Pradesh,Itanagar,27.0844,93.6053,State Representative,2026-09-30T12:29:20.386901+00:00,True
2026-09-30 05:00:00,3.0,3.1,257.0,8.8,0.8,23.0,61.0,18.0,Arunachal Pradesh,Itanagar,27.0844,93.6053,State Representative,2026-09-30T12:29:20.386901+00:00,True
2026-09-30 06:00:00,4.4,4.5,254.0,6.6,1.1,47.0,60.0,18.0,Arunachal Pradesh,Itanagar,27.0844,93.6053,State Representative,2026-09-30T12:29:20.386901+00:00,True
2026-09-30 07:00:00,5.1,5.2,254.0,3.5,1.5,81.0,60.0,31.0,Arunachal Pradesh,Itanagar,27.0844,93.6053,State Representative,2026-09-30T12:29:20.386901+00:00,True
2026-09-30 08:00:00,4.0,4.0,253.0,1.2,1.8,106.0,59.0,46.0,Arunachal Pradesh,Itanagar,27.0844,93.6053,State Representative,2026-09-30T12:29:20.386901+00:00,True
2026-09-30 09:00:00,3.9,4.0,249.0,0.5,1.9,115.0,59.0,55.0,Arunachal Pradesh,Itanagar,27.0844,93.6053,State Representative,2026-09-30T12:29:20.386901+00:00,True
2026-09-30 10:00:00,4.4,4.5,243.0,0.5,1.9,115.0,58.0,55.0,Arunachal Pradesh,Itanagar,27.0844,93.6053,State Representative,2026-09-30T12:29:20.386901+00:00,True
2026-09-30 11:00:00,4.9,5.0,239.0,0.7,1.8,113.0,58.0,53.0,Arunachal Pradesh,Itanagar,27.0844,93.6053,State Representative,2026-09-30T12:29:20.386901+00:00,True
2026-09-30 12:00:00,5.2,5.3,235.0,0.6,1.7,111.0,58.0,51.0,Arunachal Pradesh,Itanagar,27.0844,93.6053,State Representative,2026-09-30T12:29:20.386901+00:00,True
2026-09-30 13:00:00,5.3,5.5,231.0,0.5,1.5,107.0,57.0,47.0,Arunachal Pradesh,Itanagar,27.0844,93.6053,State Representative,2026-09-30T12:29:20.386901+00:00,True
2026-09-30 14:00:00,6.2,6.4,234.0,1.2,1.4,102.0,57.0,42.0,Arunachal Pradesh,Itanagar,27.0844,93.6053,State Representative,2026-09-30T12:29:20.386901+00:00,True
2026-09-30 15:00:00,6.9,7.1,248.0,3.1,1.6,95.0,56.0,38.0,Arunachal Pradesh,Itanagar,27.0844,93.6053,State Representative,2026-09-30T12:29:20.386901+00:00,True
2026-09-30 16:00:00,8.9,9.2,268.0,5.8,1.9,86.0,56.0,33.0,Arunachal Pradesh,Itanagar,27.0844,93.6053,State Representative,2026-09-30T12:29:20.386901+00:00,True
2026-09-30 17:00:00,13.2,13.6,285.0,8.0,2.2,79.0,55.0,36.0,Arunachal Pradesh,Itanagar,27.0844,93.6053,State Representative,2026-09-30T12:29:20.386901+00:00,True
2026-09-30 18:00:00,17.4,17.9,295.0,9.6,2.5,73.0,55.0,41.0,Arunachal Pradesh,Itanagar,27.0844,93.6053,State Representative,2026-09-30T12:29:20.386901+00:00,True
2026-09-30 19:00:00,18.9,19.6,303.0,10.9,2.9,68.0,54.0,42.0,Arunachal Pradesh,Itanagar,27.0844,93.6053,State Representative,2026-09-30T12:29:20.386901+00:00,True
2026-09-30 20:00:00,20.3,21.2,313.0,11.2,3.1,66.0,54.0,43.0,Arunachal Pradesh,Itanagar,27.0844,93.6053,State Representative,2026-09-30T12:29:20.386901+00:00,True
2026-09-30 21:00:00,21.3,22.4,331.0,10.0,3.1,70.0,54.0,44.0,Arunachal Pradesh,Itanagar,27.0844,93.6053,State Representative,2026-09-30T12:29:20.386901+00:00,True
2026-09-30 22:00:00,17.3,18.1,352.0,7.8,2.9,77.0,54.0,41.0,Arunachal Pradesh,Itanagar,27.0844,93.6053,State Representative,2026-09-30T12:29:20.386901+00:00,True
2026-09-30 23:00:00,16.6,17.3,360.0,6.4,2.8,82.0,53.0,41.0,Arunachal Pradesh,Itanagar,27.0844,93.6053,State Representative,2026-09-30T12:29:20.386901+00:00,True
2026-10-01 00:00:00,17.7,18.6,345.0,6.5,2.7,82.0,53.0,42.0,Arunachal Pradesh,Itanagar,27.0844,93.6053,State Representative,2026-09-30T12:29:20.386901+00:00,True
2026-10-01 01:00:00,19.4,20.2,317.0,7.2,2.7,79.0,53.0,43.0,Arunachal Pradesh,Itanagar,27.0844,93.6053,State Representative,2026-09-30T12:29:20.386901+00:00,True
2026-10-01 02:00:00,18.2,18.9,293.0,8.0,2.7,76.0,53.0,42.0,Arunachal Pradesh,Itanagar,27.0844,93.6053,State Representative,2026-09-30T12:29:20.386901+00:00,True
2026-10-01 03:00:00,16.5,17.1,278.0,8.9,2.7,71.0,54.0,41.0,Arunachal Pradesh,Itanagar,27.0844,93.6053,State Representative,2026-09-30T12:29:20.386901+00:00,True
2026-10-01 04:00:00,15.3,15.9,266.0,9.8,2.7,65.0,54.0,40.0,Arunachal Pradesh,Itanagar,27.0844,93.6053,State Representative,2026-09-30T12:29:20.386901+00:00,True
2026-10-01 05:00:00,17.1,17.8,257.0,9.6,2.7,64.0,55.0,41.0,Arunachal Pradesh,Itanagar,27.0844,93.6053,State Representative,2026-09-30T12:29:20.386901+00:00,True
2026-10-01 06:00:00,12.7,13.1,252.0,7.3,2.5,73.0,56.0,35.0,Arunachal Pradesh,Itanagar,27.0844,93.6053,State Representative,2026-09-30T12:29:20.386901+00:00,True
2026-10-01 07:00:00,10.6,10.7,250.0,4.0,2.3,88.0,56.0,34.0,Arunachal Pradesh,Itanagar,27.0844,93.6053,State Representative,2026-09-30T12:29:20.386901+00:00,True
2026-10-01 08:00:00,7.4,7.7,248.0,1.5,2.1,99.0,57.0,40.0,Arunachal Pradesh,Itanagar,27.0844,93.6053,State Representative,2026-09-30T12:29:20.386901+00:00,True
2026-10-01 09:00:00,8.6,9.1,243.0,0.7,1.9,104.0,57.0,44.0,Arunachal Pradesh,Itanagar,27.0844,93.6053,State Representative,2026-09-30T12:29:20.386901+00:00,True
2026-10-01 10:00:00,9.1,9.7,237.0,0.8,1.8,106.0,57.0,46.0,Arunachal Pradesh,Itanagar,27.0844,93.6053,State Representative,2026-09-30T12:29:20.386901+00:00,True
2026-10-01 11:00:00,9.2,9.7,237.0,0.9,1.7,107.0,58.0,47.0,Arunachal Pradesh,Itanagar,27.0844,93.6053,State Representative,2026-09-30T12:29:20.386901+00:00,True
2026-10-01 12:00:00,9.5,10.1,246.0,0.7,1.7,108.0,58.0,48.0,Arunachal Pradesh,Itanagar,27.0844,93.6053,State Representative,2026-09-30T12:29:20.386901+00:00,True
2026-10-01 13:00:00,10.0,10.5,260.0,0.7,1.7,108.0,58.0,48.0,Arunachal Pradesh,Itanagar,27.0844,93.6053,State Representative,2026-09-30T12:29:20.386901+00:00,True
2026-10-01 14:00:00,10.7,11.1,278.0,1.2,1.8,106.0,59.0,46.0,Arunachal Pradesh,Itanagar,27.0844,93.6053,State Representative,2026-09-30T12:29:20.386901+00:00,True
2026-10-01 15:00:00,10.7,11.1,303.0,2.7,2.0,100.0,59.0,40.0,Arunachal Pradesh,Itanagar,27.0844,93.6053,State Representative,2026-09-30T12:29:20.386901+00:00,True
2026-10-01 16:00:00,12.0,12.3,333.0,4.9,2.2,91.0,59.0,36.0,Arunachal Pradesh,Itanagar,27.0844,93.6053,State Representative,2026-09-30T12:29:20.386901+00:00,True
2026-10-01 17:00:00,15.4,15.8,352.0,6.9,2.5,84.0,60.0,40.0,Arunachal Pradesh,Itanagar,27.0844,93.6053,State Representative,2026-09-30T12:29:20.386901+00:00,True
2026-10-01 18:00:00,19.1,19.5,352.0,8.9,2.9,79.0,60.0,42.0,Arunachal Pradesh,Itanagar,27.0844,93.6053,State Representative,2026-09-30T12:29:20.386901+00:00,True
2026-10-01 19:00:00,20.4,20.9,342.0,10.8,3.4,76.0,60.0,43.0,Arunachal Pradesh,Itanagar,27.0844,93.6053,State Representative,2026-09-30T12:29:20.386901+00:00,True
2026-10-01 20:00:00,22.4,22.8,338.0,11.5,3.6,76.0,60.0,44.0,Arunachal Pradesh,Itanagar,27.0844,93.6053,State Representative,2026-09-30T12:29:20.386901+00:00,True
2026-10-01 21:00:00,23.2,23.7,351.0,10.1,3.4,80.0,60.0,45.0,Arunachal Pradesh,Itanagar,27.0844,93.6053,State Representative,2026-09-30T12:29:20.386901+00:00,True
2026-10-01 22:00:00,20.9,21.4,371.0,7.6,3.0,87.0,60.0,43.0,Arunachal Pradesh,Itanagar,27.0844,93.6053,State Representative,2026-09-30T12:29:20.386901+00:00,True
2026-10-01 23:00:00,19.3,19.8,382.0,5.6,2.7,92.0,61.0,42.0,Arunachal Pradesh,Itanagar,27.0844,93.6053,State Representative,2026-09-30T12:29:20.386901+00:00,True
2026-10-02 00:00:00,15.3,15.7,376.0,5.0,2.6,93.0,61.0,40.0,Arunachal Pradesh,Itanagar,27.0844,93.6053,State Representative,2026-09-30T12:29:20.386901+00:00,True
2026-10-02 01:00:00,17.0,17.5,360.0,5.0,2.6,91.0,61.0,41.0,Arunachal Pradesh,Itanagar,27.0844,93.6053,State Representative,2026-09-30T12:29:20.386901+00:00,True
2026-10-02 02:00:00,16.6,17.1,348.0,5.1,2.7,90.0,61.0,41.0,Arunachal Pradesh,Itanagar,27.0844,93.6053,State Representative,2026-09-30T12:29:20.386901+00:00,True
2026-10-02 03:00:00,16.2,16.8,343.0,5.4,2.9,90.0,60.0,41.0,Arunachal Pradesh,Itanagar,27.0844,93.6053,State Representative,2026-09-30T12:29:20.386901+00:00,True
2026-10-02 04:00:00,15.8,16.2,340.0,5.9,3.1,90.0,60.0,40.0,Arunachal Pradesh,Itanagar,27.0844,93.6053,State Representative,2026-09-30T12:29:20.386901+00:00,True
2026-10-02 05:00:00,16.2,16.8,339.0,5.9,3.2,92.0,60.0,41.0,Arunachal Pradesh,Itanagar,27.0844,93.6053,State Representative,2026-09-30T12:29:20.386901+00:00,True
2026-10-02 06:00:00,14.9,15.4,339.0,4.9,3.1,96.0,60.0,40.0,Arunachal Pradesh,Itanagar,27.0844,93.6053,State Representative,2026-09-30T12:29:20.386901+00:00,True
2026-10-02 07:00:00,12.9,13.3,340.0,3.5,2.9,101.0,61.0,41.0,Arunachal Pradesh,Itanagar,27.0844,93.6053,State Representative,2026-09-30T12:29:20.386901+00:00,True
2026-10-02 08:00:00,9.3,9.8,339.0,2.3,2.7,107.0,61.0,47.0,Arunachal Pradesh,Itanagar,27.0844,93.6053,State Representative,2026-09-30T12:29:20.386901+00:00,True
2026-10-02 09:00:00,8.4,8.9,335.0,1.7,2.6,113.0,61.0,53.0,Arunachal Pradesh,Itanagar,27.0844,93.6053,State Representative,2026-09-30T12:29:20.386901+00:00,True
2026-10-02 10:00:00,8.5,9.0,331.0,1.3,2.6,120.0,61.0,60.0,Arunachal Pradesh,Itanagar,27.0844,93.6053,State Representative,2026-09-30T12:29:20.386901+00:00,True
2026-10-02 11:00:00,8.6,9.1,327.0,1.0,2.6,125.0,61.0,63.0,Arunachal Pradesh,Itanagar,27.0844,93.6053,State Representative,2026-09-30T12:29:20.386901+00:00,True
2026-10-02 12:00:00,9.6,10.2,324.0,0.7,2.6,127.0,61.0,64.0,Arunachal Pradesh,Itanagar,27.0844,93.6053,State Representative,2026-09-30T12:29:20.386901+00:00,True
2026-10-02 13:00:00,10.9,11.8,322.0,0.6,2.6,127.0,61.0,64.0,Arunachal Pradesh,Itanagar,27.0844,93.6053,State Representative,2026-09-30T12:29:20.386901+00:00,True
2026-10-02 14:00:00,12.4,13.4,326.0,0.9,2.7,124.0,61.0,62.0,Arunachal Pradesh,Itanagar,27.0844,93.6053,State Representative,2026-09-30T12:29:20.386901+00:00,True
2026-10-02 15:00:00,13.8,14.9,344.0,1.9,2.8,116.0,67.0,56.0,Arunachal Pradesh,Itanagar,27.0844,93.6053,State Representative,2026-09-30T12:29:20.386901+00:00,True
2026-10-02 16:00:00,15.5,16.6,368.0,3.4,2.8,105.0,71.0,45.0,Arunachal Pradesh,Itanagar,27.0844,93.6053,State Representative,2026-09-30T12:29:20.386901+00:00,True
2026-10-02 17:00:00,18.0,19.2,384.0,4.7,3.0,97.0,70.0,42.0,Arunachal Pradesh,Itanagar,27.0844,93.6053,State Representative,2026-09-30T12:29:20.386901+00:00,True
2026-10-02 18:00:00,19.3,20.6,378.0,5.7,3.3,94.0,67.0,42.0,Arunachal Pradesh,Itanagar,27.0844,93.6053,State Representative,2026-09-30T12:29:20.386901+00:00,True
2026-10-02 19:00:00,22.2,23.5,362.0,6.4,3.7,94.0,62.0,44.0,Arunachal Pradesh,Itanagar,27.0844,93.6053,State Representative,2026-09-30T12:29:20.386901+00:00,True
2026-10-02 20:00:00,23.3,24.9,363.0,6.7,4.0,96.0,62.0,45.0,Arunachal Pradesh,Itanagar,27.0844,93.6053,State Representative,2026-09-30T12:29:20.386901+00:00,True
2026-10-02 21:00:00,24.1,25.7,398.0,6.2,4.1,100.0,62.0,45.0,Arunachal Pradesh,Itanagar,27.0844,93.6053,State Representative,2026-09-30T12:29:20.386901+00:00,True
2026-10-02 22:00:00,25.0,26.7,449.0,5.2,4.1,105.0,62.0,46.0,Arunachal Pradesh,Itanagar,27.0844,93.6053,State Representative,2026-09-30T12:29:20.386901+00:00,True
2026-10-02 23:00:00,24.9,26.8,484.0,4.3,4.2,110.0,62.0,50.0,Arunachal Pradesh,Itanagar,27.0844,93.6053,State Representative,2026-09-30T12:29:20.386901+00:00,True
2026-10-03 00:00:00,23.7,25.7,486.0,3.6,4.4,116.0,63.0,56.0,Arunachal Pradesh,Itanagar,27.0844,93.6053,State Representative,2026-09-30T12:29:20.386901+00:00,True
2026-10-03 01:00:00,22.9,25.0,473.0,3.0,4.6,123.0,63.0,62.0,Arunachal Pradesh,Itanagar,27.0844,93.6053,State Representative,2026-09-30T12:29:20.386901+00:00,True
2026-10-03 02:00:00,22.0,24.1,457.0,2.7,4.7,125.0,64.0,63.0,Arunachal Pradesh,Itanagar,27.0844,93.6053,State Representative,2026-09-30T12:29:20.386901+00:00,True
2026-10-03 03:00:00,20.4,22.4,444.0,2.8,4.3,117.0,64.0,57.0,Arunachal Pradesh,Itanagar,27.0844,93.6053,State Representative,2026-09-30T12:29:20.386901+00:00,True
2026-10-03 04:00:00,19.5,21.4,430.0,3.2,3.8,104.0,65.0,44.0,Arunachal Pradesh,Itanagar,27.0844,93.6053,State Representative,2026-09-30T12:29:20.386901+00:00,True
2026-10-03 05:00:00,17.9,19.4,416.0,3.2,3.6,98.0,65.0,42.0,Arunachal Pradesh,Itanagar,27.0844,93.6053,State Representative,2026-09-30T12:29:20.386901+00:00,True
2026-10-03 06:00:00,17.3,18.6,403.0,2.6,4.2,106.0,65.0,46.0,Arunachal Pradesh,Itanagar,27.0844,93.6053,State Representative,2026-09-30T12:29:20.386901+00:00,True
2026-10-03 07:00:00,16.8,18.3,390.0,1.7,5.1,121.0,65.0,61.0,Arunachal Pradesh,Itanagar,27.0844,93.6053,State Representative,2026-09-30T12:29:20.386901+00:00,True
2026-10-03 08:00:00,17.7,19.6,379.0,1.0,5.7,133.0,66.0,67.0,Arunachal Pradesh,Itanagar,27.0844,93.6053,State Representative,2026-09-30T12:29:20.386901+00:00,True
2026-10-03 09:00:00,22.1,24.8,368.0,0.7,5.7,136.0,66.0,68.0,Arunachal Pradesh,Itanagar,27.0844,93.6053,State Representative,2026-09-30T12:29:20.386901+00:00,True
2026-10-03 10:00:00,22.1,25.1,359.0,0.6,5.3,136.0,67.0,68.0,Arunachal Pradesh,Itanagar,27.0844,93.6053,State Representative,2026-09-30T12:29:20.386901+00:00,True
2026-10-03 11:00:00,23.0,26.2,352.0,0.6,5.1,136.0,69.0,68.0,Arunachal Pradesh,Itanagar,27.0844,93.6053,State Representative,2026-09-30T12:29:20.386901+00:00,True
2026-10-03 12:00:00,25.9,29.6,347.0,0.5,5.2,138.0,73.0,69.0,Arunachal Pradesh,Itanagar,27.0844,93.6053,State Representative,2026-09-30T12:29:20.386901+00:00,True
2026-10-03 13:00:00,26.3,30.4,345.0,0.5,5.3,139.0,80.0,70.0,Arunachal Pradesh,Itanagar,27.0844,93.6053,State Representative,2026-09-30T12:29:20.386901+00:00,True
2026-10-03 14:00:00,27.4,32.0,350.0,0.8,5.4,137.0,89.0,69.0,Arunachal Pradesh,Itanagar,27.0844,93.6053,State Representative,2026-09-30T12:29:20.386901+00:00,True
2026-10-03 15:00:00,29.6,34.7,363.0,1.7,5.3,130.0,95.0,65.0,Arunachal Pradesh,Itanagar,27.0844,93.6053,State Representative,2026-09-30T12:29:20.386901+00:00,True
2026-10-03 16:00:00,30.0,34.7,383.0,2.9,5.1,119.0,97.0,59.0,Arunachal Pradesh,Itanagar,27.0844,93.6053,State Representative,2026-09-30T12:29:20.386901+00:00,True
2026-10-03 17:00:00,32.5,37.0,406.0,4.3,5.1,110.0,94.0,50.0,Arunachal Pradesh,Itanagar,27.0844,93.6053,State Representative,2026-09-30T12:29:20.386901+00:00,True
2026-10-03 18:00:00,35.9,40.6,437.0,6.3,5.3,102.0,89.0,52.0,Arunachal Pradesh,Itanagar,27.0844,93.6053,State Representative,2026-09-30T12:29:20.386901+00:00,True
2026-10-03 19:00:00,39.1,44.0,470.0,8.6,5.6,96.0,82.0,54.0,Arunachal Pradesh,Itanagar,27.0844,93.6053,State Representative,2026-09-30T12:29:20.386901+00:00,True
2026-10-03 20:00:00,41.7,46.6,487.0,9.7,5.9,93.0,79.0,55.0,Arunachal Pradesh,Itanagar,27.0844,93.6053,State Representative,2026-09-30T12:29:20.386901+00:00,True
2026-10-03 21:00:00,41.0,46.1,474.0,8.8,6.1,96.0,81.0,55.0,Arunachal Pradesh,Itanagar,27.0844,93.6053,State Representative,2026-09-30T12:29:20.386901+00:00,True
2026-10-03 22:00:00,39.6,44.9,445.0,6.8,6.1,103.0,82.0,54.0,Arunachal Pradesh,Itanagar,27.0844,93.6053,State Representative,2026-09-30T12:29:20.386901+00:00,True
2026-10-03 23:00:00,37.3,42.6,421.0,5.1,6.1,109.0,83.0,53.0,Arunachal Pradesh,Itanagar,27.0844,93.6053,State Representative,2026-09-30T12:29:20.386901+00:00,True
2026-10-04 00:00:00,34.2,39.1,413.0,4.2,5.8,111.0,84.0,51.0,Arunachal Pradesh,Itanagar,27.0844,93.6053,State Representative,2026-09-30T12:29:20.386901+00:00,True
2026-10-04 01:00:00,32.7,37.8,410.0,3.6,5.4,111.0,85.0,51.0,Arunachal Pradesh,Itanagar,27.0844,93.6053,State Representative,2026-09-30T12:29:20.386901+00:00,True
2026-10-04 02:00:00,30.6,35.4,403.0,3.4,5.2,111.0,86.0,51.0,Arunachal Pradesh,Itanagar,27.0844,93.6053,State Representative,2026-09-30T12:29:20.386901+00:00,True
2026-10-04 03:00:00,30.7,35.5,383.0,3.7,5.3,111.0,87.0,51.0,Arunachal Pradesh,Itanagar,27.0844,93.6053,State Representative,2026-09-30T12:29:20.386901+00:00,True
2026-10-04 04:00:00,33.5,38.5,360.0,4.4,5.5,111.0,87.0,51.0,Arunachal Pradesh,Itanagar,27.0844,93.6053,State Representative,2026-09-30T12:29:20.386901+00:00,True
2026-10-04 05:00:00,32.4,37.4,362.3,4.6,5.6,112.0,88.0,52.0,Arunachal Pradesh,Itanagar,27.0844,93.6053,State Representative,2026-09-30T12:29:20.386901+00:00,True
2026-10-04 06:00:00,28.3,33.1,370.5,3.8,5.4,116.0,90.0,56.0,Arunachal Pradesh,Itanagar,27.0844,93.6053,State Representative,2026-09-30T12:29:20.386901+00:00,True
2026-10-04 07:00:00,25.7,30.3,374.5,2.5,5.1,121.0,90.0,61.0,Arunachal Pradesh,Itanagar,27.0844,93.6053,State Representative,2026-09-30T12:29:20.386901+00:00,True
2026-10-04 08:00:00,25.0,29.2,376.0,1.5,4.8,125.0,91.0,63.0,Arunachal Pradesh,Itanagar,27.0844,93.6053,State Representative,2026-09-30T12:29:20.386901+00:00,True
2026-10-04 09:00:00,26.8,31.4,377.0,1.1,4.6,128.0,92.0,64.0,Arunachal Pradesh,Itanagar,27.0844,93.6053,State Representative,2026-09-30T12:29:20.386901+00:00,True
2026-10-04 10:00:00,25.1,29.6,382.0,1.0,4.5,129.0,92.0,65.0,Arunachal Pradesh,Itanagar,27.0844,93.6053,State Representative,2026-09-30T12:29:20.386901+00:00,True
2026-10-04 11:00:00,24.7,28.8,386.0,1.0,4.4,129.0,92.0,65.0,Arunachal Pradesh,Itanagar,27.0844,93.6053,State Representative,2026-09-30T12:29:20.386901+00:00,True
2026-10-04 12:00:00,24.5,28.5,385.0,0.8,4.2,127.0,92.0,64.0,Arunachal Pradesh,Itanagar,27.0844,93.6053,State Representative,2026-09-30T12:29:20.386901+00:00,True
2026-10-04 13:00:00,23.4,27.4,383.0,0.8,4.1,123.0,92.0,62.0,Arunachal Pradesh,Itanagar,27.0844,93.6053,State Representative,2026-09-30T12:29:20.386901+00:00,True
2026-10-04 14:00:00,22.7,26.4,385.0,1.1,3.9,118.0,92.0,58.0,Arunachal Pradesh,Itanagar,27.0844,93.6053,State Representative,2026-09-30T12:29:20.386901+00:00,True
2026-10-04 15:00:00,22.5,26.1,392.0,2.2,3.7,111.0,92.0,51.0,Arunachal Pradesh,Itanagar,27.0844,93.6053,State Representative,2026-09-30T12:29:20.386901+00:00,True
2026-10-04 16:00:00,21.2,24.2,404.0,3.7,3.5,104.0,91.0,44.0,Arunachal Pradesh,Itanagar,27.0844,93.6053,State Representative,2026-09-30T12:29:20.386901+00:00,True
2026-10-04 17:00:00,21.9,24.9,418.0,5.1,3.5,98.0,90.0,44.0,Arunachal Pradesh,Itanagar,27.0844,93.6053,State Representative,2026-09-30T12:29:20.386901+00:00,True
2026-10-04 18:00:00,23.5,26.3,442.0,6.4,3.8,95.0,90.0,45.0,Arunachal Pradesh,Itanagar,27.0844,93.6053,State Representative,2026-09-30T12:29:20.386901+00:00,True
2026-10-04 19:00:00,24.7,27.5,468.0,7.6,4.1,94.0,89.0,46.0,Arunachal Pradesh,Itanagar,27.0844,93.6053,State Representative,2026-09-30T12:29:20.386901+00:00,True
2026-10-04 20:00:00,25.5,28.1,481.0,8.1,4.3,95.0,88.0,46.0,Arunachal Pradesh,Itanagar,27.0844,93.6053,State Representative,2026-09-30T12:29:20.386901+00:00,True
2026-10-04 21:00:00,23.3,26.0,468.0,7.4,4.1,100.0,86.0,45.0,Arunachal Pradesh,Itanagar,27.0844,93.6053,State Representative,2026-09-30T12:29:20.386901+00:00,True
2026-10-04 22:00:00,20.1,22.5,440.0,6.0,3.6,108.0,85.0,48.0,Arunachal Pradesh,Itanagar,27.0844,93.6053,State Representative,2026-09-30T12:29:20.386901+00:00,True
2026-10-04 23:00:00,18.0,20.3,416.0,4.9,3.1,110.0,83.0,50.0,Arunachal Pradesh,Itanagar,27.0844,93.6053,State Representative,2026-09-30T12:29:20.386901+00:00,True
2026-10-05 00:00:00,16.2,18.2,402.0,4.6,2.6,102.0,82.0,42.0,Arunachal Pradesh,Itanagar,27.0844,93.6053,State Representative,2026-09-30T12:29:20.386901+00:00,True
2026-10-05 01:00:00,14.2,15.7,393.0,4.7,2.1,90.0,80.0,38.0,Arunachal Pradesh,Itanagar,27.0844,93.6053,State Representative,2026-09-30T12:29:20.386901+00:00,True
2026-10-05 02:00:00,12.3,13.5,384.0,4.7,1.7,82.0,79.0,35.0,Arunachal Pradesh,Itanagar,27.0844,93.6053,State Representative,2026-09-30T12:29:20.386901+00:00,True
2026-10-05 03:00:00,10.5,11.6,376.0,4.6,1.4,83.0,78.0,32.0,Arunachal Pradesh,Itanagar,27.0844,93.6053,State Representative,2026-09-30T12:29:20.386901+00:00,True
2026-10-05 04:00:00,9.4,10.4,369.0,4.5,1.3,89.0,76.0,35.0,Arunachal Pradesh,Itanagar,27.0844,93.6053,State Representative,2026-09-30T12:29:20.386901+00:00,True
2026-10-05 05:00:00,8.7,9.6,364.0,4.4,1.2,93.0,74.0,37.0,Arunachal Pradesh,Itanagar,27.0844,93.6053,State Representative,2026-09-30T12:29:20.386901+00:00,True
2026-10-05 06:00:00,,,,,,,72.0,,Arunachal Pradesh,Itanagar,27.0844,93.6053,State Representative,2026-09-30T12:29:20.386901+00:00,False
2026-10-05 07:00:00,,,,,,,,,Arunachal Pradesh,Itanagar,27.0844,93.6053,State Representative,2026-09-30T12:29:20.386901+00:00,False
2026-10-05 08:00:00,,,,,,,,,Arunachal Pradesh,Itanagar,27.0844,93.6053,State Representative,2026-09-30T12:29:20.386901+00:00,False
2026-10-05 09:00:00,,,,,,,,,Arunachal Pradesh,Itanagar,27.0844,93.6053,State Representative,2026-09-30T12:29:20.386901+00:00,False
2026-10-05 10:00:00,,,,,,,,,Arunachal Pradesh,Itanagar,27.0844,93.6053,State Representative,2026-09-30T12:29:20.386901+00:00,False
2026-10-05 11:00:00,,,,,,,,,Arunachal Pradesh,Itanagar,27.0844,93.6053,State Representative,2026-09-30T12:29:20.386901+00:00,False
2026-10-05 12:00:00,,,,,,,,,Arunachal Pradesh,Itanagar,27.0844,93.6053,State Representative,2026-09-30T12:29:20.386901+00:00,False
2026-10-05 13:00:00,,,,,,,,,Arunachal Pradesh,Itanagar,27.0844,93.6053,State Representative,2026-09-30T12:29:20.386901+00:00,False
2026-10-05 14:00:00,,,,,,,,,Arunachal Pradesh,Itanagar,27.0844,93.6053,State Representative,2026-09-30T12:29:20.386901+00:00,False
2026-10-05 15:00:00,,,,,,,,,Arunachal Pradesh,Itanagar,27.0844,93.6053,State Representative,2026-09-30T12:29:20.386901+00:00,False
2026-10-05 16:00:00,,,,,,,,,Arunachal Pradesh,Itanagar,27.0844,93.6053,State Representative,2026-09-30T12:29:20.386901+00:00,False
2026-10-05 17:00:00,,,,,,,,,Arunachal Pradesh,Itanagar,27.0844,93.6053,State Representative,2026-09-30T12:29:20.386901+00:00,False
2026-10-05 18:00:00,,,,,,,,,Arunachal Pradesh,Itanagar,27.0844,93.6053,State Representative,2026-09-30T12:29:20.386901+00:00,False
2026-10-05 19:00:00,,,,,,,,,Arunachal Pradesh,Itanagar,27.0844,93.6053,State Representative,2026-09-30T12:29:20.386901+00:00,False
2026-10-05 20:00:00,,,,,,,,,Arunachal Pradesh,Itanagar,27.0844,93.6053,State Representative,2026-09-30T12:29:20.386901+00:00,False
2026-10-05 21:00:00,,,,,,,,,Arunachal Pradesh,Itanagar,27.0844,93.6053,State Representative,2026-09-30T12:29:20.386901+00:00,False
2026-10-05 22:00:00,,,,,,,,,Arunachal Pradesh,Itanagar,27.0844,93.6053,State Representative,2026-09-30T12:29:20.386901+00:00,False
2026-10-05 23:00:00,,,,,,,,,Arunachal Pradesh,Itanagar,27.0844,93.6053,State Representative,2026-09-30T12:29:20.386901+00:00,False
2026-10-06 00:00:00,,,,,,,,,Arunachal Pradesh,Itanagar,27.0844,93.6053,State Representative,2026-09-30T12:29:20.386901+00:00,False
2026-10-06 01:00:00,,,,,,,,,Arunachal Pradesh,Itanagar,27.0844,93.6053,State Representative,2026-09-30T12:29:20.386901+00:00,False
2026-10-06 02:00:00,,,,,,,,,Arunachal Pradesh,Itanagar,27.0844,93.6053,State Representative,2026-09-30T12:29:20.386901+00:00,False
2026-10-06 03:00:00,,,,,,,,,Arunachal Pradesh,Itanagar,27.0844,93.6053,State Representative,2026-09-30T12:29:20.386901+00:00,False
2026-10-06 04:00:00,,,,,,,,,Arunachal Pradesh,Itanagar,27.0844,93.6053,State Representative,2026-09-30T12:29:20.386901+00:00,False
2026-10-06 05:00:00,,,,,,,,,Arunachal Pradesh,Itanagar,27.0844,93.6053,State Representative,2026-09-30T12:29:20.386901+00:00,False
2026-10-06 06:00:00,,,,,,,,,Arunachal Pradesh,Itanagar,27.0844,93.6053,State Representative,2026-09-30T12:29:20.386901+00:00,False
2026-10-06 07:00:00,,,,,,,,,Arunachal Pradesh,Itanagar,27.0844,93.6053,State Representative,2026-09-30T12:29:20.386901+00:00,False
2026-10-06 08:00:00,,,,,,,,,Arunachal Pradesh,Itanagar,27.0844,93.6053,State Representative,2026-09-30T12:29:20.386901+00:00,False
2026-10-06 09:00:00,,,,,,,,,Arunachal Pradesh,Itanagar,27.0844,93.6053,State Representative,2026-09-30T12:29:20.386901+00:00,False
2026-10-06 10:00:00,,,,,,,,,Arunachal Pradesh,Itanagar,27.0844,93.6053,State Representative,2026-09-30T12:29:20.386901+00:00,False
2026-10-06 11:00:00,,,,,,,,,Arunachal Pradesh,Itanagar,27.0844,93.6053,State Representative,2026-09-30T12:29:20.386901+00:00,False
2026-10-06 12:00:00,,,,,,,,,Arunachal Pradesh,Itanagar,27.0844,93.6053,State Representative,2026-09-30T12:29:20.386901+00:00,False
2026-10-06 13:00:00,,,,,,,,,Arunachal Pradesh,Itanagar,27.0844,93.6053,State Representative,2026-09-30T12:29:20.386901+00:00,False
2026-10-06 14:00:00,,,,,,,,,Arunachal Pradesh,Itanagar,27.0844,93.6053,State Representative,2026-09-30T12:29:20.386901+00:00,False
2026-10-06 15:00:00,,,,,,,,,Arunachal Pradesh,Itanagar,27.0844,93.6053,State Representative,2026-09-30T12:29:20.386901+00:00,False
2026-10-06 16:00:00,,,,,,,,,Arunachal Pradesh,Itanagar,27.0844,93.6053,State Representative,2026-09-30T12:29:20.386901+00:00,False
2026-10-06 17:00:00,,,,,,,,,Arunachal Pradesh,Itanagar,27.0844,93.6053,State Representative,2026-09-30T12:29:20.386901+00:00,False
2026-10-06 18:00:00,,,,,,,,,Arunachal Pradesh,Itanagar,27.0844,93.6053,State Representative,2026-09-30T12:29:20.386901+00:00,False
2026-10-06 19:00:00,,,,,,,,,Arunachal Pradesh,Itanagar,27.0844,93.6053,State Representative,2026-09-30T12:29:20.386901+00:00,False
2026-10-06 20:00:00,,,,,,,,,Arunachal Pradesh,Itanagar,27.0844,93.6053,State Representative,2026-09-30T12:29:20.386901+00:00,False
2026-10-06 21:00:00,,,,,,,,,Arunachal Pradesh,Itanagar,27.0844,93.6053,State Representative,2026-09-30T12:29:20.386901+00:00,False
2026-10-06 22:00:00,,,,,,,,,Arunachal Pradesh,Itanagar,27.0844,93.6053,State Representative,2026-09-30T12:29:20.386901+00:00,False
2026-10-06 23:00:00,,,,,,,,,Arunachal Pradesh,Itanagar,27.0844,93.6053,State Representative,2026-09-30T12:29:20.386901+00:00,False
2026-09-30 00:00:00,28.5,29.8,276.0,9.8,2.3,33.0,88.0,48.0,Assam,Guwahati,26.1445,91.7362,State Representative,2026-09-30T12:29:21.081910+00:00,True
2026-09-30 01:00:00,27.9,29.2,282.0,10.3,2.2,30.0,88.0,47.0,Assam,Guwahati,26.1445,91.7362,State Representative,2026-09-30T12:29:21.081910+00:00,True
2026-09-30 02:00:00,28.9,30.3,295.0,10.7,2.1,27.0,88.0,48.0,Assam,Guwahati,26.1445,91.7362,State Representative,2026-09-30T12:29:21.081910+00:00,True
2026-09-30 03:00:00,27.7,29.0,324.0,10.9,1.9,22.0,88.0,47.0,Assam,Guwahati,26.1445,91.7362,State Representative,2026-09-30T12:29:21.081910+00:00,True
2026-09-30 04:00:00,26.8,28.1,360.0,11.0,1.8,18.0,88.0,47.0,Assam,Guwahati,26.1445,91.7362,State Representative,2026-09-30T12:29:21.081910+00:00,True
2026-09-30 05:00:00,21.2,22.1,387.0,9.4,2.7,40.0,88.0,44.0,Assam,Guwahati,26.1445,91.7362,State Representative,2026-09-30T12:29:21.081910+00:00,True
2026-09-30 06:00:00,21.7,23.1,395.0,7.1,3.5,64.0,88.0,44.0,Assam,Guwahati,26.1445,91.7362,State Representative,2026-09-30T12:29:21.081910+00:00,True
2026-09-30 07:00:00,23.3,25.4,394.0,4.0,4.6,97.0,87.0,45.0,Assam,Guwahati,26.1445,91.7362,State Representative,2026-09-30T12:29:21.081910+00:00,True
2026-09-30 08:00:00,23.7,25.9,391.0,1.7,5.3,122.0,87.0,61.0,Assam,Guwahati,26.1445,91.7362,State Representative,2026-09-30T12:29:21.081910+00:00,True
2026-09-30 09:00:00,23.1,25.3,390.0,0.9,5.2,130.0,87.0,65.0,Assam,Guwahati,26.1445,91.7362,State Representative,2026-09-30T12:29:21.081910+00:00,True
2026-09-30 10:00:00,22.6,24.7,388.0,0.8,4.8,130.0,87.0,65.0,Assam,Guwahati,26.1445,91.7362,State Representative,2026-09-30T12:29:21.081910+00:00,True
2026-09-30 11:00:00,22.3,24.3,384.0,0.9,4.4,128.0,86.0,64.0,Assam,Guwahati,26.1445,91.7362,State Representative,2026-09-30T12:29:21.081910+00:00,True
2026-09-30 12:00:00,22.2,24.1,375.0,0.7,4.2,129.0,86.0,65.0,Assam,Guwahati,26.1445,91.7362,State Representative,2026-09-30T12:29:21.081910+00:00,True
2026-09-30 13:00:00,22.2,24.1,363.0,0.7,4.1,128.0,86.0,64.0,Assam,Guwahati,26.1445,91.7362,State Representative,2026-09-30T12:29:21.081910+00:00,True
2026-09-30 14:00:00,22.2,23.9,356.0,1.2,4.0,123.0,86.0,62.0,Assam,Guwahati,26.1445,91.7362,State Representative,2026-09-30T12:29:21.081910+00:00,True
2026-09-30 15:00:00,22.4,24.0,359.0,2.9,3.9,109.0,86.0,49.0,Assam,Guwahati,26.1445,91.7362,State Representative,2026-09-30T12:29:21.081910+00:00,True
2026-09-30 16:00:00,23.8,24.9,366.0,5.2,3.7,91.0,85.0,45.0,Assam,Guwahati,26.1445,91.7362,State Representative,2026-09-30T12:29:21.081910+00:00,True
2026-09-30 17:00:00,25.3,26.1,368.0,6.9,3.5,75.0,85.0,46.0,Assam,Guwahati,26.1445,91.7362,State Representative,2026-09-30T12:29:21.081910+00:00,True
2026-09-30 18:00:00,23.7,24.3,360.0,7.6,3.1,64.0,84.0,45.0,Assam,Guwahati,26.1445,91.7362,State Representative,2026-09-30T12:29:21.081910+00:00,True
2026-09-30 19:00:00,20.8,21.2,347.0,7.9,2.5,57.0,83.0,43.0,Assam,Guwahati,26.1445,91.7362,State Representative,2026-09-30T12:29:21.081910+00:00,True
2026-09-30 20:00:00,20.0,20.3,335.0,7.8,2.1,52.0,82.0,43.0,Assam,Guwahati,26.1445,91.7362,State Representative,2026-09-30T12:29:21.081910+00:00,True
2026-09-30 21:00:00,18.8,19.1,326.0,7.4,1.9,52.0,80.0,42.0,Assam,Guwahati,26.1445,91.7362,State Representative,2026-09-30T12:29:21.081910+00:00,True
2026-09-30 22:00:00,16.5,16.9,317.0,6.8,1.8,56.0,79.0,41.0,Assam,Guwahati,26.1445,91.7362,State Representative,2026-09-30T12:29:21.081910+00:00,True
2026-09-30 23:00:00,15.1,15.6,312.0,6.2,1.7,59.0,78.0,40.0,Assam,Guwahati,26.1445,91.7362,State Representative,2026-09-30T12:29:21.081910+00:00,True
2026-10-01 00:00:00,15.4,15.8,310.0,5.7,1.7,62.0,76.0,40.0,Assam,Guwahati,26.1445,91.7362,State Representative,2026-09-30T12:29:21.081910+00:00,True
2026-10-01 01:00:00,14.8,15.3,311.0,5.2,1.7,66.0,75.0,40.0,Assam,Guwahati,26.1445,91.7362,State Representative,2026-09-30T12:29:21.081910+00:00,True
2026-10-01 02:00:00,14.1,14.5,318.0,5.1,1.7,66.0,74.0,38.0,Assam,Guwahati,26.1445,91.7362,State Representative,2026-09-30T12:29:21.081910+00:00,True
2026-10-01 03:00:00,13.6,14.1,335.0,5.9,1.7,58.0,73.0,37.0,Assam,Guwahati,26.1445,91.7362,State Representative,2026-09-30T12:29:21.081910+00:00,True
2026-10-01 04:00:00,14.4,14.8,357.0,7.0,1.7,48.0,72.0,39.0,Assam,Guwahati,26.1445,91.7362,State Representative,2026-09-30T12:29:21.081910+00:00,True
2026-10-01 05:00:00,15.1,15.6,373.0,7.3,1.9,48.0,71.0,40.0,Assam,Guwahati,26.1445,91.7362,State Representative,2026-09-30T12:29:21.081910+00:00,True
2026-10-01 06:00:00,17.1,17.7,377.0,6.0,2.3,68.0,71.0,41.0,Assam,Guwahati,26.1445,91.7362,State Representative,2026-09-30T12:29:21.081910+00:00,True
2026-10-01 07:00:00,18.6,19.5,375.0,3.9,2.8,98.0,70.0,42.0,Assam,Guwahati,26.1445,91.7362,State Representative,2026-09-30T12:29:21.081910+00:00,True
2026-10-01 08:00:00,21.0,22.4,368.0,2.2,3.2,123.0,70.0,62.0,Assam,Guwahati,26.1445,91.7362,State Representative,2026-09-30T12:29:21.081910+00:00,True
2026-10-01 09:00:00,22.9,24.7,354.0,1.5,3.5,135.0,70.0,68.0,Assam,Guwahati,26.1445,91.7362,State Representative,2026-09-30T12:29:21.081910+00:00,True
2026-10-01 10:00:00,24.1,26.1,335.0,1.2,3.8,142.0,70.0,71.0,Assam,Guwahati,26.1445,91.7362,State Representative,2026-09-30T12:29:21.081910+00:00,True
2026-10-01 11:00:00,24.6,26.7,321.0,1.1,3.9,145.0,70.0,73.0,Assam,Guwahati,26.1445,91.7362,State Representative,2026-09-30T12:29:21.081910+00:00,True
2026-10-01 12:00:00,23.6,25.6,314.0,0.9,3.9,146.0,70.0,73.0,Assam,Guwahati,26.1445,91.7362,State Representative,2026-09-30T12:29:21.081910+00:00,True
2026-10-01 13:00:00,22.3,24.2,311.0,0.8,3.7,143.0,70.0,72.0,Assam,Guwahati,26.1445,91.7362,State Representative,2026-09-30T12:29:21.081910+00:00,True
2026-10-01 14:00:00,21.4,23.2,318.0,1.3,3.5,135.0,79.0,68.0,Assam,Guwahati,26.1445,91.7362,State Representative,2026-09-30T12:29:21.081910+00:00,True
2026-10-01 15:00:00,20.4,21.9,340.0,2.6,3.1,120.0,93.0,60.0,Assam,Guwahati,26.1445,91.7362,State Representative,2026-09-30T12:29:21.081910+00:00,True
2026-10-01 16:00:00,20.4,21.4,372.0,4.4,2.7,100.0,98.0,43.0,Assam,Guwahati,26.1445,91.7362,State Representative,2026-09-30T12:29:21.081910+00:00,True
2026-10-01 17:00:00,17.7,18.3,396.0,6.3,2.6,83.0,93.0,42.0,Assam,Guwahati,26.1445,91.7362,State Representative,2026-09-30T12:29:21.081910+00:00,True
2026-10-01 18:00:00,18.8,19.3,407.0,8.4,3.0,70.0,82.0,42.0,Assam,Guwahati,26.1445,91.7362,State Representative,2026-09-30T12:29:21.081910+00:00,True
2026-10-01 19:00:00,21.3,21.8,412.0,10.6,3.7,59.0,69.0,44.0,Assam,Guwahati,26.1445,91.7362,State Representative,2026-09-30T12:29:21.081910+00:00,True
2026-10-01 20:00:00,26.4,27.0,409.0,12.2,4.2,50.0,69.0,47.0,Assam,Guwahati,26.1445,91.7362,State Representative,2026-09-30T12:29:21.081910+00:00,True
2026-10-01 21:00:00,32.8,33.4,396.0,12.8,4.1,44.0,69.0,50.0,Assam,Guwahati,26.1445,91.7362,State Representative,2026-09-30T12:29:21.081910+00:00,True
2026-10-01 22:00:00,36.1,36.7,376.0,12.9,3.8,40.0,70.0,52.0,Assam,Guwahati,26.1445,91.7362,State Representative,2026-09-30T12:29:21.081910+00:00,True
2026-10-01 23:00:00,27.7,28.2,359.0,12.9,3.6,38.0,72.0,47.0,Assam,Guwahati,26.1445,91.7362,State Representative,2026-09-30T12:29:21.081910+00:00,True
2026-10-02 00:00:00,25.5,26.0,345.0,12.9,3.7,37.0,73.0,46.0,Assam,Guwahati,26.1445,91.7362,State Representative,2026-09-30T12:29:21.081910+00:00,True
2026-10-02 01:00:00,27.2,27.7,334.0,12.8,3.9,38.0,73.0,47.0,Assam,Guwahati,26.1445,91.7362,State Representative,2026-09-30T12:29:21.081910+00:00,True
2026-10-02 02:00:00,27.9,28.4,334.0,12.9,4.1,38.0,74.0,47.0,Assam,Guwahati,26.1445,91.7362,State Representative,2026-09-30T12:29:21.081910+00:00,True
2026-10-02 03:00:00,26.6,27.2,355.0,13.7,4.4,35.0,76.0,47.0,Assam,Guwahati,26.1445,91.7362,State Representative,2026-09-30T12:29:21.081910+00:00,True
2026-10-02 04:00:00,28.2,28.9,387.0,14.6,4.7,31.0,77.0,48.0,Assam,Guwahati,26.1445,91.7362,State Representative,2026-09-30T12:29:21.081910+00:00,True
2026-10-02 05:00:00,31.2,31.9,406.0,14.2,5.0,38.0,78.0,49.0,Assam,Guwahati,26.1445,91.7362,State Representative,2026-09-30T12:29:21.081910+00:00,True
2026-10-02 06:00:00,27.8,28.6,398.0,11.0,5.2,63.0,79.0,47.0,Assam,Guwahati,26.1445,91.7362,State Representative,2026-09-30T12:29:21.081910+00:00,True
2026-10-02 07:00:00,23.2,24.3,376.0,6.5,5.3,98.0,80.0,45.0,Assam,Guwahati,26.1445,91.7362,State Representative,2026-09-30T12:29:21.081910+00:00,True
2026-10-02 08:00:00,23.8,25.4,356.0,3.0,5.6,126.0,80.0,63.0,Assam,Guwahati,26.1445,91.7362,State Representative,2026-09-30T12:29:21.081910+00:00,True
2026-10-02 09:00:00,25.9,28.1,342.0,1.6,6.2,139.0,80.0,70.0,Assam,Guwahati,26.1445,91.7362,State Representative,2026-09-30T12:29:21.081910+00:00,True
2026-10-02 10:00:00,27.8,30.3,328.0,1.3,6.9,145.0,81.0,73.0,Assam,Guwahati,26.1445,91.7362,State Representative,2026-09-30T12:29:21.081910+00:00,True
2026-10-02 11:00:00,28.2,31.0,317.0,1.2,7.3,147.0,81.0,74.0,Assam,Guwahati,26.1445,91.7362,State Representative,2026-09-30T12:29:21.081910+00:00,True
2026-10-02 12:00:00,28.1,31.0,305.0,0.9,7.3,148.0,81.0,74.0,Assam,Guwahati,26.1445,91.7362,State Representative,2026-09-30T12:29:21.081910+00:00,True
2026-10-02 13:00:00,29.6,32.8,296.0,0.9,7.0,145.0,82.0,73.0,Assam,Guwahati,26.1445,91.7362,State Representative,2026-09-30T12:29:21.081910+00:00,True
2026-10-02 14:00:00,28.0,30.9,294.0,1.3,6.8,139.0,82.0,70.0,Assam,Guwahati,26.1445,91.7362,State Representative,2026-09-30T12:29:21.081910+00:00,True
2026-10-02 15:00:00,28.8,31.4,305.0,2.4,6.7,129.0,98.0,65.0,Assam,Guwahati,26.1445,91.7362,State Representative,2026-09-30T12:29:21.081910+00:00,True
2026-10-02 16:00:00,30.3,32.2,325.0,4.0,6.5,116.0,104.0,56.0,Assam,Guwahati,26.1445,91.7362,State Representative,2026-09-30T12:29:21.081910+00:00,True
2026-10-02 17:00:00,31.9,33.5,345.0,5.6,6.4,103.0,102.0,50.0,Assam,Guwahati,26.1445,91.7362,State Representative,2026-09-30T12:29:21.081910+00:00,True
2026-10-02 18:00:00,33.3,34.7,364.0,7.3,6.2,89.0,95.0,50.0,Assam,Guwahati,26.1445,91.7362,State Representative,2026-09-30T12:29:21.081910+00:00,True
2026-10-02 19:00:00,34.8,36.1,384.0,9.1,6.0,74.0,86.0,51.0,Assam,Guwahati,26.1445,91.7362,State Representative,2026-09-30T12:29:21.081910+00:00,True
2026-10-02 20:00:00,36.7,37.8,400.0,10.3,5.8,62.0,87.0,52.0,Assam,Guwahati,26.1445,91.7362,State Representative,2026-09-30T12:29:21.081910+00:00,True
2026-10-02 21:00:00,37.5,38.5,412.0,10.6,5.5,56.0,88.0,53.0,Assam,Guwahati,26.1445,91.7362,State Representative,2026-09-30T12:29:21.081910+00:00,True
2026-10-02 22:00:00,35.9,37.0,420.0,10.4,5.2,53.0,89.0,52.0,Assam,Guwahati,26.1445,91.7362,State Representative,2026-09-30T12:29:21.081910+00:00,True
2026-10-02 23:00:00,34.5,35.9,424.0,10.1,4.9,50.0,89.0,51.0,Assam,Guwahati,26.1445,91.7362,State Representative,2026-09-30T12:29:21.081910+00:00,True
2026-10-03 00:00:00,33.4,34.7,418.0,9.9,4.7,46.0,89.0,51.0,Assam,Guwahati,26.1445,91.7362,State Representative,2026-09-30T12:29:21.081910+00:00,True
2026-10-03 01:00:00,32.6,34.0,407.0,9.7,4.5,42.0,90.0,50.0,Assam,Guwahati,26.1445,91.7362,State Representative,2026-09-30T12:29:21.081910+00:00,True
2026-10-03 02:00:00,32.4,34.0,403.0,9.7,4.5,40.0,90.0,50.0,Assam,Guwahati,26.1445,91.7362,State Representative,2026-09-30T12:29:21.081910+00:00,True
2026-10-03 03:00:00,33.3,35.2,418.0,10.3,4.8,39.0,90.0,50.0,Assam,Guwahati,26.1445,91.7362,State Representative,2026-09-30T12:29:21.081910+00:00,True
2026-10-03 04:00:00,34.5,36.4,440.0,11.0,5.3,40.0,91.0,51.0,Assam,Guwahati,26.1445,91.7362,State Representative,2026-09-30T12:29:21.081910+00:00,True
2026-10-03 05:00:00,36.8,38.9,451.0,10.7,6.0,49.0,91.0,52.0,Assam,Guwahati,26.1445,91.7362,State Representative,2026-09-30T12:29:21.081910+00:00,True
2026-10-03 06:00:00,36.2,38.4,442.0,8.5,7.0,74.0,92.0,52.0,Assam,Guwahati,26.1445,91.7362,State Representative,2026-09-30T12:29:21.081910+00:00,True
2026-10-03 07:00:00,35.3,38.6,421.0,5.4,8.3,107.0,93.0,52.0,Assam,Guwahati,26.1445,91.7362,State Representative,2026-09-30T12:29:21.081910+00:00,True
2026-10-03 08:00:00,36.2,40.6,400.0,2.9,9.2,133.0,94.0,67.0,Assam,Guwahati,26.1445,91.7362,State Representative,2026-09-30T12:29:21.081910+00:00,True
2026-10-03 09:00:00,35.7,41.8,379.0,1.8,9.5,145.0,94.0,73.0,Assam,Guwahati,26.1445,91.7362,State Representative,2026-09-30T12:29:21.081910+00:00,True
2026-10-03 10:00:00,35.6,42.8,357.0,1.4,9.5,150.0,95.0,75.0,Assam,Guwahati,26.1445,91.7362,State Representative,2026-09-30T12:29:21.081910+00:00,True
2026-10-03 11:00:00,34.1,41.7,340.0,1.2,9.5,152.0,96.0,76.0,Assam,Guwahati,26.1445,91.7362,State Representative,2026-09-30T12:29:21.081910+00:00,True
2026-10-03 12:00:00,33.4,41.1,327.0,0.9,9.6,155.0,96.0,78.0,Assam,Guwahati,26.1445,91.7362,State Representative,2026-09-30T12:29:21.081910+00:00,True
2026-10-03 13:00:00,34.5,42.4,320.0,0.9,9.6,155.0,97.0,78.0,Assam,Guwahati,26.1445,91.7362,State Representative,2026-09-30T12:29:21.081910+00:00,True
2026-10-03 14:00:00,34.3,41.8,329.0,1.4,9.4,149.0,97.0,75.0,Assam,Guwahati,26.1445,91.7362,State Representative,2026-09-30T12:29:21.081910+00:00,True
2026-10-03 15:00:00,34.0,40.4,366.0,2.9,8.9,134.0,110.0,67.0,Assam,Guwahati,26.1445,91.7362,State Representative,2026-09-30T12:29:21.081910+00:00,True
2026-10-03 16:00:00,34.9,39.9,419.0,4.9,8.1,112.0,116.0,52.0,Assam,Guwahati,26.1445,91.7362,State Representative,2026-09-30T12:29:21.081910+00:00,True
2026-10-03 17:00:00,36.8,41.1,464.0,6.7,7.5,94.0,112.0,52.0,Assam,Guwahati,26.1445,91.7362,State Representative,2026-09-30T12:29:21.081910+00:00,True
2026-10-03 18:00:00,38.1,42.0,498.0,7.9,7.0,81.0,101.0,53.0,Assam,Guwahati,26.1445,91.7362,State Representative,2026-09-30T12:29:21.081910+00:00,True
2026-10-03 19:00:00,38.4,42.1,524.0,8.8,6.6,71.0,99.0,53.0,Assam,Guwahati,26.1445,91.7362,State Representative,2026-09-30T12:29:21.081910+00:00,True
2026-10-03 20:00:00,39.5,43.9,531.0,9.6,6.3,63.0,99.0,54.0,Assam,Guwahati,26.1445,91.7362,State Representative,2026-09-30T12:29:21.081910+00:00,True
2026-10-03 21:00:00,41.7,46.7,499.0,10.5,6.2,58.0,100.0,55.0,Assam,Guwahati,26.1445,91.7362,State Representative,2026-09-30T12:29:21.081910+00:00,True
2026-10-03 22:00:00,42.3,47.7,448.0,11.2,6.3,56.0,100.0,56.0,Assam,Guwahati,26.1445,91.7362,State Representative,2026-09-30T12:29:21.081910+00:00,True
2026-10-03 23:00:00,43.0,48.8,421.0,11.7,6.3,54.0,101.0,56.0,Assam,Guwahati,26.1445,91.7362,State Representative,2026-09-30T12:29:21.081910+00:00,True
2026-10-04 00:00:00,42.6,49.0,447.0,11.6,6.3,53.0,102.0,56.0,Assam,Guwahati,26.1445,91.7362,State Representative,2026-09-30T12:29:21.081910+00:00,True
2026-10-04 01:00:00,43.5,50.2,498.0,11.1,6.2,52.0,103.0,56.0,Assam,Guwahati,26.1445,91.7362,State Representative,2026-09-30T12:29:21.081910+00:00,True
2026-10-04 02:00:00,44.4,51.2,531.0,11.0,6.1,51.0,104.0,57.0,Assam,Guwahati,26.1445,91.7362,State Representative,2026-09-30T12:29:21.081910+00:00,True
2026-10-04 03:00:00,45.8,52.5,523.0,12.1,5.9,44.0,105.0,58.0,Assam,Guwahati,26.1445,91.7362,State Representative,2026-09-30T12:29:21.081910+00:00,True
2026-10-04 04:00:00,47.3,54.0,499.0,13.4,5.6,36.0,106.0,58.0,Assam,Guwahati,26.1445,91.7362,State Representative,2026-09-30T12:29:21.081910+00:00,True
2026-10-04 05:00:00,47.3,53.4,501.5,13.4,5.7,39.0,108.0,58.0,Assam,Guwahati,26.1445,91.7362,State Representative,2026-09-30T12:29:21.081910+00:00,True
2026-10-04 06:00:00,48.7,56.0,507.0,10.5,6.5,63.0,109.0,59.0,Assam,Guwahati,26.1445,91.7362,State Representative,2026-09-30T12:29:21.081910+00:00,True
2026-10-04 07:00:00,48.1,57.4,492.5,6.1,7.8,97.0,110.0,59.0,Assam,Guwahati,26.1445,91.7362,State Representative,2026-09-30T12:29:21.081910+00:00,True
2026-10-04 08:00:00,42.6,53.2,464.0,2.8,8.6,124.0,111.0,62.0,Assam,Guwahati,26.1445,91.7362,State Representative,2026-09-30T12:29:21.081910+00:00,True
2026-10-04 09:00:00,40.7,51.7,447.0,1.6,8.7,136.0,112.0,68.0,Assam,Guwahati,26.1445,91.7362,State Representative,2026-09-30T12:29:21.081910+00:00,True
2026-10-04 10:00:00,39.6,50.2,436.0,1.3,8.4,141.0,112.0,71.0,Assam,Guwahati,26.1445,91.7362,State Representative,2026-09-30T12:29:21.081910+00:00,True
2026-10-04 11:00:00,38.4,48.8,428.0,1.3,8.1,144.0,113.0,72.0,Assam,Guwahati,26.1445,91.7362,State Representative,2026-09-30T12:29:21.081910+00:00,True
2026-10-04 12:00:00,38.4,48.5,421.0,1.1,7.9,147.0,113.0,74.0,Assam,Guwahati,26.1445,91.7362,State Representative,2026-09-30T12:29:21.081910+00:00,True
2026-10-04 13:00:00,37.5,47.3,417.0,1.0,7.8,148.0,114.0,74.0,Assam,Guwahati,26.1445,91.7362,State Representative,2026-09-30T12:29:21.081910+00:00,True
2026-10-04 14:00:00,36.6,45.9,415.0,1.4,7.3,143.0,114.0,72.0,Assam,Guwahati,26.1445,91.7362,State Representative,2026-09-30T12:29:21.081910+00:00,True
2026-10-04 15:00:00,36.7,45.5,414.0,2.4,6.3,130.0,114.0,65.0,Assam,Guwahati,26.1445,91.7362,State Representative,2026-09-30T12:29:21.081910+00:00,True
2026-10-04 16:00:00,31.8,39.0,415.0,3.9,5.0,111.0,115.0,51.0,Assam,Guwahati,26.1445,91.7362,State Representative,2026-09-30T12:29:21.081910+00:00,True
2026-10-04 17:00:00,26.4,30.7,423.0,5.3,4.1,93.0,114.0,47.0,Assam,Guwahati,26.1445,91.7362,State Representative,2026-09-30T12:29:21.081910+00:00,True
2026-10-04 18:00:00,24.7,28.1,443.0,6.6,3.9,78.0,113.0,46.0,Assam,Guwahati,26.1445,91.7362,State Representative,2026-09-30T12:29:21.081910+00:00,True
2026-10-04 19:00:00,27.2,31.0,470.0,7.8,4.0,64.0,112.0,47.0,Assam,Guwahati,26.1445,91.7362,State Representative,2026-09-30T12:29:21.081910+00:00,True
2026-10-04 20:00:00,30.6,34.7,492.0,8.9,4.1,53.0,111.0,49.0,Assam,Guwahati,26.1445,91.7362,State Representative,2026-09-30T12:29:21.081910+00:00,True
2026-10-04 21:00:00,35.2,39.5,505.0,9.8,4.1,45.0,110.0,52.0,Assam,Guwahati,26.1445,91.7362,State Representative,2026-09-30T12:29:21.081910+00:00,True
2026-10-04 22:00:00,36.1,40.4,512.0,10.5,4.0,39.0,109.0,52.0,Assam,Guwahati,26.1445,91.7362,State Representative,2026-09-30T12:29:21.081910+00:00,True
2026-10-04 23:00:00,34.6,38.8,518.0,10.9,3.9,35.0,108.0,51.0,Assam,Guwahati,26.1445,91.7362,State Representative,2026-09-30T12:29:21.081910+00:00,True
2026-10-05 00:00:00,35.6,39.8,522.0,10.8,3.8,33.0,108.0,52.0,Assam,Guwahati,26.1445,91.7362,State Representative,2026-09-30T12:29:21.081910+00:00,True
2026-10-05 01:00:00,35.9,39.9,524.0,10.4,3.7,32.0,107.0,52.0,Assam,Guwahati,26.1445,91.7362,State Representative,2026-09-30T12:29:21.081910+00:00,True
2026-10-05 02:00:00,34.7,38.4,525.0,10.1,3.6,31.0,106.0,51.0,Assam,Guwahati,26.1445,91.7362,State Representative,2026-09-30T12:29:21.081910+00:00,True
2026-10-05 03:00:00,34.8,38.5,527.0,10.0,3.5,30.0,105.0,51.0,Assam,Guwahati,26.1445,91.7362,State Representative,2026-09-30T12:29:21.081910+00:00,True
2026-10-05 04:00:00,34.7,38.2,529.0,10.1,3.5,29.0,104.0,51.0,Assam,Guwahati,26.1445,91.7362,State Representative,2026-09-30T12:29:21.081910+00:00,True
2026-10-05 05:00:00,32.7,35.9,530.0,10.1,3.5,29.0,103.0,50.0,Assam,Guwahati,26.1445,91.7362,State Representative,2026-09-30T12:29:21.081910+00:00,True
2026-10-05 06:00:00,,,,,,,101.0,,Assam,Guwahati,26.1445,91.7362,State Representative,2026-09-30T12:29:21.081910+00:00,False
2026-10-05 07:00:00,,,,,,,,,Assam,Guwahati,26.1445,91.7362,State Representative,2026-09-30T12:29:21.081910+00:00,False
2026-10-05 08:00:00,,,,,,,,,Assam,Guwahati,26.1445,91.7362,State Representative,2026-09-30T12:29:21.081910+00:00,False
2026-10-05 09:00:00,,,,,,,,,Assam,Guwahati,26.1445,91.7362,State Representative,2026-09-30T12:29:21.081910+00:00,False
2026-10-05 10:00:00,,,,,,,,,Assam,Guwahati,26.1445,91.7362,State Representative,2026-09-30T12:29:21.081910+00:00,False
2026-10-05 11:00:00,,,,,,,,,Assam,Guwahati,26.1445,91.7362,State Representative,2026-09-30T12:29:21.081910+00:00,False
2026-10-05 12:00:00,,,,,,,,,Assam,Guwahati,26.1445,91.7362,State Representative,2026-09-30T12:29:21.081910+00:00,False
2026-10-05 13:00:00,,,,,,,,,Assam,Guwahati,26.1445,91.7362,State Representative,2026-09-30T12:29:21.081910+00:00,False
2026-10-05 14:00:00,,,,,,,,,Assam,Guwahati,26.1445,91.7362,State Representative,2026-09-30T12:29:21.081910+00:00,False
2026-10-05 15:00:00,,,,,,,,,Assam,Guwahati,26.1445,91.7362,State Representative,2026-09-30T12:29:21.081910+00:00,False
2026-10-05 16:00:00,,,,,,,,,Assam,Guwahati,26.1445,91.7362,State Representative,2026-09-30T12:29:21.081910+00:00,False
2026-10-05 17:00:00,,,,,,,,,Assam,Guwahati,26.1445,91.7362,State Representative,2026-09-30T12:29:21.081910+00:00,False
2026-10-05 18:00:00,,,,,,,,,Assam,Guwahati,26.1445,91.7362,State Representative,2026-09-30T12:29:21.081910+00:00,False
2026-10-05 19:00:00,,,,,,,,,Assam,Guwahati,26.1445,91.7362,State Representative,2026-09-30T12:29:21.081910+00:00,False
2026-10-05 20:00:00,,,,,,,,,Assam,Guwahati,26.1445,91.7362,State Representative,2026-09-30T12:29:21.081910+00:00,False
2026-10-05 21:00:00,,,,,,,,,Assam,Guwahati,26.1445,91.7362,State Representative,2026-09-30T12:29:21.081910+00:00,False
2026-10-05 22:00:00,,,,,,,,,Assam,Guwahati,26.1445,91.7362,State Representative,2026-09-30T12:29:21.081910+00:00,False
2026-10-05 23:00:00,,,,,,,,,Assam,Guwahati,26.1445,91.7362,State Representative,2026-09-30T12:29:21.081910+00:00,False
2026-10-06 00:00:00,,,,,,,,,Assam,Guwahati,26.1445,91.7362,State Representative,2026-09-30T12:29:21.081910+00:00,False
2026-10-06 01:00:00,,,,,,,,,Assam,Guwahati,26.1445,91.7362,State Representative,2026-09-30T12:29:21.081910+00:00,False
2026-10-06 02:00:00,,,,,,,,,Assam,Guwahati,26.1445,91.7362,State Representative,2026-09-30T12:29:21.081910+00:00,False
2026-10-06 03:00:00,,,,,,,,,Assam,Guwahati,26.1445,91.7362,State Representative,2026-09-30T12:29:21.081910+00:00,False
2026-10-06 04:00:00,,,,,,,,,Assam,Guwahati,26.1445,91.7362,State Representative,2026-09-30T12:29:21.081910+00:00,False
2026-10-06 05:00:00,,,,,,,,,Assam,Guwahati,26.1445,91.7362,State Representative,2026-09-30T12:29:21.081910+00:00,False
2026-10-06 06:00:00,,,,,,,,,Assam,Guwahati,26.1445,91.7362,State Representative,2026-09-30T12:29:21.081910+00:00,False
2026-10-06 07:00:00,,,,,,,,,Assam,Guwahati,26.1445,91.7362,State Representative,2026-09-30T12:29:21.081910+00:00,False
2026-10-06 08:00:00,,,,,,,,,Assam,Guwahati,26.1445,91.7362,State Representative,2026-09-30T12:29:21.081910+00:00,False
2026-10-06 09:00:00,,,,,,,,,Assam,Guwahati,26.1445,91.7362,State Representative,2026-09-30T12:29:21.081910+00:00,False
2026-10-06 10:00:00,,,,,,,,,Assam,Guwahati,26.1445,91.7362,State Representative,2026-09-30T12:29:21.081910+00:00,False
2026-10-06 11:00:00,,,,,,,,,Assam,Guwahati,26.1445,91.7362,State Representative,2026-09-30T12:29:21.081910+00:00,False
2026-10-06 12:00:00,,,,,,,,,Assam,Guwahati,26.1445,91.7362,State Representative,2026-09-30T12:29:21.081910+00:00,False
2026-10-06 13:00:00,,,,,,,,,Assam,Guwahati,26.1445,91.7362,State Representative,2026-09-30T12:29:21.081910+00:00,False
2026-10-06 14:00:00,,,,,,,,,Assam,Guwahati,26.1445,91.7362,State Representative,2026-09-30T12:29:21.081910+00:00,False
2026-10-06 15:00:00,,,,,,,,,Assam,Guwahati,26.1445,91.7362,State Representative,2026-09-30T12:29:21.081910+00:00,False
2026-10-06 16:00:00,,,,,,,,,Assam,Guwahati,26.1445,91.7362,State Representative,2026-09-30T12:29:21.081910+00:00,False
2026-10-06 17:00:00,,,,,,,,,Assam,Guwahati,26.1445,91.7362,State Representative,2026-09-30T12:29:21.081910+00:00,False
2026-10-06 18:00:00,,,,,,,,,Assam,Guwahati,26.1445,91.7362,State Representative,2026-09-30T12:29:21.081910+00:00,False
2026-10-06 19:00:00,,,,,,,,,Assam,Guwahati,26.1445,91.7362,State Representative,2026-09-30T12:29:21.081910+00:00,False
2026-10-06 20:00:00,,,,,,,,,Assam,Guwahati,26.1445,91.7362,State Representative,2026-09-30T12:29:21.081910+00:00,False
2026-10-06 21:00:00,,,,,,,,,Assam,Guwahati,26.1445,91.7362,State Representative,2026-09-30T12:29:21.081910+00:00,False
2026-10-06 22:00:00,,,,,,,,,Assam,Guwahati,26.1445,91.7362,State Representative,2026-09-30T12:29:21.081910+00:00,False
2026-10-06 23:00:00,,,,,,,,,Assam,Guwahati,26.1445,91.7362,State Representative,2026-09-30T12:29:21.081910+00:00,False
2026-09-30 00:00:00,47.3,52.5,474.0,24.0,12.4,44.0,107.0,58.0,Bihar,Patna,25.5941,85.1376,State Representative,2026-09-30T12:29:21.748395+00:00,True
2026-09-30 01:00:00,46.8,52.0,459.0,21.7,11.9,44.0,107.0,58.0,Bihar,Patna,25.5941,85.1376,State Representative,2026-09-30T12:29:21.748395+00:00,True
2026-09-30 02:00:00,46.4,51.7,447.0,19.8,11.7,45.0,108.0,58.0,Bihar,Patna,25.5941,85.1376,State Representative,2026-09-30T12:29:21.748395+00:00,True
2026-09-30 03:00:00,46.3,51.5,437.0,19.0,11.8,42.0,108.0,58.0,Bihar,Patna,25.5941,85.1376,State Representative,2026-09-30T12:29:21.748395+00:00,True
2026-09-30 04:00:00,47.1,52.2,429.0,18.7,12.1,40.0,109.0,58.0,Bihar,Patna,25.5941,85.1376,State Representative,2026-09-30T12:29:21.748395+00:00,True
2026-09-30 05:00:00,44.2,48.7,430.0,16.7,12.4,49.0,109.0,57.0,Bihar,Patna,25.5941,85.1376,State Representative,2026-09-30T12:29:21.748395+00:00,True
2026-09-30 06:00:00,45.8,49.6,452.0,14.8,13.3,66.0,109.0,58.0,Bihar,Patna,25.5941,85.1376,State Representative,2026-09-30T12:29:21.748395+00:00,True
2026-09-30 07:00:00,44.9,48.3,483.0,12.2,14.4,89.0,110.0,57.0,Bihar,Patna,25.5941,85.1376,State Representative,2026-09-30T12:29:21.748395+00:00,True
2026-09-30 08:00:00,40.0,42.7,491.0,9.5,14.8,111.0,110.0,54.0,Bihar,Patna,25.5941,85.1376,State Representative,2026-09-30T12:29:21.748395+00:00,True
2026-09-30 09:00:00,30.3,32.2,454.0,6.9,13.7,130.0,110.0,65.0,Bihar,Patna,25.5941,85.1376,State Representative,2026-09-30T12:29:21.748395+00:00,True
2026-09-30 10:00:00,27.4,28.9,395.0,4.3,11.7,147.0,110.0,74.0,Bihar,Patna,25.5941,85.1376,State Representative,2026-09-30T12:29:21.748395+00:00,True
2026-09-30 11:00:00,26.3,27.6,351.0,2.5,10.2,159.0,109.0,80.0,Bihar,Patna,25.5941,85.1376,State Representative,2026-09-30T12:29:21.748395+00:00,True
2026-09-30 12:00:00,26.7,28.2,332.0,1.6,9.5,166.0,109.0,86.0,Bihar,Patna,25.5941,85.1376,State Representative,2026-09-30T12:29:21.748395+00:00,True
2026-09-30 13:00:00,27.8,29.4,328.0,1.5,9.1,169.0,109.0,89.0,Bihar,Patna,25.5941,85.1376,State Representative,2026-09-30T12:29:21.748395+00:00,True
2026-09-30 14:00:00,29.9,31.9,342.0,2.8,9.1,165.0,109.0,85.0,Bihar,Patna,25.5941,85.1376,State Representative,2026-09-30T12:29:21.748395+00:00,True
2026-09-30 15:00:00,30.6,32.5,386.0,6.3,9.3,152.0,109.0,76.0,Bihar,Patna,25.5941,85.1376,State Representative,2026-09-30T12:29:21.748395+00:00,True
2026-09-30 16:00:00,33.3,34.9,448.0,11.2,9.9,133.0,122.0,67.0,Bihar,Patna,25.5941,85.1376,State Representative,2026-09-30T12:29:21.748395+00:00,True
2026-09-30 17:00:00,37.5,38.9,498.0,15.4,10.7,115.0,126.0,55.0,Bihar,Patna,25.5941,85.1376,State Representative,2026-09-30T12:29:21.748395+00:00,True
2026-09-30 18:00:00,41.7,43.0,524.0,18.3,12.1,102.0,123.0,55.0,Bihar,Patna,25.5941,85.1376,State Representative,2026-09-30T12:29:21.748395+00:00,True
2026-09-30 19:00:00,44.7,46.0,537.0,20.5,13.9,90.0,113.0,57.0,Bihar,Patna,25.5941,85.1376,State Representative,2026-09-30T12:29:21.748395+00:00,True
2026-09-30 20:00:00,46.6,47.7,543.0,22.0,15.1,80.0,110.0,58.0,Bihar,Patna,25.5941,85.1376,State Representative,2026-09-30T12:29:21.748395+00:00,True
2026-09-30 21:00:00,48.0,49.1,540.0,22.5,15.3,72.0,111.0,59.0,Bihar,Patna,25.5941,85.1376,State Representative,2026-09-30T12:29:21.748395+00:00,True
2026-09-30 22:00:00,48.5,49.7,529.0,22.4,14.9,66.0,111.0,59.0,Bihar,Patna,25.5941,85.1376,State Representative,2026-09-30T12:29:21.748395+00:00,True
2026-09-30 23:00:00,48.0,49.4,521.0,22.0,14.5,61.0,111.0,59.0,Bihar,Patna,25.5941,85.1376,State Representative,2026-09-30T12:29:21.748395+00:00,True
2026-10-01 00:00:00,47.4,49.2,516.0,21.6,14.1,56.0,111.0,59.0,Bihar,Patna,25.5941,85.1376,State Representative,2026-09-30T12:29:21.748395+00:00,True
2026-10-01 01:00:00,47.8,50.4,513.0,20.9,13.6,52.0,111.0,59.0,Bihar,Patna,25.5941,85.1376,State Representative,2026-09-30T12:29:21.748395+00:00,True
2026-10-01 02:00:00,49.0,52.6,519.0,20.5,13.3,48.0,111.0,59.0,Bihar,Patna,25.5941,85.1376,State Representative,2026-09-30T12:29:21.748395+00:00,True
2026-10-01 03:00:00,49.9,54.7,538.0,20.8,13.1,42.0,111.0,60.0,Bihar,Patna,25.5941,85.1376,State Representative,2026-09-30T12:29:21.748395+00:00,True
2026-10-01 04:00:00,50.5,56.7,565.0,21.2,13.2,36.0,112.0,60.0,Bihar,Patna,25.5941,85.1376,State Representative,2026-09-30T12:29:21.748395+00:00,True
2026-10-01 05:00:00,51.5,59.3,594.0,20.6,13.6,39.0,112.0,61.0,Bihar,Patna,25.5941,85.1376,State Representative,2026-09-30T12:29:21.748395+00:00,True
2026-10-01 06:00:00,53.3,62.9,634.0,18.2,15.0,56.0,113.0,62.0,Bihar,Patna,25.5941,85.1376,State Representative,2026-09-30T12:29:21.748395+00:00,True
2026-10-01 07:00:00,51.1,64.3,675.0,14.7,16.9,82.0,114.0,61.0,Bihar,Patna,25.5941,85.1376,State Representative,2026-09-30T12:29:21.748395+00:00,True
2026-10-01 08:00:00,46.4,66.6,678.0,11.3,17.7,107.0,114.0,58.0,Bihar,Patna,25.5941,85.1376,State Representative,2026-09-30T12:29:21.748395+00:00,True
2026-10-01 09:00:00,44.8,71.0,608.0,8.1,16.4,131.0,115.0,66.0,Bihar,Patna,25.5941,85.1376,State Representative,2026-09-30T12:29:21.748395+00:00,True
2026-10-01 10:00:00,39.7,64.3,500.0,5.0,14.1,155.0,116.0,78.0,Bihar,Patna,25.5941,85.1376,State Representative,2026-09-30T12:29:21.748395+00:00,True
2026-10-01 11:00:00,37.3,58.8,419.0,2.8,12.1,172.0,118.0,92.0,Bihar,Patna,25.5941,85.1376,State Representative,2026-09-30T12:29:21.748395+00:00,True
2026-10-01 12:00:00,36.3,55.8,390.0,1.7,10.9,179.0,119.0,99.0,Bihar,Patna,25.5941,85.1376,State Representative,2026-09-30T12:29:21.748395+00:00,True
2026-10-01 13:00:00,36.0,54.1,389.0,1.5,10.2,178.0,120.0,98.0,Bihar,Patna,25.5941,85.1376,State Representative,2026-09-30T12:29:21.748395+00:00,True
2026-10-01 14:00:00,36.0,53.0,408.0,3.0,9.8,171.0,121.0,91.0,Bihar,Patna,25.5941,85.1376,State Representative,2026-09-30T12:29:21.748395+00:00,True
2026-10-01 15:00:00,36.7,53.0,457.0,6.9,9.8,156.0,121.0,78.0,Bihar,Patna,25.5941,85.1376,State Representative,2026-09-30T12:29:21.748395+00:00,True
2026-10-01 16:00:00,39.1,52.6,526.0,12.4,10.2,134.0,132.0,67.0,Bihar,Patna,25.5941,85.1376,State Representative,2026-09-30T12:29:21.748395+00:00,True
2026-10-01 17:00:00,43.8,55.4,578.0,18.0,11.3,114.0,138.0,56.0,Bihar,Patna,25.5941,85.1376,State Representative,2026-09-30T12:29:21.748395+00:00,True
2026-10-01 18:00:00,49.6,61.0,593.0,23.9,13.8,96.0,134.0,60.0,Bihar,Patna,25.5941,85.1376,State Representative,2026-09-30T12:29:21.748395+00:00,True
2026-10-01 19:00:00,54.7,66.4,591.0,30.0,16.9,79.0,124.0,62.0,Bihar,Patna,25.5941,85.1376,State Representative,2026-09-30T12:29:21.748395+00:00,True
2026-10-01 20:00:00,59.3,71.5,593.0,34.0,19.0,65.0,125.0,65.0,Bihar,Patna,25.5941,85.1376,State Representative,2026-09-30T12:29:21.748395+00:00,True
2026-10-01 21:00:00,62.6,75.0,610.0,34.7,19.1,56.0,126.0,66.0,Bihar,Patna,25.5941,85.1376,State Representative,2026-09-30T12:29:21.748395+00:00,True
2026-10-01 22:00:00,65.0,78.0,631.0,33.4,18.1,51.0,128.0,68.0,Bihar,Patna,25.5941,85.1376,State Representative,2026-09-30T12:29:21.748395+00:00,True
2026-10-01 23:00:00,67.3,81.0,647.0,31.8,17.1,47.0,130.0,69.0,Bihar,Patna,25.5941,85.1376,State Representative,2026-09-30T12:29:21.748395+00:00,True
2026-10-02 00:00:00,69.6,84.8,652.0,30.2,16.5,44.0,132.0,70.0,Bihar,Patna,25.5941,85.1376,State Representative,2026-09-30T12:29:21.748395+00:00,True
2026-10-02 01:00:00,72.4,89.2,651.0,28.3,15.8,42.0,134.0,71.0,Bihar,Patna,25.5941,85.1376,State Representative,2026-09-30T12:29:21.748395+00:00,True
2026-10-02 02:00:00,74.7,93.1,653.0,26.6,15.4,41.0,136.0,72.0,Bihar,Patna,25.5941,85.1376,State Representative,2026-09-30T12:29:21.748395+00:00,True
2026-10-02 03:00:00,76.4,96.4,658.0,25.7,15.2,37.0,139.0,73.0,Bihar,Patna,25.5941,85.1376,State Representative,2026-09-30T12:29:21.748395+00:00,True
2026-10-02 04:00:00,78.0,99.7,666.0,25.1,15.1,33.0,142.0,74.0,Bihar,Patna,25.5941,85.1376,State Representative,2026-09-30T12:29:21.748395+00:00,True
2026-10-02 05:00:00,79.9,103.6,680.0,23.6,15.4,38.0,145.0,75.0,Bihar,Patna,25.5941,85.1376,State Representative,2026-09-30T12:29:21.748395+00:00,True
2026-10-02 06:00:00,82.9,107.1,720.0,20.4,16.6,60.0,148.0,76.0,Bihar,Patna,25.5941,85.1376,State Representative,2026-09-30T12:29:21.748395+00:00,True
2026-10-02 07:00:00,80.8,111.3,766.0,16.2,18.1,91.0,150.0,75.0,Bihar,Patna,25.5941,85.1376,State Representative,2026-09-30T12:29:21.748395+00:00,True
2026-10-02 08:00:00,73.1,116.2,769.0,12.2,18.7,119.0,151.0,72.0,Bihar,Patna,25.5941,85.1376,State Representative,2026-09-30T12:29:21.748395+00:00,True
2026-10-02 09:00:00,66.1,119.7,687.0,8.5,17.7,142.0,152.0,71.0,Bihar,Patna,25.5941,85.1376,State Representative,2026-09-30T12:29:21.748395+00:00,True
2026-10-02 10:00:00,58.6,114.3,561.0,5.1,15.7,162.0,153.0,82.0,Bihar,Patna,25.5941,85.1376,State Representative,2026-09-30T12:29:21.748395+00:00,True
2026-10-02 11:00:00,53.9,106.4,464.0,2.7,14.0,176.0,153.0,96.0,Bihar,Patna,25.5941,85.1376,State Representative,2026-09-30T12:29:21.748395+00:00,True
2026-10-02 12:00:00,51.3,99.9,422.0,1.5,12.8,181.0,154.0,101.0,Bihar,Patna,25.5941,85.1376,State Representative,2026-09-30T12:29:21.748395+00:00,True
2026-10-02 13:00:00,49.7,95.0,409.0,1.4,11.7,180.0,154.0,100.0,Bihar,Patna,25.5941,85.1376,State Representative,2026-09-30T12:29:21.748395+00:00,True
2026-10-02 14:00:00,49.2,92.4,419.0,3.0,11.1,172.0,154.0,92.0,Bihar,Patna,25.5941,85.1376,State Representative,2026-09-30T12:29:21.748395+00:00,True
2026-10-02 15:00:00,49.7,90.8,460.0,7.1,11.0,156.0,155.0,78.0,Bihar,Patna,25.5941,85.1376,State Representative,2026-09-30T12:29:21.748395+00:00,True
2026-10-02 16:00:00,51.6,84.1,525.0,12.8,11.3,133.0,155.0,67.0,Bihar,Patna,25.5941,85.1376,State Representative,2026-09-30T12:29:21.748395+00:00,True
2026-10-02 17:00:00,55.5,82.4,577.0,18.2,12.2,113.0,156.0,63.0,Bihar,Patna,25.5941,85.1376,State Representative,2026-09-30T12:29:21.748395+00:00,True
2026-10-02 18:00:00,59.8,84.3,605.0,23.0,14.4,98.0,156.0,65.0,Bihar,Patna,25.5941,85.1376,State Representative,2026-09-30T12:29:21.748395+00:00,True
2026-10-02 19:00:00,62.9,86.1,621.0,27.5,17.1,84.0,156.0,66.0,Bihar,Patna,25.5941,85.1376,State Representative,2026-09-30T12:29:21.748395+00:00,True
2026-10-02 20:00:00,66.1,88.5,631.0,30.1,18.9,74.0,156.0,68.0,Bihar,Patna,25.5941,85.1376,State Representative,2026-09-30T12:29:21.748395+00:00,True
2026-10-02 21:00:00,68.2,87.5,634.0,29.7,18.7,67.0,157.0,69.0,Bihar,Patna,25.5941,85.1376,State Representative,2026-09-30T12:29:21.748395+00:00,True
2026-10-02 22:00:00,67.3,84.1,631.0,27.5,17.5,64.0,157.0,69.0,Bihar,Patna,25.5941,85.1376,State Representative,2026-09-30T12:29:21.748395+00:00,True
2026-10-02 23:00:00,66.4,81.7,626.0,25.3,16.4,61.0,157.0,68.0,Bihar,Patna,25.5941,85.1376,State Representative,2026-09-30T12:29:21.748395+00:00,True
2026-10-03 00:00:00,67.1,81.3,617.0,23.6,15.7,59.0,157.0,69.0,Bihar,Patna,25.5941,85.1376,State Representative,2026-09-30T12:29:21.748395+00:00,True
2026-10-03 01:00:00,68.2,82.0,605.0,21.8,15.1,57.0,157.0,69.0,Bihar,Patna,25.5941,85.1376,State Representative,2026-09-30T12:29:21.748395+00:00,True
2026-10-03 02:00:00,69.6,83.1,602.0,20.4,14.8,56.0,157.0,70.0,Bihar,Patna,25.5941,85.1376,State Representative,2026-09-30T12:29:21.748395+00:00,True
2026-10-03 03:00:00,71.0,85.2,614.0,19.7,14.8,52.0,157.0,71.0,Bihar,Patna,25.5941,85.1376,State Representative,2026-09-30T12:29:21.748395+00:00,True
2026-10-03 04:00:00,72.4,88.0,634.0,19.3,15.1,49.0,156.0,71.0,Bihar,Patna,25.5941,85.1376,State Representative,2026-09-30T12:29:21.748395+00:00,True
2026-10-03 05:00:00,73.8,91.5,649.0,18.4,15.4,52.0,156.0,72.0,Bihar,Patna,25.5941,85.1376,State Representative,2026-09-30T12:29:21.748395+00:00,True
2026-10-03 06:00:00,75.2,95.0,662.0,16.5,15.9,65.0,156.0,73.0,Bihar,Patna,25.5941,85.1376,State Representative,2026-09-30T12:29:21.748395+00:00,True
2026-10-03 07:00:00,71.9,96.6,670.0,13.9,16.4,85.0,156.0,71.0,Bihar,Patna,25.5941,85.1376,State Representative,2026-09-30T12:29:21.748395+00:00,True
2026-10-03 08:00:00,67.3,100.6,649.0,11.3,16.8,107.0,156.0,69.0,Bihar,Patna,25.5941,85.1376,State Representative,2026-09-30T12:29:21.748395+00:00,True
2026-10-03 09:00:00,65.0,108.0,575.0,8.3,17.1,134.0,155.0,68.0,Bihar,Patna,25.5941,85.1376,State Representative,2026-09-30T12:29:21.748395+00:00,True
2026-10-03 10:00:00,63.8,115.7,471.0,5.2,17.2,164.0,155.0,84.0,Bihar,Patna,25.5941,85.1376,State Representative,2026-09-30T12:29:21.748395+00:00,True
2026-10-03 11:00:00,63.1,122.9,385.0,3.0,17.0,186.0,156.0,106.0,Bihar,Patna,25.5941,85.1376,State Representative,2026-09-30T12:29:21.748395+00:00,True
2026-10-03 12:00:00,62.2,119.2,330.0,1.9,16.2,196.0,156.0,116.0,Bihar,Patna,25.5941,85.1376,State Representative,2026-09-30T12:29:21.748395+00:00,True
2026-10-03 13:00:00,60.8,110.8,292.0,1.6,15.2,198.0,156.0,118.0,Bihar,Patna,25.5941,85.1376,State Representative,2026-09-30T12:29:21.748395+00:00,True
2026-10-03 14:00:00,59.0,101.0,283.0,2.8,14.4,192.0,156.0,112.0,Bihar,Patna,25.5941,85.1376,State Representative,2026-09-30T12:29:21.748395+00:00,True
2026-10-03 15:00:00,63.3,101.5,321.0,6.3,14.2,176.0,157.0,96.0,Bihar,Patna,25.5941,85.1376,State Representative,2026-09-30T12:29:21.748395+00:00,True
2026-10-03 16:00:00,63.6,90.8,387.0,11.1,14.2,153.0,157.0,77.0,Bihar,Patna,25.5941,85.1376,State Representative,2026-09-30T12:29:21.748395+00:00,True
2026-10-03 17:00:00,65.9,88.2,432.0,15.3,14.6,131.0,161.0,68.0,Bihar,Patna,25.5941,85.1376,State Representative,2026-09-30T12:29:21.748395+00:00,True
2026-10-03 18:00:00,68.5,89.6,431.0,18.2,15.6,114.0,160.0,69.0,Bihar,Patna,25.5941,85.1376,State Representative,2026-09-30T12:29:21.748395+00:00,True
2026-10-03 19:00:00,70.3,92.2,409.0,20.3,16.8,99.0,158.0,70.0,Bihar,Patna,25.5941,85.1376,State Representative,2026-09-30T12:29:21.748395+00:00,True
2026-10-03 20:00:00,70.8,93.8,396.0,21.7,17.4,86.0,158.0,70.0,Bihar,Patna,25.5941,85.1376,State Representative,2026-09-30T12:29:21.748395+00:00,True
2026-10-03 21:00:00,69.8,93.6,408.0,22.0,16.8,77.0,158.0,70.0,Bihar,Patna,25.5941,85.1376,State Representative,2026-09-30T12:29:21.748395+00:00,True
2026-10-03 22:00:00,67.3,91.0,428.0,21.4,15.6,71.0,158.0,69.0,Bihar,Patna,25.5941,85.1376,State Representative,2026-09-30T12:29:21.748395+00:00,True
2026-10-03 23:00:00,62.9,85.4,440.0,20.7,14.4,66.0,158.0,66.0,Bihar,Patna,25.5941,85.1376,State Representative,2026-09-30T12:29:21.748395+00:00,True
2026-10-04 00:00:00,58.6,78.5,433.0,19.8,13.3,61.0,158.0,64.0,Bihar,Patna,25.5941,85.1376,State Representative,2026-09-30T12:29:21.748395+00:00,True
2026-10-04 01:00:00,54.6,71.5,419.0,18.7,12.3,56.0,158.0,62.0,Bihar,Patna,25.5941,85.1376,State Representative,2026-09-30T12:29:21.748395+00:00,True
2026-10-04 02:00:00,51.3,65.7,408.0,18.0,11.5,52.0,158.0,61.0,Bihar,Patna,25.5941,85.1376,State Representative,2026-09-30T12:29:21.748395+00:00,True
2026-10-04 03:00:00,48.7,61.0,408.0,18.2,11.1,45.0,157.0,59.0,Bihar,Patna,25.5941,85.1376,State Representative,2026-09-30T12:29:21.748395+00:00,True
2026-10-04 04:00:00,46.6,57.4,413.0,18.8,11.0,39.0,156.0,58.0,Bihar,Patna,25.5941,85.1376,State Representative,2026-09-30T12:29:21.748395+00:00,True
2026-10-04 05:00:00,45.3,55.4,431.5,18.4,11.2,40.0,156.0,57.0,Bihar,Patna,25.5941,85.1376,State Representative,2026-09-30T12:29:21.748395+00:00,True
2026-10-04 06:00:00,46.0,55.9,449.5,16.2,11.8,52.0,155.0,58.0,Bihar,Patna,25.5941,85.1376,State Representative,2026-09-30T12:29:21.748395+00:00,True
2026-10-04 07:00:00,46.1,56.7,469.3,13.0,12.6,72.0,154.0,58.0,Bihar,Patna,25.5941,85.1376,State Representative,2026-09-30T12:29:21.748395+00:00,True
2026-10-04 08:00:00,45.3,61.5,479.0,10.0,13.3,95.0,153.0,57.0,Bihar,Patna,25.5941,85.1376,State Representative,2026-09-30T12:29:21.748395+00:00,True
2026-10-04 09:00:00,44.8,68.5,447.0,7.2,13.9,123.0,153.0,62.0,Bihar,Patna,25.5941,85.1376,State Representative,2026-09-30T12:29:21.748395+00:00,True
2026-10-04 10:00:00,46.4,82.0,403.0,4.6,14.3,154.0,152.0,77.0,Bihar,Patna,25.5941,85.1376,State Representative,2026-09-30T12:29:21.748395+00:00,True
2026-10-04 11:00:00,52.0,105.2,366.0,2.7,14.4,175.0,151.0,95.0,Bihar,Patna,25.5941,85.1376,State Representative,2026-09-30T12:29:21.748395+00:00,True
2026-10-04 12:00:00,56.7,112.7,342.0,1.5,13.9,182.0,151.0,102.0,Bihar,Patna,25.5941,85.1376,State Representative,2026-09-30T12:29:21.748395+00:00,True
2026-10-04 13:00:00,56.9,109.2,327.0,1.1,13.1,179.0,151.0,99.0,Bihar,Patna,25.5941,85.1376,State Representative,2026-09-30T12:29:21.748395+00:00,True
2026-10-04 14:00:00,55.6,104.5,325.0,2.3,12.5,170.0,151.0,90.0,Bihar,Patna,25.5941,85.1376,State Representative,2026-09-30T12:29:21.748395+00:00,True
2026-10-04 15:00:00,54.0,99.0,337.0,5.6,11.9,152.0,151.0,76.0,Bihar,Patna,25.5941,85.1376,State Representative,2026-09-30T12:29:21.748395+00:00,True
2026-10-04 16:00:00,54.5,88.0,363.0,10.6,11.5,126.0,150.0,63.0,Bihar,Patna,25.5941,85.1376,State Representative,2026-09-30T12:29:21.748395+00:00,True
2026-10-04 17:00:00,58.3,89.4,407.0,16.6,12.3,102.0,150.0,64.0,Bihar,Patna,25.5941,85.1376,State Representative,2026-09-30T12:29:21.748395+00:00,True
2026-10-04 18:00:00,65.4,96.6,483.0,24.4,15.3,81.0,150.0,68.0,Bihar,Patna,25.5941,85.1376,State Representative,2026-09-30T12:29:21.748395+00:00,True
2026-10-04 19:00:00,72.2,102.0,576.0,33.2,19.5,62.0,150.0,71.0,Bihar,Patna,25.5941,85.1376,State Representative,2026-09-30T12:29:21.748395+00:00,True
2026-10-04 20:00:00,76.8,103.4,646.0,39.8,22.4,47.0,150.0,73.0,Bihar,Patna,25.5941,85.1376,State Representative,2026-09-30T12:29:21.748395+00:00,True
2026-10-04 21:00:00,76.4,99.4,674.0,42.4,23.0,38.0,150.0,73.0,Bihar,Patna,25.5941,85.1376,State Representative,2026-09-30T12:29:21.748395+00:00,True
2026-10-04 22:00:00,77.3,99.0,678.0,42.8,22.4,34.0,150.0,74.0,Bihar,Patna,25.5941,85.1376,State Representative,2026-09-30T12:29:21.748395+00:00,True
2026-10-04 23:00:00,80.6,101.3,682.0,43.0,21.5,30.0,151.0,75.0,Bihar,Patna,25.5941,85.1376,State Representative,2026-09-30T12:29:21.748395+00:00,True
2026-10-05 00:00:00,83.6,103.6,692.0,44.0,20.6,24.0,151.0,77.0,Bihar,Patna,25.5941,85.1376,State Representative,2026-09-30T12:29:21.748395+00:00,True
2026-10-05 01:00:00,84.8,103.1,701.0,44.8,19.4,18.0,152.0,77.0,Bihar,Patna,25.5941,85.1376,State Representative,2026-09-30T12:29:21.748395+00:00,True
2026-10-05 02:00:00,84.3,100.8,705.0,44.9,18.4,14.0,153.0,77.0,Bihar,Patna,25.5941,85.1376,State Representative,2026-09-30T12:29:21.748395+00:00,True
2026-10-05 03:00:00,82.7,97.8,702.0,43.7,17.6,12.0,154.0,76.0,Bihar,Patna,25.5941,85.1376,State Representative,2026-09-30T12:29:21.748395+00:00,True
2026-10-05 04:00:00,82.0,96.6,695.0,41.8,17.0,11.0,155.0,76.0,Bihar,Patna,25.5941,85.1376,State Representative,2026-09-30T12:29:21.748395+00:00,True
2026-10-05 05:00:00,81.7,95.9,689.0,40.4,16.6,10.0,156.0,76.0,Bihar,Patna,25.5941,85.1376,State Representative,2026-09-30T12:29:21.748395+00:00,True
2026-10-05 06:00:00,,,,,,,157.0,,Bihar,Patna,25.5941,85.1376,State Representative,2026-09-30T12:29:21.748395+00:00,False
2026-10-05 07:00:00,,,,,,,,,Bihar,Patna,25.5941,85.1376,State Representative,2026-09-30T12:29:21.748395+00:00,False
2026-10-05 08:00:00,,,,,,,,,Bihar,Patna,25.5941,85.1376,State Representative,2026-09-30T12:29:21.748395+00:00,False
2026-10-05 09:00:00,,,,,,,,,Bihar,Patna,25.5941,85.1376,State Representative,2026-09-30T12:29:21.748395+00:00,False
2026-10-05 10:00:00,,,,,,,,,Bihar,Patna,25.5941,85.1376,State Representative,2026-09-30T12:29:21.748395+00:00,False
2026-10-05 11:00:00,,,,,,,,,Bihar,Patna,25.5941,85.1376,State Representative,2026-09-30T12:29:21.748395+00:00,False
2026-10-05 12:00:00,,,,,,,,,Bihar,Patna,25.5941,85.1376,State Representative,2026-09-30T12:29:21.748395+00:00,False
2026-10-05 13:00:00,,,,,,,,,Bihar,Patna,25.5941,85.1376,State Representative,2026-09-30T12:29:21.748395+00:00,False
2026-10-05 14:00:00,,,,,,,,,Bihar,Patna,25.5941,85.1376,State Representative,2026-09-30T12:29:21.748395+00:00,False
2026-10-05 15:00:00,,,,,,,,,Bihar,Patna,25.5941,85.1376,State Representative,2026-09-30T12:29:21.748395+00:00,False
2026-10-05 16:00:00,,,,,,,,,Bihar,Patna,25.5941,85.1376,State Representative,2026-09-30T12:29:21.748395+00:00,False
2026-10-05 17:00:00,,,,,,,,,Bihar,Patna,25.5941,85.1376,State Representative,2026-09-30T12:29:21.748395+00:00,False
2026-10-05 18:00:00,,,,,,,,,Bihar,Patna,25.5941,85.1376,State Representative,2026-09-30T12:29:21.748395+00:00,False
2026-10-05 19:00:00,,,,,,,,,Bihar,Patna,25.5941,85.1376,State Representative,2026-09-30T12:29:21.748395+00:00,False
2026-10-05 20:00:00,,,,,,,,,Bihar,Patna,25.5941,85.1376,State Representative,2026-09-30T12:29:21.748395+00:00,False
2026-10-05 21:00:00,,,,,,,,,Bihar,Patna,25.5941,85.1376,State Representative,2026-09-30T12:29:21.748395+00:00,False
2026-10-05 22:00:00,,,,,,,,,Bihar,Patna,25.5941,85.1376,State Representative,2026-09-30T12:29:21.748395+00:00,False
2026-10-05 23:00:00,,,,,,,,,Bihar,Patna,25.5941,85.1376,State Representative,2026-09-30T12:29:21.748395+00:00,False
2026-10-06 00:00:00,,,,,,,,,Bihar,Patna,25.5941,85.1376,State Representative,2026-09-30T12:29:21.748395+00:00,False
2026-10-06 01:00:00,,,,,,,,,Bihar,Patna,25.5941,85.1376,State Representative,2026-09-30T12:29:21.748395+00:00,False
2026-10-06 02:00:00,,,,,,,,,Bihar,Patna,25.5941,85.1376,State Representative,2026-09-30T12:29:21.748395+00:00,False
2026-10-06 03:00:00,,,,,,,,,Bihar,Patna,25.5941,85.1376,State Representative,2026-09-30T12:29:21.748395+00:00,False
2026-10-06 04:00:00,,,,,,,,,Bihar,Patna,25.5941,85.1376,State Representative,2026-09-30T12:29:21.748395+00:00,False
2026-10-06 05:00:00,,,,,,,,,Bihar,Patna,25.5941,85.1376,State Representative,2026-09-30T12:29:21.748395+00:00,False
2026-10-06 06:00:00,,,,,,,,,Bihar,Patna,25.5941,85.1376,State Representative,2026-09-30T12:29:21.748395+00:00,False
2026-10-06 07:00:00,,,,,,,,,Bihar,Patna,25.5941,85.1376,State Representative,2026-09-30T12:29:21.748395+00:00,False
2026-10-06 08:00:00,,,,,,,,,Bihar,Patna,25.5941,85.1376,State Representative,2026-09-30T12:29:21.748395+00:00,False
2026-10-06 09:00:00,,,,,,,,,Bihar,Patna,25.5941,85.1376,State Representative,2026-09-30T12:29:21.748395+00:00,False
2026-10-06 10:00:00,,,,,,,,,Bihar,Patna,25.5941,85.1376,State Representative,2026-09-30T12:29:21.748395+00:00,False
2026-10-06 11:00:00,,,,,,,,,Bihar,Patna,25.5941,85.1376,State Representative,2026-09-30T12:29:21.748395+00:00,False
2026-10-06 12:00:00,,,,,,,,,Bihar,Patna,25.5941,85.1376,State Representative,2026-09-30T12:29:21.748395+00:00,False
2026-10-06 13:00:00,,,,,,,,,Bihar,Patna,25.5941,85.1376,State Representative,2026-09-30T12:29:21.748395+00:00,False
2026-10-06 14:00:00,,,,,,,,,Bihar,Patna,25.5941,85.1376,State Representative,2026-09-30T12:29:21.748395+00:00,False
2026-10-06 15:00:00,,,,,,,,,Bihar,Patna,25.5941,85.1376,State Representative,2026-09-30T12:29:21.748395+00:00,False
2026-10-06 16:00:00,,,,,,,,,Bihar,Patna,25.5941,85.1376,State Representative,2026-09-30T12:29:21.748395+00:00,False
2026-10-06 17:00:00,,,,,,,,,Bihar,Patna,25.5941,85.1376,State Representative,2026-09-30T12:29:21.748395+00:00,False
2026-10-06 18:00:00,,,,,,,,,Bihar,Patna,25.5941,85.1376,State Representative,2026-09-30T12:29:21.748395+00:00,False
2026-10-06 19:00:00,,,,,,,,,Bihar,Patna,25.5941,85.1376,State Representative,2026-09-30T12:29:21.748395+00:00,False
2026-10-06 20:00:00,,,,,,,,,Bihar,Patna,25.5941,85.1376,State Representative,2026-09-30T12:29:21.748395+00:00,False
2026-10-06 21:00:00,,,,,,,,,Bihar,Patna,25.5941,85.1376,State Representative,2026-09-30T12:29:21.748395+00:00,False
2026-10-06 22:00:00,,,,,,,,,Bihar,Patna,25.5941,85.1376,State Representative,2026-09-30T12:29:21.748395+00:00,False
2026-10-06 23:00:00,,,,,,,,,Bihar,Patna,25.5941,85.1376,State Representative,2026-09-30T12:29:21.748395+00:00,False
2026-09-30 00:00:00,78.5,141.6,272.0,59.0,66.1,14.0,158.0,74.0,Chhattisgarh,Raipur,21.2514,81.6296,State Representative,2026-09-30T12:29:22.452664+00:00,True
2026-09-30 01:00:00,72.4,129.9,264.0,56.4,64.3,14.0,158.0,71.0,Chhattisgarh,Raipur,21.2514,81.6296,State Representative,2026-09-30T12:29:22.452664+00:00,True
2026-09-30 02:00:00,68.7,123.9,260.0,54.2,62.9,13.0,158.0,69.0,Chhattisgarh,Raipur,21.2514,81.6296,State Representative,2026-09-30T12:29:22.452664+00:00,True
2026-09-30 03:00:00,66.6,120.6,255.0,53.8,62.5,10.0,158.0,68.0,Chhattisgarh,Raipur,21.2514,81.6296,State Representative,2026-09-30T12:29:22.452664+00:00,True
2026-09-30 04:00:00,64.3,117.1,253.0,53.8,62.5,8.0,158.0,67.0,Chhattisgarh,Raipur,21.2514,81.6296,State Representative,2026-09-30T12:29:22.452664+00:00,True
2026-09-30 05:00:00,57.0,100.1,253.0,46.8,59.6,15.0,158.0,64.0,Chhattisgarh,Raipur,21.2514,81.6296,State Representative,2026-09-30T12:29:22.452664+00:00,True
2026-09-30 06:00:00,59.5,102.7,255.0,43.0,65.5,26.0,158.0,65.0,Chhattisgarh,Raipur,21.2514,81.6296,State Representative,2026-09-30T12:29:22.452664+00:00,True
2026-09-30 07:00:00,58.3,90.8,259.0,37.6,73.2,43.0,158.0,64.0,Chhattisgarh,Raipur,21.2514,81.6296,State Representative,2026-09-30T12:29:22.452664+00:00,True
2026-09-30 08:00:00,59.6,98.7,253.0,31.4,74.8,62.0,158.0,65.0,Chhattisgarh,Raipur,21.2514,81.6296,State Representative,2026-09-30T12:29:22.452664+00:00,True
2026-09-30 09:00:00,56.1,98.0,229.0,23.9,64.6,87.0,158.0,63.0,Chhattisgarh,Raipur,21.2514,81.6296,State Representative,2026-09-30T12:29:22.452664+00:00,True
2026-09-30 10:00:00,43.1,77.8,197.0,15.6,48.4,115.0,158.0,56.0,Chhattisgarh,Raipur,21.2514,81.6296,State Representative,2026-09-30T12:29:22.452664+00:00,True
2026-09-30 11:00:00,36.8,63.8,174.0,9.6,35.8,135.0,158.0,68.0,Chhattisgarh,Raipur,21.2514,81.6296,State Representative,2026-09-30T12:29:22.452664+00:00,True
2026-09-30 12:00:00,33.9,56.7,166.0,6.7,30.6,142.0,158.0,71.0,Chhattisgarh,Raipur,21.2514,81.6296,State Representative,2026-09-30T12:29:22.452664+00:00,True
2026-09-30 13:00:00,31.0,50.4,167.0,6.0,28.9,140.0,157.0,70.0,Chhattisgarh,Raipur,21.2514,81.6296,State Representative,2026-09-30T12:29:22.452664+00:00,True
2026-09-30 14:00:00,28.3,45.1,178.0,7.6,29.0,132.0,157.0,66.0,Chhattisgarh,Raipur,21.2514,81.6296,State Representative,2026-09-30T12:29:22.452664+00:00,True
2026-09-30 15:00:00,26.6,41.7,190.0,11.6,30.4,117.0,156.0,57.0,Chhattisgarh,Raipur,21.2514,81.6296,State Representative,2026-09-30T12:29:22.452664+00:00,True
2026-09-30 16:00:00,28.2,40.6,213.0,17.8,33.5,97.0,155.0,48.0,Chhattisgarh,Raipur,21.2514,81.6296,State Representative,2026-09-30T12:29:22.452664+00:00,True
2026-09-30 17:00:00,34.5,46.9,277.0,25.7,37.8,77.0,154.0,51.0,Chhattisgarh,Raipur,21.2514,81.6296,State Representative,2026-09-30T12:29:22.452664+00:00,True
2026-09-30 18:00:00,44.7,57.6,424.0,36.9,43.7,58.0,153.0,57.0,Chhattisgarh,Raipur,21.2514,81.6296,State Representative,2026-09-30T12:29:22.452664+00:00,True
2026-09-30 19:00:00,57.3,70.8,613.0,49.9,50.8,39.0,152.0,64.0,Chhattisgarh,Raipur,21.2514,81.6296,State Representative,2026-09-30T12:29:22.452664+00:00,True
2026-09-30 20:00:00,68.5,82.7,751.0,59.5,56.8,25.0,151.0,69.0,Chhattisgarh,Raipur,21.2514,81.6296,State Representative,2026-09-30T12:29:22.452664+00:00,True
2026-09-30 21:00:00,75.4,90.6,786.0,63.6,61.3,17.0,151.0,73.0,Chhattisgarh,Raipur,21.2514,81.6296,State Representative,2026-09-30T12:29:22.452664+00:00,True
2026-09-30 22:00:00,75.0,90.6,769.0,64.2,64.8,13.0,150.0,73.0,Chhattisgarh,Raipur,21.2514,81.6296,State Representative,2026-09-30T12:29:22.452664+00:00,True
2026-09-30 23:00:00,68.7,83.6,763.0,63.1,66.5,11.0,148.0,69.0,Chhattisgarh,Raipur,21.2514,81.6296,State Representative,2026-09-30T12:29:22.452664+00:00,True
2026-10-01 00:00:00,60.8,74.5,805.0,59.5,65.3,12.0,146.0,65.0,Chhattisgarh,Raipur,21.2514,81.6296,State Representative,2026-09-30T12:29:22.452664+00:00,True
2026-10-01 01:00:00,54.8,67.5,857.0,54.2,62.3,16.0,144.0,62.0,Chhattisgarh,Raipur,21.2514,81.6296,State Representative,2026-09-30T12:29:22.452664+00:00,True
2026-10-01 02:00:00,50.9,62.6,875.0,50.1,60.2,19.0,142.0,60.0,Chhattisgarh,Raipur,21.2514,81.6296,State Representative,2026-09-30T12:29:22.452664+00:00,True
2026-10-01 03:00:00,49.1,60.5,835.0,49.4,59.3,16.0,140.0,59.0,Chhattisgarh,Raipur,21.2514,81.6296,State Representative,2026-09-30T12:29:22.452664+00:00,True
2026-10-01 04:00:00,48.9,60.3,759.0,50.1,59.3,12.0,139.0,59.0,Chhattisgarh,Raipur,21.2514,81.6296,State Representative,2026-09-30T12:29:22.452664+00:00,True
2026-10-01 05:00:00,50.5,61.9,670.0,49.2,62.0,15.0,137.0,60.0,Chhattisgarh,Raipur,21.2514,81.6296,State Representative,2026-09-30T12:29:22.452664+00:00,True
2026-10-01 06:00:00,56.7,68.5,563.0,45.7,71.6,28.0,136.0,63.0,Chhattisgarh,Raipur,21.2514,81.6296,State Representative,2026-09-30T12:29:22.452664+00:00,True
2026-10-01 07:00:00,57.0,67.3,442.0,40.8,83.9,48.0,136.0,64.0,Chhattisgarh,Raipur,21.2514,81.6296,State Representative,2026-09-30T12:29:22.452664+00:00,True
2026-10-01 08:00:00,53.4,64.7,340.0,34.8,87.8,70.0,136.0,62.0,Chhattisgarh,Raipur,21.2514,81.6296,State Representative,2026-09-30T12:29:22.452664+00:00,True
2026-10-01 09:00:00,49.1,62.2,268.0,26.9,75.1,96.0,135.0,59.0,Chhattisgarh,Raipur,21.2514,81.6296,State Representative,2026-09-30T12:29:22.452664+00:00,True
2026-10-01 10:00:00,38.9,54.2,216.0,18.0,53.9,123.0,135.0,62.0,Chhattisgarh,Raipur,21.2514,81.6296,State Representative,2026-09-30T12:29:22.452664+00:00,True
2026-10-01 11:00:00,32.6,49.9,179.0,11.4,37.7,142.0,134.0,71.0,Chhattisgarh,Raipur,21.2514,81.6296,State Representative,2026-09-30T12:29:22.452664+00:00,True
2026-10-01 12:00:00,31.2,49.0,159.0,8.4,32.2,147.0,134.0,74.0,Chhattisgarh,Raipur,21.2514,81.6296,State Representative,2026-09-30T12:29:22.452664+00:00,True
2026-10-01 13:00:00,31.1,49.1,155.0,7.7,31.7,144.0,133.0,72.0,Chhattisgarh,Raipur,21.2514,81.6296,State Representative,2026-09-30T12:29:22.452664+00:00,True
2026-10-01 14:00:00,30.9,49.0,164.0,9.2,32.3,135.0,133.0,68.0,Chhattisgarh,Raipur,21.2514,81.6296,State Representative,2026-09-30T12:29:22.452664+00:00,True
2026-10-01 15:00:00,30.5,48.5,174.0,12.9,33.0,119.0,134.0,59.0,Chhattisgarh,Raipur,21.2514,81.6296,State Representative,2026-09-30T12:29:22.452664+00:00,True
2026-10-01 16:00:00,31.5,48.3,196.0,18.7,34.9,97.0,134.0,49.0,Chhattisgarh,Raipur,21.2514,81.6296,State Representative,2026-09-30T12:29:22.452664+00:00,True
2026-10-01 17:00:00,37.7,54.1,262.0,25.9,37.1,77.0,134.0,53.0,Chhattisgarh,Raipur,21.2514,81.6296,State Representative,2026-09-30T12:29:22.452664+00:00,True
2026-10-01 18:00:00,47.0,64.3,404.0,35.9,40.1,61.0,135.0,58.0,Chhattisgarh,Raipur,21.2514,81.6296,State Representative,2026-09-30T12:29:22.452664+00:00,True
2026-10-01 19:00:00,59.1,77.1,589.0,47.4,43.6,46.0,135.0,65.0,Chhattisgarh,Raipur,21.2514,81.6296,State Representative,2026-09-30T12:29:22.452664+00:00,True
2026-10-01 20:00:00,72.9,92.0,751.0,55.5,45.4,34.0,135.0,71.0,Chhattisgarh,Raipur,21.2514,81.6296,State Representative,2026-09-30T12:29:22.452664+00:00,True
2026-10-01 21:00:00,84.8,104.8,858.0,57.3,43.6,27.0,136.0,77.0,Chhattisgarh,Raipur,21.2514,81.6296,State Representative,2026-09-30T12:29:22.452664+00:00,True
2026-10-01 22:00:00,91.0,111.1,941.0,55.8,40.3,22.0,137.0,80.0,Chhattisgarh,Raipur,21.2514,81.6296,State Representative,2026-09-30T12:29:22.452664+00:00,True
2026-10-01 23:00:00,87.3,106.6,1030.0,54.6,39.2,19.0,138.0,79.0,Chhattisgarh,Raipur,21.2514,81.6296,State Representative,2026-09-30T12:29:22.452664+00:00,True
2026-10-02 00:00:00,81.0,99.0,1151.0,55.0,42.5,16.0,140.0,76.0,Chhattisgarh,Raipur,21.2514,81.6296,State Representative,2026-09-30T12:29:22.452664+00:00,True
2026-10-02 01:00:00,78.2,94.5,1278.0,55.8,48.0,15.0,142.0,74.0,Chhattisgarh,Raipur,21.2514,81.6296,State Representative,2026-09-30T12:29:22.452664+00:00,True
2026-10-02 02:00:00,77.1,92.7,1358.0,56.9,53.8,13.0,145.0,74.0,Chhattisgarh,Raipur,21.2514,81.6296,State Representative,2026-09-30T12:29:22.452664+00:00,True
2026-10-02 03:00:00,76.8,92.9,1388.0,58.9,58.5,9.0,147.0,73.0,Chhattisgarh,Raipur,21.2514,81.6296,State Representative,2026-09-30T12:29:22.452664+00:00,True
2026-10-02 04:00:00,77.8,94.5,1371.0,61.3,63.4,5.0,150.0,74.0,Chhattisgarh,Raipur,21.2514,81.6296,State Representative,2026-09-30T12:29:22.452664+00:00,True
2026-10-02 05:00:00,78.9,96.4,1269.0,62.1,70.2,7.0,151.0,74.0,Chhattisgarh,Raipur,21.2514,81.6296,State Representative,2026-09-30T12:29:22.452664+00:00,True
2026-10-02 06:00:00,81.5,99.7,1017.0,61.1,83.5,16.0,152.0,76.0,Chhattisgarh,Raipur,21.2514,81.6296,State Representative,2026-09-30T12:29:22.452664+00:00,True
2026-10-02 07:00:00,80.8,95.9,680.0,58.6,98.7,30.0,153.0,75.0,Chhattisgarh,Raipur,21.2514,81.6296,State Representative,2026-09-30T12:29:22.452664+00:00,True
2026-10-02 08:00:00,77.8,96.6,415.0,53.2,103.9,50.0,153.0,74.0,Chhattisgarh,Raipur,21.2514,81.6296,State Representative,2026-09-30T12:29:22.452664+00:00,True
2026-10-02 09:00:00,73.1,97.1,293.0,42.5,90.2,80.0,154.0,72.0,Chhattisgarh,Raipur,21.2514,81.6296,State Representative,2026-09-30T12:29:22.452664+00:00,True
2026-10-02 10:00:00,61.2,88.2,243.0,28.9,66.4,116.0,155.0,66.0,Chhattisgarh,Raipur,21.2514,81.6296,State Representative,2026-09-30T12:29:22.452664+00:00,True
2026-10-02 11:00:00,44.7,73.6,211.0,18.1,47.0,142.0,155.0,71.0,Chhattisgarh,Raipur,21.2514,81.6296,State Representative,2026-09-30T12:29:22.452664+00:00,True
2026-10-02 12:00:00,40.4,68.2,180.0,11.9,37.7,154.0,156.0,77.0,Chhattisgarh,Raipur,21.2514,81.6296,State Representative,2026-09-30T12:29:22.452664+00:00,True
2026-10-02 13:00:00,39.2,66.8,166.0,8.5,32.9,156.0,156.0,78.0,Chhattisgarh,Raipur,21.2514,81.6296,State Representative,2026-09-30T12:29:22.452664+00:00,True
2026-10-02 14:00:00,38.3,65.2,167.0,8.1,30.1,151.0,156.0,76.0,Chhattisgarh,Raipur,21.2514,81.6296,State Representative,2026-09-30T12:29:22.452664+00:00,True
2026-10-02 15:00:00,37.0,63.3,173.0,11.4,28.7,135.0,156.0,68.0,Chhattisgarh,Raipur,21.2514,81.6296,State Representative,2026-09-30T12:29:22.452664+00:00,True
2026-10-02 16:00:00,37.4,62.2,193.0,17.6,29.4,110.0,157.0,53.0,Chhattisgarh,Raipur,21.2514,81.6296,State Representative,2026-09-30T12:29:22.452664+00:00,True
2026-10-02 17:00:00,44.4,67.5,251.0,25.1,31.5,88.0,157.0,57.0,Chhattisgarh,Raipur,21.2514,81.6296,State Representative,2026-09-30T12:29:22.452664+00:00,True
2026-10-02 18:00:00,56.0,80.1,376.0,34.9,35.8,70.0,157.0,63.0,Chhattisgarh,Raipur,21.2514,81.6296,State Representative,2026-09-30T12:29:22.452664+00:00,True
2026-10-02 19:00:00,71.7,96.9,539.0,45.9,41.5,55.0,157.0,71.0,Chhattisgarh,Raipur,21.2514,81.6296,State Representative,2026-09-30T12:29:22.452664+00:00,True
2026-10-02 20:00:00,82.2,107.6,678.0,53.1,45.4,44.0,158.0,76.0,Chhattisgarh,Raipur,21.2514,81.6296,State Representative,2026-09-30T12:29:22.452664+00:00,True
2026-10-02 21:00:00,82.2,106.6,767.0,53.1,45.2,40.0,158.0,76.0,Chhattisgarh,Raipur,21.2514,81.6296,State Representative,2026-09-30T12:29:22.452664+00:00,True
2026-10-02 22:00:00,80.6,103.8,832.0,49.3,43.2,40.0,158.0,75.0,Chhattisgarh,Raipur,21.2514,81.6296,State Representative,2026-09-30T12:29:22.452664+00:00,True
2026-10-02 23:00:00,78.7,101.0,885.0,46.6,43.0,39.0,158.0,74.0,Chhattisgarh,Raipur,21.2514,81.6296,State Representative,2026-09-30T12:29:22.452664+00:00,True
2026-10-03 00:00:00,76.6,97.8,915.0,47.1,46.3,36.0,157.0,73.0,Chhattisgarh,Raipur,21.2514,81.6296,State Representative,2026-09-30T12:29:22.452664+00:00,True
2026-10-03 01:00:00,76.4,96.2,933.0,48.8,51.4,34.0,157.0,73.0,Chhattisgarh,Raipur,21.2514,81.6296,State Representative,2026-09-30T12:29:22.452664+00:00,True
2026-10-03 02:00:00,77.3,96.9,988.0,50.6,56.4,30.0,157.0,74.0,Chhattisgarh,Raipur,21.2514,81.6296,State Representative,2026-09-30T12:29:22.452664+00:00,True
2026-10-03 03:00:00,79.2,99.0,1113.0,53.0,60.3,23.0,157.0,75.0,Chhattisgarh,Raipur,21.2514,81.6296,State Representative,2026-09-30T12:29:22.452664+00:00,True
2026-10-03 04:00:00,80.3,100.6,1275.0,55.5,64.0,16.0,157.0,75.0,Chhattisgarh,Raipur,21.2514,81.6296,State Representative,2026-09-30T12:29:22.452664+00:00,True
2026-10-03 05:00:00,80.8,101.5,1416.0,55.9,68.5,16.0,157.0,75.0,Chhattisgarh,Raipur,21.2514,81.6296,State Representative,2026-09-30T12:29:22.452664+00:00,True
2026-10-03 06:00:00,82.2,103.1,1556.0,53.2,76.2,27.0,157.0,76.0,Chhattisgarh,Raipur,21.2514,81.6296,State Representative,2026-09-30T12:29:22.452664+00:00,True
2026-10-03 07:00:00,78.5,94.1,1675.0,48.5,84.6,45.0,157.0,74.0,Chhattisgarh,Raipur,21.2514,81.6296,State Representative,2026-09-30T12:29:22.452664+00:00,True
2026-10-03 08:00:00,74.3,92.2,1661.0,42.6,88.1,67.0,157.0,72.0,Chhattisgarh,Raipur,21.2514,81.6296,State Representative,2026-09-30T12:29:22.452664+00:00,True
2026-10-03 09:00:00,70.8,91.0,1412.0,34.9,83.0,94.0,157.0,70.0,Chhattisgarh,Raipur,21.2514,81.6296,State Representative,2026-09-30T12:29:22.452664+00:00,True
2026-10-03 10:00:00,64.7,89.2,1030.0,26.0,72.8,125.0,157.0,67.0,Chhattisgarh,Raipur,21.2514,81.6296,State Representative,2026-09-30T12:29:22.452664+00:00,True
2026-10-03 11:00:00,50.9,80.6,707.0,18.6,62.4,149.0,157.0,75.0,Chhattisgarh,Raipur,21.2514,81.6296,State Representative,2026-09-30T12:29:22.452664+00:00,True
2026-10-03 12:00:00,44.2,74.3,515.0,13.0,52.4,162.0,157.0,82.0,Chhattisgarh,Raipur,21.2514,81.6296,State Representative,2026-09-30T12:29:22.452664+00:00,True
2026-10-03 13:00:00,42.8,72.2,382.0,8.8,42.2,168.0,157.0,88.0,Chhattisgarh,Raipur,21.2514,81.6296,State Representative,2026-09-30T12:29:22.452664+00:00,True
2026-10-03 14:00:00,42.0,70.8,291.0,7.6,34.6,165.0,158.0,85.0,Chhattisgarh,Raipur,21.2514,81.6296,State Representative,2026-09-30T12:29:22.452664+00:00,True
2026-10-03 15:00:00,41.0,69.2,230.0,10.6,30.8,148.0,158.0,74.0,Chhattisgarh,Raipur,21.2514,81.6296,State Representative,2026-09-30T12:29:22.452664+00:00,True
2026-10-03 16:00:00,42.1,68.2,211.0,16.7,29.7,122.0,158.0,61.0,Chhattisgarh,Raipur,21.2514,81.6296,State Representative,2026-09-30T12:29:22.452664+00:00,True
2026-10-03 17:00:00,48.0,72.6,247.0,23.7,30.4,98.0,158.0,59.0,Chhattisgarh,Raipur,21.2514,81.6296,State Representative,2026-09-30T12:29:22.452664+00:00,True
2026-10-03 18:00:00,59.5,85.2,361.0,32.3,33.9,81.0,158.0,65.0,Chhattisgarh,Raipur,21.2514,81.6296,State Representative,2026-09-30T12:29:22.452664+00:00,True
2026-10-03 19:00:00,74.7,101.0,530.0,41.9,39.3,68.0,158.0,72.0,Chhattisgarh,Raipur,21.2514,81.6296,State Representative,2026-09-30T12:29:22.452664+00:00,True
2026-10-03 20:00:00,87.1,113.9,701.0,48.8,43.0,56.0,158.0,79.0,Chhattisgarh,Raipur,21.2514,81.6296,State Representative,2026-09-30T12:29:22.452664+00:00,True
2026-10-03 21:00:00,93.4,119.7,860.0,50.9,42.8,47.0,158.0,81.0,Chhattisgarh,Raipur,21.2514,81.6296,State Representative,2026-09-30T12:29:22.452664+00:00,True
2026-10-03 22:00:00,95.2,121.1,1022.0,50.2,40.8,40.0,159.0,82.0,Chhattisgarh,Raipur,21.2514,81.6296,State Representative,2026-09-30T12:29:22.452664+00:00,True
2026-10-03 23:00:00,91.5,116.2,1177.0,49.3,40.0,34.0,159.0,81.0,Chhattisgarh,Raipur,21.2514,81.6296,State Representative,2026-09-30T12:29:22.452664+00:00,True
2026-10-04 00:00:00,85.4,108.7,1345.0,49.0,41.7,30.0,160.0,78.0,Chhattisgarh,Raipur,21.2514,81.6296,State Representative,2026-09-30T12:29:22.452664+00:00,True
2026-10-04 01:00:00,81.0,102.9,1505.0,48.5,44.6,27.0,160.0,76.0,Chhattisgarh,Raipur,21.2514,81.6296,State Representative,2026-09-30T12:29:22.452664+00:00,True
2026-10-04 02:00:00,77.5,98.7,1588.0,48.1,47.0,25.0,160.0,74.0,Chhattisgarh,Raipur,21.2514,81.6296,State Representative,2026-09-30T12:29:22.452664+00:00,True
2026-10-04 03:00:00,74.7,95.2,1524.0,48.3,47.5,20.0,160.0,72.0,Chhattisgarh,Raipur,21.2514,81.6296,State Representative,2026-09-30T12:29:22.452664+00:00,True
2026-10-04 04:00:00,72.4,92.4,1382.0,48.7,47.5,16.0,160.0,71.0,Chhattisgarh,Raipur,21.2514,81.6296,State Representative,2026-09-30T12:29:22.452664+00:00,True
2026-10-04 05:00:00,70.5,90.3,1198.3,47.8,50.1,17.0,160.0,70.0,Chhattisgarh,Raipur,21.2514,81.6296,State Representative,2026-09-30T12:29:22.452664+00:00,True
2026-10-04 06:00:00,71.2,90.8,1085.0,45.1,58.6,28.0,159.0,71.0,Chhattisgarh,Raipur,21.2514,81.6296,State Representative,2026-09-30T12:29:22.452664+00:00,True
2026-10-04 07:00:00,68.5,82.7,996.0,41.3,69.6,44.0,159.0,69.0,Chhattisgarh,Raipur,21.2514,81.6296,State Representative,2026-09-30T12:29:22.452664+00:00,True
2026-10-04 08:00:00,67.1,82.4,863.0,36.7,75.8,64.0,159.0,69.0,Chhattisgarh,Raipur,21.2514,81.6296,State Representative,2026-09-30T12:29:22.452664+00:00,True
2026-10-04 09:00:00,63.1,81.7,746.0,31.1,73.4,89.0,158.0,67.0,Chhattisgarh,Raipur,21.2514,81.6296,State Representative,2026-09-30T12:29:22.452664+00:00,True
2026-10-04 10:00:00,54.5,73.8,586.0,24.8,66.1,117.0,158.0,62.0,Chhattisgarh,Raipur,21.2514,81.6296,State Representative,2026-09-30T12:29:22.452664+00:00,True
2026-10-04 11:00:00,39.9,59.1,456.0,19.2,58.5,139.0,158.0,70.0,Chhattisgarh,Raipur,21.2514,81.6296,State Representative,2026-09-30T12:29:22.452664+00:00,True
2026-10-04 12:00:00,33.6,51.7,382.0,14.1,50.9,155.0,158.0,78.0,Chhattisgarh,Raipur,21.2514,81.6296,State Representative,2026-09-30T12:29:22.452664+00:00,True
2026-10-04 13:00:00,34.0,51.3,338.0,9.6,42.9,165.0,157.0,85.0,Chhattisgarh,Raipur,21.2514,81.6296,State Representative,2026-09-30T12:29:22.452664+00:00,True
2026-10-04 14:00:00,35.4,52.3,325.0,8.0,37.3,166.0,157.0,86.0,Chhattisgarh,Raipur,21.2514,81.6296,State Representative,2026-09-30T12:29:22.452664+00:00,True
2026-10-04 15:00:00,36.6,53.1,345.0,10.4,35.6,153.0,157.0,77.0,Chhattisgarh,Raipur,21.2514,81.6296,State Representative,2026-09-30T12:29:22.452664+00:00,True
2026-10-04 16:00:00,38.4,54.0,397.0,15.6,36.4,131.0,157.0,66.0,Chhattisgarh,Raipur,21.2514,81.6296,State Representative,2026-09-30T12:29:22.452664+00:00,True
2026-10-04 17:00:00,46.0,59.8,474.0,21.8,38.4,110.0,157.0,58.0,Chhattisgarh,Raipur,21.2514,81.6296,State Representative,2026-09-30T12:29:22.452664+00:00,True
2026-10-04 18:00:00,57.6,72.2,595.0,29.5,42.3,94.0,157.0,64.0,Chhattisgarh,Raipur,21.2514,81.6296,State Representative,2026-09-30T12:29:22.452664+00:00,True
2026-10-04 19:00:00,75.9,90.8,741.0,38.2,47.4,79.0,156.0,73.0,Chhattisgarh,Raipur,21.2514,81.6296,State Representative,2026-09-30T12:29:22.452664+00:00,True
2026-10-04 20:00:00,88.5,103.4,853.0,44.3,50.5,66.0,157.0,79.0,Chhattisgarh,Raipur,21.2514,81.6296,State Representative,2026-09-30T12:29:22.452664+00:00,True
2026-10-04 21:00:00,92.7,107.6,902.0,45.7,49.4,56.0,157.0,81.0,Chhattisgarh,Raipur,21.2514,81.6296,State Representative,2026-09-30T12:29:22.452664+00:00,True
2026-10-04 22:00:00,91.3,106.2,915.0,44.6,46.2,48.0,157.0,81.0,Chhattisgarh,Raipur,21.2514,81.6296,State Representative,2026-09-30T12:29:22.452664+00:00,True
2026-10-04 23:00:00,87.3,102.4,918.0,43.8,44.1,41.0,156.0,79.0,Chhattisgarh,Raipur,21.2514,81.6296,State Representative,2026-09-30T12:29:22.452664+00:00,True
2026-10-05 00:00:00,81.5,96.6,914.0,44.3,44.2,33.0,156.0,76.0,Chhattisgarh,Raipur,21.2514,81.6296,State Representative,2026-09-30T12:29:22.452664+00:00,True
2026-10-05 01:00:00,76.8,91.7,900.0,45.2,45.3,26.0,156.0,73.0,Chhattisgarh,Raipur,21.2514,81.6296,State Representative,2026-09-30T12:29:22.452664+00:00,True
2026-10-05 02:00:00,73.6,88.0,885.0,46.3,47.2,20.0,156.0,72.0,Chhattisgarh,Raipur,21.2514,81.6296,State Representative,2026-09-30T12:29:22.452664+00:00,True
2026-10-05 03:00:00,70.3,84.8,872.0,47.8,50.5,16.0,156.0,70.0,Chhattisgarh,Raipur,21.2514,81.6296,State Representative,2026-09-30T12:29:22.452664+00:00,True
2026-10-05 04:00:00,67.8,82.4,858.0,49.6,54.6,13.0,156.0,69.0,Chhattisgarh,Raipur,21.2514,81.6296,State Representative,2026-09-30T12:29:22.452664+00:00,True
2026-10-05 05:00:00,66.4,82.0,848.0,50.9,57.5,11.0,156.0,68.0,Chhattisgarh,Raipur,21.2514,81.6296,State Representative,2026-09-30T12:29:22.452664+00:00,True
2026-10-05 06:00:00,,,,,,,156.0,,Chhattisgarh,Raipur,21.2514,81.6296,State Representative,2026-09-30T12:29:22.452664+00:00,False
2026-10-05 07:00:00,,,,,,,,,Chhattisgarh,Raipur,21.2514,81.6296,State Representative,2026-09-30T12:29:22.452664+00:00,False
2026-10-05 08:00:00,,,,,,,,,Chhattisgarh,Raipur,21.2514,81.6296,State Representative,2026-09-30T12:29:22.452664+00:00,False
2026-10-05 09:00:00,,,,,,,,,Chhattisgarh,Raipur,21.2514,81.6296,State Representative,2026-09-30T12:29:22.452664+00:00,False
2026-10-05 10:00:00,,,,,,,,,Chhattisgarh,Raipur,21.2514,81.6296,State Representative,2026-09-30T12:29:22.452664+00:00,False
2026-10-05 11:00:00,,,,,,,,,Chhattisgarh,Raipur,21.2514,81.6296,State Representative,2026-09-30T12:29:22.452664+00:00,False
2026-10-05 12:00:00,,,,,,,,,Chhattisgarh,Raipur,21.2514,81.6296,State Representative,2026-09-30T12:29:22.452664+00:00,False
2026-10-05 13:00:00,,,,,,,,,Chhattisgarh,Raipur,21.2514,81.6296,State Representative,2026-09-30T12:29:22.452664+00:00,False
2026-10-05 14:00:00,,,,,,,,,Chhattisgarh,Raipur,21.2514,81.6296,State Representative,2026-09-30T12:29:22.452664+00:00,False
2026-10-05 15:00:00,,,,,,,,,Chhattisgarh,Raipur,21.2514,81.6296,State Representative,2026-09-30T12:29:22.452664+00:00,False
2026-10-05 16:00:00,,,,,,,,,Chhattisgarh,Raipur,21.2514,81.6296,State Representative,2026-09-30T12:29:22.452664+00:00,False
2026-10-05 17:00:00,,,,,,,,,Chhattisgarh,Raipur,21.2514,81.6296,State Representative,2026-09-30T12:29:22.452664+00:00,False
2026-10-05 18:00:00,,,,,,,,,Chhattisgarh,Raipur,21.2514,81.6296,State Representative,2026-09-30T12:29:22.452664+00:00,False
2026-10-05 19:00:00,,,,,,,,,Chhattisgarh,Raipur,21.2514,81.6296,State Representative,2026-09-30T12:29:22.452664+00:00,False
2026-10-05 20:00:00,,,,,,,,,Chhattisgarh,Raipur,21.2514,81.6296,State Representative,2026-09-30T12:29:22.452664+00:00,False
2026-10-05 21:00:00,,,,,,,,,Chhattisgarh,Raipur,21.2514,81.6296,State Representative,2026-09-30T12:29:22.452664+00:00,False
2026-10-05 22:00:00,,,,,,,,,Chhattisgarh,Raipur,21.2514,81.6296,State Representative,2026-09-30T12:29:22.452664+00:00,False
2026-10-05 23:00:00,,,,,,,,,Chhattisgarh,Raipur,21.2514,81.6296,State Representative,2026-09-30T12:29:22.452664+00:00,False
2026-10-06 00:00:00,,,,,,,,,Chhattisgarh,Raipur,21.2514,81.6296,State Representative,2026-09-30T12:29:22.452664+00:00,False
2026-10-06 01:00:00,,,,,,,,,Chhattisgarh,Raipur,21.2514,81.6296,State Representative,2026-09-30T12:29:22.452664+00:00,False
2026-10-06 02:00:00,,,,,,,,,Chhattisgarh,Raipur,21.2514,81.6296,State Representative,2026-09-30T12:29:22.452664+00:00,False
2026-10-06 03:00:00,,,,,,,,,Chhattisgarh,Raipur,21.2514,81.6296,State Representative,2026-09-30T12:29:22.452664+00:00,False
2026-10-06 04:00:00,,,,,,,,,Chhattisgarh,Raipur,21.2514,81.6296,State Representative,2026-09-30T12:29:22.452664+00:00,False
2026-10-06 05:00:00,,,,,,,,,Chhattisgarh,Raipur,21.2514,81.6296,State Representative,2026-09-30T12:29:22.452664+00:00,False
2026-10-06 06:00:00,,,,,,,,,Chhattisgarh,Raipur,21.2514,81.6296,State Representative,2026-09-30T12:29:22.452664+00:00,False
2026-10-06 07:00:00,,,,,,,,,Chhattisgarh,Raipur,21.2514,81.6296,State Representative,2026-09-30T12:29:22.452664+00:00,False
2026-10-06 08:00:00,,,,,,,,,Chhattisgarh,Raipur,21.2514,81.6296,State Representative,2026-09-30T12:29:22.452664+00:00,False
2026-10-06 09:00:00,,,,,,,,,Chhattisgarh,Raipur,21.2514,81.6296,State Representative,2026-09-30T12:29:22.452664+00:00,False
2026-10-06 10:00:00,,,,,,,,,Chhattisgarh,Raipur,21.2514,81.6296,State Representative,2026-09-30T12:29:22.452664+00:00,False
2026-10-06 11:00:00,,,,,,,,,Chhattisgarh,Raipur,21.2514,81.6296,State Representative,2026-09-30T12:29:22.452664+00:00,False
2026-10-06 12:00:00,,,,,,,,,Chhattisgarh,Raipur,21.2514,81.6296,State Representative,2026-09-30T12:29:22.452664+00:00,False
2026-10-06 13:00:00,,,,,,,,,Chhattisgarh,Raipur,21.2514,81.6296,State Representative,2026-09-30T12:29:22.452664+00:00,False
2026-10-06 14:00:00,,,,,,,,,Chhattisgarh,Raipur,21.2514,81.6296,State Representative,2026-09-30T12:29:22.452664+00:00,False
2026-10-06 15:00:00,,,,,,,,,Chhattisgarh,Raipur,21.2514,81.6296,State Representative,2026-09-30T12:29:22.452664+00:00,False
2026-10-06 16:00:00,,,,,,,,,Chhattisgarh,Raipur,21.2514,81.6296,State Representative,2026-09-30T12:29:22.452664+00:00,False
2026-10-06 17:00:00,,,,,,,,,Chhattisgarh,Raipur,21.2514,81.6296,State Representative,2026-09-30T12:29:22.452664+00:00,False
2026-10-06 18:00:00,,,,,,,,,Chhattisgarh,Raipur,21.2514,81.6296,State Representative,2026-09-30T12:29:22.452664+00:00,False
2026-10-06 19:00:00,,,,,,,,,Chhattisgarh,Raipur,21.2514,81.6296,State Representative,2026-09-30T12:29:22.452664+00:00,False
2026-10-06 20:00:00,,,,,,,,,Chhattisgarh,Raipur,21.2514,81.6296,State Representative,2026-09-30T12:29:22.452664+00:00,False
2026-10-06 21:00:00,,,,,,,,,Chhattisgarh,Raipur,21.2514,81.6296,State Representative,2026-09-30T12:29:22.452664+00:00,False
2026-10-06 22:00:00,,,,,,,,,Chhattisgarh,Raipur,21.2514,81.6296,State Representative,2026-09-30T12:29:22.452664+00:00,False
2026-10-06 23:00:00,,,,,,,,,Chhattisgarh,Raipur,21.2514,81.6296,State Representative,2026-09-30T12:29:22.452664+00:00,False
2026-09-30 00:00:00,27.7,31.2,324.0,19.2,4.7,36.0,69.0,47.0,Goa,Panaji,15.4909,73.8278,State Representative,2026-09-30T12:29:23.184373+00:00,True
2026-09-30 01:00:00,22.1,24.9,275.0,14.5,3.8,40.0,70.0,44.0,Goa,Panaji,15.4909,73.8278,State Representative,2026-09-30T12:29:23.184373+00:00,True
2026-09-30 02:00:00,20.5,23.2,237.0,10.8,3.1,44.0,70.0,43.0,Goa,Panaji,15.4909,73.8278,State Representative,2026-09-30T12:29:23.184373+00:00,True
2026-09-30 03:00:00,19.3,21.6,225.0,9.4,2.8,44.0,70.0,42.0,Goa,Panaji,15.4909,73.8278,State Representative,2026-09-30T12:29:23.184373+00:00,True
2026-09-30 04:00:00,17.9,19.8,226.0,8.8,2.8,43.0,70.0,42.0,Goa,Panaji,15.4909,73.8278,State Representative,2026-09-30T12:29:23.184373+00:00,True
2026-09-30 05:00:00,14.4,16.4,228.0,7.5,2.7,55.0,70.0,39.0,Goa,Panaji,15.4909,73.8278,State Representative,2026-09-30T12:29:23.184373+00:00,True
2026-09-30 06:00:00,12.4,13.9,234.0,6.9,3.0,65.0,71.0,35.0,Goa,Panaji,15.4909,73.8278,State Representative,2026-09-30T12:29:23.184373+00:00,True
2026-09-30 07:00:00,12.7,14.3,241.0,6.1,3.4,80.0,71.0,35.0,Goa,Panaji,15.4909,73.8278,State Representative,2026-09-30T12:29:23.184373+00:00,True
2026-09-30 08:00:00,13.3,15.0,237.0,5.1,3.7,96.0,71.0,38.0,Goa,Panaji,15.4909,73.8278,State Representative,2026-09-30T12:29:23.184373+00:00,True
2026-09-30 09:00:00,14.2,16.0,209.0,3.9,3.9,114.0,71.0,54.0,Goa,Panaji,15.4909,73.8278,State Representative,2026-09-30T12:29:23.184373+00:00,True
2026-09-30 10:00:00,15.2,17.2,170.0,2.5,4.0,133.0,71.0,67.0,Goa,Panaji,15.4909,73.8278,State Representative,2026-09-30T12:29:23.184373+00:00,True
2026-09-30 11:00:00,15.5,17.6,139.0,1.6,4.0,146.0,71.0,73.0,Goa,Panaji,15.4909,73.8278,State Representative,2026-09-30T12:29:23.184373+00:00,True
2026-09-30 12:00:00,15.5,18.0,126.0,1.3,4.0,149.0,71.0,75.0,Goa,Panaji,15.4909,73.8278,State Representative,2026-09-30T12:29:23.184373+00:00,True
2026-09-30 13:00:00,15.4,17.8,123.0,1.4,3.9,146.0,71.0,73.0,Goa,Panaji,15.4909,73.8278,State Representative,2026-09-30T12:29:23.184373+00:00,True
2026-09-30 14:00:00,14.9,17.0,120.0,1.6,3.8,142.0,71.0,71.0,Goa,Panaji,15.4909,73.8278,State Representative,2026-09-30T12:29:23.184373+00:00,True
2026-09-30 15:00:00,14.5,16.6,112.0,1.7,3.7,141.0,81.0,71.0,Goa,Panaji,15.4909,73.8278,State Representative,2026-09-30T12:29:23.184373+00:00,True
2026-09-30 16:00:00,14.9,17.0,106.0,1.9,3.6,139.0,93.0,70.0,Goa,Panaji,15.4909,73.8278,State Representative,2026-09-30T12:29:23.184373+00:00,True
2026-09-30 17:00:00,15.4,17.5,112.0,3.1,3.6,134.0,103.0,67.0,Goa,Panaji,15.4909,73.8278,State Representative,2026-09-30T12:29:23.184373+00:00,True
2026-09-30 18:00:00,17.1,19.0,134.0,6.0,3.9,123.0,107.0,62.0,Goa,Panaji,15.4909,73.8278,State Representative,2026-09-30T12:29:23.184373+00:00,True
2026-09-30 19:00:00,20.1,22.2,168.0,9.8,4.3,109.0,105.0,49.0,Goa,Panaji,15.4909,73.8278,State Representative,2026-09-30T12:29:23.184373+00:00,True
2026-09-30 20:00:00,22.8,24.9,214.0,13.2,4.6,97.0,97.0,44.0,Goa,Panaji,15.4909,73.8278,State Representative,2026-09-30T12:29:23.184373+00:00,True
2026-09-30 21:00:00,25.0,27.2,287.0,15.6,4.9,89.0,86.0,46.0,Goa,Panaji,15.4909,73.8278,State Representative,2026-09-30T12:29:23.184373+00:00,True
2026-09-30 22:00:00,27.7,30.0,371.0,17.5,5.1,84.0,74.0,47.0,Goa,Panaji,15.4909,73.8278,State Representative,2026-09-30T12:29:23.184373+00:00,True
2026-09-30 23:00:00,33.6,36.1,421.0,18.8,5.2,76.0,68.0,51.0,Goa,Panaji,15.4909,73.8278,State Representative,2026-09-30T12:29:23.184373+00:00,True
2026-10-01 00:00:00,37.8,40.3,406.0,19.3,4.9,63.0,68.0,53.0,Goa,Panaji,15.4909,73.8278,State Representative,2026-09-30T12:29:23.184373+00:00,True
2026-10-01 01:00:00,39.1,41.3,355.0,19.2,4.5,47.0,69.0,54.0,Goa,Panaji,15.4909,73.8278,State Representative,2026-09-30T12:29:23.184373+00:00,True
2026-10-01 02:00:00,34.3,36.2,313.0,18.5,4.2,37.0,70.0,51.0,Goa,Panaji,15.4909,73.8278,State Representative,2026-09-30T12:29:23.184373+00:00,True
2026-10-01 03:00:00,28.2,29.8,296.0,17.3,4.0,33.0,71.0,48.0,Goa,Panaji,15.4909,73.8278,State Representative,2026-09-30T12:29:23.184373+00:00,True
2026-10-01 04:00:00,24.9,26.5,288.0,15.7,3.9,34.0,72.0,46.0,Goa,Panaji,15.4909,73.8278,State Representative,2026-09-30T12:29:23.184373+00:00,True
2026-10-01 05:00:00,23.3,24.6,281.0,13.6,4.2,42.0,72.0,45.0,Goa,Panaji,15.4909,73.8278,State Representative,2026-09-30T12:29:23.184373+00:00,True
2026-10-01 06:00:00,21.8,23.1,274.0,10.8,5.2,61.0,73.0,44.0,Goa,Panaji,15.4909,73.8278,State Representative,2026-09-30T12:29:23.184373+00:00,True
2026-10-01 07:00:00,20.0,21.4,269.0,7.6,6.5,87.0,74.0,43.0,Goa,Panaji,15.4909,73.8278,State Representative,2026-09-30T12:29:23.184373+00:00,True
2026-10-01 08:00:00,17.3,19.4,260.0,5.0,7.3,110.0,74.0,50.0,Goa,Panaji,15.4909,73.8278,State Representative,2026-09-30T12:29:23.184373+00:00,True
2026-10-01 09:00:00,17.9,20.4,246.0,3.3,6.9,126.0,75.0,63.0,Goa,Panaji,15.4909,73.8278,State Representative,2026-09-30T12:29:23.184373+00:00,True
2026-10-01 10:00:00,18.6,23.3,228.0,2.2,5.9,138.0,75.0,69.0,Goa,Panaji,15.4909,73.8278,State Representative,2026-09-30T12:29:23.184373+00:00,True
2026-10-01 11:00:00,20.4,28.9,211.0,1.5,5.2,147.0,75.0,74.0,Goa,Panaji,15.4909,73.8278,State Representative,2026-09-30T12:29:23.184373+00:00,True
2026-10-01 12:00:00,21.7,33.4,194.0,1.1,5.1,152.0,76.0,76.0,Goa,Panaji,15.4909,73.8278,State Representative,2026-09-30T12:29:23.184373+00:00,True
2026-10-01 13:00:00,22.6,36.7,178.0,1.2,5.2,154.0,76.0,77.0,Goa,Panaji,15.4909,73.8278,State Representative,2026-09-30T12:29:23.184373+00:00,True
2026-10-01 14:00:00,23.3,37.5,168.0,1.4,5.2,152.0,77.0,76.0,Goa,Panaji,15.4909,73.8278,State Representative,2026-09-30T12:29:23.184373+00:00,True
2026-10-01 15:00:00,22.2,33.3,167.0,1.5,4.9,147.0,93.0,74.0,Goa,Panaji,15.4909,73.8278,State Representative,2026-09-30T12:29:23.184373+00:00,True
2026-10-01 16:00:00,20.6,27.6,171.0,1.9,4.5,139.0,106.0,70.0,Goa,Panaji,15.4909,73.8278,State Representative,2026-09-30T12:29:23.184373+00:00,True
2026-10-01 17:00:00,20.7,26.7,179.0,3.3,4.4,129.0,112.0,65.0,Goa,Panaji,15.4909,73.8278,State Representative,2026-09-30T12:29:23.184373+00:00,True
2026-10-01 18:00:00,21.7,26.4,192.0,6.7,4.7,115.0,113.0,55.0,Goa,Panaji,15.4909,73.8278,State Representative,2026-09-30T12:29:23.184373+00:00,True
2026-10-01 19:00:00,24.6,29.2,208.0,11.2,5.2,98.0,108.0,45.0,Goa,Panaji,15.4909,73.8278,State Representative,2026-09-30T12:29:23.184373+00:00,True
2026-10-01 20:00:00,27.9,32.5,221.0,15.1,5.6,83.0,98.0,47.0,Goa,Panaji,15.4909,73.8278,State Representative,2026-09-30T12:29:23.184373+00:00,True
2026-10-01 21:00:00,29.7,34.3,228.0,17.8,5.8,71.0,83.0,48.0,Goa,Panaji,15.4909,73.8278,State Representative,2026-09-30T12:29:23.184373+00:00,True
2026-10-01 22:00:00,33.4,38.4,232.0,19.9,5.9,61.0,80.0,51.0,Goa,Panaji,15.4909,73.8278,State Representative,2026-09-30T12:29:23.184373+00:00,True
2026-10-01 23:00:00,37.6,42.7,239.0,21.0,5.8,52.0,81.0,53.0,Goa,Panaji,15.4909,73.8278,State Representative,2026-09-30T12:29:23.184373+00:00,True
2026-10-02 00:00:00,39.0,43.9,252.0,20.7,5.2,42.0,81.0,54.0,Goa,Panaji,15.4909,73.8278,State Representative,2026-09-30T12:29:23.184373+00:00,True
2026-10-02 01:00:00,38.3,42.8,269.0,19.4,4.3,33.0,81.0,53.0,Goa,Panaji,15.4909,73.8278,State Representative,2026-09-30T12:29:23.184373+00:00,True
2026-10-02 02:00:00,36.6,41.0,285.0,18.1,3.6,25.0,81.0,52.0,Goa,Panaji,15.4909,73.8278,State Representative,2026-09-30T12:29:23.184373+00:00,True
2026-10-02 03:00:00,35.2,39.5,303.0,17.4,3.1,18.0,81.0,52.0,Goa,Panaji,15.4909,73.8278,State Representative,2026-09-30T12:29:23.184373+00:00,True
2026-10-02 04:00:00,33.4,37.3,320.0,16.7,2.7,12.0,82.0,51.0,Goa,Panaji,15.4909,73.8278,State Representative,2026-09-30T12:29:23.184373+00:00,True
2026-10-02 05:00:00,32.4,36.1,329.0,15.6,2.7,15.0,82.0,50.0,Goa,Panaji,15.4909,73.8278,State Representative,2026-09-30T12:29:23.184373+00:00,True
2026-10-02 06:00:00,31.8,35.6,324.0,13.8,3.2,29.0,83.0,50.0,Goa,Panaji,15.4909,73.8278,State Representative,2026-09-30T12:29:23.184373+00:00,True
2026-10-02 07:00:00,33.4,37.8,311.0,11.7,4.1,51.0,84.0,51.0,Goa,Panaji,15.4909,73.8278,State Representative,2026-09-30T12:29:23.184373+00:00,True
2026-10-02 08:00:00,30.0,35.6,297.0,9.4,5.3,76.0,85.0,49.0,Goa,Panaji,15.4909,73.8278,State Representative,2026-09-30T12:29:23.184373+00:00,True
2026-10-02 09:00:00,31.4,40.9,283.0,6.9,7.2,108.0,86.0,49.0,Goa,Panaji,15.4909,73.8278,State Representative,2026-09-30T12:29:23.184373+00:00,True
2026-10-02 10:00:00,32.8,44.1,269.0,4.2,9.4,143.0,87.0,72.0,Goa,Panaji,15.4909,73.8278,State Representative,2026-09-30T12:29:23.184373+00:00,True
2026-10-02 11:00:00,32.5,44.6,264.0,2.3,10.8,169.0,88.0,89.0,Goa,Panaji,15.4909,73.8278,State Representative,2026-09-30T12:29:23.184373+00:00,True
2026-10-02 12:00:00,32.9,45.2,279.0,1.6,10.8,180.0,89.0,100.0,Goa,Panaji,15.4909,73.8278,State Representative,2026-09-30T12:29:23.184373+00:00,True
2026-10-02 13:00:00,32.9,44.2,305.0,1.6,10.0,182.0,90.0,102.0,Goa,Panaji,15.4909,73.8278,State Representative,2026-09-30T12:29:23.184373+00:00,True
2026-10-02 14:00:00,33.6,44.2,317.0,1.9,9.6,182.0,91.0,102.0,Goa,Panaji,15.4909,73.8278,State Representative,2026-09-30T12:29:23.184373+00:00,True
2026-10-02 15:00:00,33.9,43.4,301.0,2.2,10.1,182.0,99.0,102.0,Goa,Panaji,15.4909,73.8278,State Representative,2026-09-30T12:29:23.184373+00:00,True
2026-10-02 16:00:00,37.3,46.1,273.0,2.6,11.0,179.0,126.0,99.0,Goa,Panaji,15.4909,73.8278,State Representative,2026-09-30T12:29:23.184373+00:00,True
2026-10-02 17:00:00,41.0,49.0,257.0,3.5,11.8,175.0,148.0,95.0,Goa,Panaji,15.4909,73.8278,State Representative,2026-09-30T12:29:23.184373+00:00,True
2026-10-02 18:00:00,44.0,51.0,264.0,4.8,12.4,168.0,159.0,88.0,Goa,Panaji,15.4909,73.8278,State Representative,2026-09-30T12:29:23.184373+00:00,True
2026-10-02 19:00:00,46.9,53.8,284.0,6.5,12.9,160.0,163.0,80.0,Goa,Panaji,15.4909,73.8278,State Representative,2026-09-30T12:29:23.184373+00:00,True
2026-10-02 20:00:00,49.8,57.2,306.0,8.4,13.4,151.0,162.0,76.0,Goa,Panaji,15.4909,73.8278,State Representative,2026-09-30T12:29:23.184373+00:00,True
2026-10-02 21:00:00,53.7,61.2,327.0,10.7,14.0,143.0,157.0,72.0,Goa,Panaji,15.4909,73.8278,State Representative,2026-09-30T12:29:23.184373+00:00,True
2026-10-02 22:00:00,57.3,65.2,350.0,13.2,14.6,135.0,151.0,68.0,Goa,Panaji,15.4909,73.8278,State Representative,2026-09-30T12:29:23.184373+00:00,True
2026-10-02 23:00:00,61.5,69.4,378.0,14.9,14.7,124.0,142.0,66.0,Goa,Panaji,15.4909,73.8278,State Representative,2026-09-30T12:29:23.184373+00:00,True
2026-10-03 00:00:00,64.3,71.9,416.0,15.3,13.9,108.0,129.0,67.0,Goa,Panaji,15.4909,73.8278,State Representative,2026-09-30T12:29:23.184373+00:00,True
2026-10-03 01:00:00,66.6,73.8,460.0,14.9,12.6,90.0,114.0,68.0,Goa,Panaji,15.4909,73.8278,State Representative,2026-09-30T12:29:23.184373+00:00,True
2026-10-03 02:00:00,66.6,73.3,498.0,14.4,11.3,73.0,114.0,68.0,Goa,Panaji,15.4909,73.8278,State Representative,2026-09-30T12:29:23.184373+00:00,True
2026-10-03 03:00:00,65.0,71.2,533.0,14.3,9.9,56.0,117.0,68.0,Goa,Panaji,15.4909,73.8278,State Representative,2026-09-30T12:29:23.184373+00:00,True
2026-10-03 04:00:00,62.6,68.0,562.0,14.1,8.4,40.0,120.0,66.0,Goa,Panaji,15.4909,73.8278,State Representative,2026-09-30T12:29:23.184373+00:00,True
2026-10-03 05:00:00,59.6,64.5,571.0,13.4,7.6,35.0,123.0,65.0,Goa,Panaji,15.4909,73.8278,State Representative,2026-09-30T12:29:23.184373+00:00,True
2026-10-03 06:00:00,56.2,61.0,545.0,11.8,7.9,48.0,126.0,63.0,Goa,Panaji,15.4909,73.8278,State Representative,2026-09-30T12:29:23.184373+00:00,True
2026-10-03 07:00:00,49.5,54.0,497.0,9.7,9.0,72.0,129.0,60.0,Goa,Panaji,15.4909,73.8278,State Representative,2026-09-30T12:29:23.184373+00:00,True
2026-10-03 08:00:00,41.2,46.9,455.0,7.7,10.0,97.0,130.0,55.0,Goa,Panaji,15.4909,73.8278,State Representative,2026-09-30T12:29:23.184373+00:00,True
2026-10-03 09:00:00,39.5,47.6,428.0,5.7,11.0,123.0,131.0,62.0,Goa,Panaji,15.4909,73.8278,State Representative,2026-09-30T12:29:23.184373+00:00,True
2026-10-03 10:00:00,36.7,45.6,406.0,3.8,12.0,150.0,132.0,75.0,Goa,Panaji,15.4909,73.8278,State Representative,2026-09-30T12:29:23.184373+00:00,True
2026-10-03 11:00:00,35.2,44.6,386.0,2.4,12.5,170.0,133.0,90.0,Goa,Panaji,15.4909,73.8278,State Representative,2026-09-30T12:29:23.184373+00:00,True
2026-10-03 12:00:00,34.6,43.9,367.0,1.7,12.1,181.0,133.0,101.0,Goa,Panaji,15.4909,73.8278,State Representative,2026-09-30T12:29:23.184373+00:00,True
2026-10-03 13:00:00,35.2,44.1,349.0,1.6,11.1,185.0,133.0,105.0,Goa,Panaji,15.4909,73.8278,State Representative,2026-09-30T12:29:23.184373+00:00,True
2026-10-03 14:00:00,36.8,45.3,332.0,1.8,10.2,185.0,133.0,105.0,Goa,Panaji,15.4909,73.8278,State Representative,2026-09-30T12:29:23.184373+00:00,True
2026-10-03 15:00:00,35.6,43.7,311.0,1.9,9.6,181.0,134.0,101.0,Goa,Panaji,15.4909,73.8278,State Representative,2026-09-30T12:29:23.184373+00:00,True
2026-10-03 16:00:00,37.8,45.4,292.0,2.4,9.1,171.0,137.0,91.0,Goa,Panaji,15.4909,73.8278,State Representative,2026-09-30T12:29:23.184373+00:00,True
2026-10-03 17:00:00,39.2,46.3,286.0,4.2,8.9,159.0,152.0,80.0,Goa,Panaji,15.4909,73.8278,State Representative,2026-09-30T12:29:23.184373+00:00,True
2026-10-03 18:00:00,41.0,47.4,300.0,8.7,9.2,141.0,158.0,71.0,Goa,Panaji,15.4909,73.8278,State Representative,2026-09-30T12:29:23.184373+00:00,True
2026-10-03 19:00:00,44.2,50.5,329.0,14.5,9.9,120.0,156.0,60.0,Goa,Panaji,15.4909,73.8278,State Representative,2026-09-30T12:29:23.184373+00:00,True
2026-10-03 20:00:00,50.3,56.7,364.0,18.8,10.3,102.0,148.0,60.0,Goa,Panaji,15.4909,73.8278,State Representative,2026-09-30T12:29:23.184373+00:00,True
2026-10-03 21:00:00,55.2,61.7,416.0,20.6,10.4,90.0,133.0,63.0,Goa,Panaji,15.4909,73.8278,State Representative,2026-09-30T12:29:23.184373+00:00,True
2026-10-03 22:00:00,57.7,64.3,476.0,21.0,10.2,82.0,133.0,64.0,Goa,Panaji,15.4909,73.8278,State Representative,2026-09-30T12:29:23.184373+00:00,True
2026-10-03 23:00:00,56.9,63.6,506.0,20.2,9.8,75.0,133.0,63.0,Goa,Panaji,15.4909,73.8278,State Representative,2026-09-30T12:29:23.184373+00:00,True
2026-10-04 00:00:00,53.0,59.4,482.0,17.6,9.0,71.0,133.0,62.0,Goa,Panaji,15.4909,73.8278,State Representative,2026-09-30T12:29:23.184373+00:00,True
2026-10-04 01:00:00,50.5,56.6,428.0,13.8,7.9,68.0,132.0,60.0,Goa,Panaji,15.4909,73.8278,State Representative,2026-09-30T12:29:23.184373+00:00,True
2026-10-04 02:00:00,48.5,54.6,384.0,10.9,6.9,65.0,130.0,59.0,Goa,Panaji,15.4909,73.8278,State Representative,2026-09-30T12:29:23.184373+00:00,True
2026-10-04 03:00:00,47.4,53.3,363.0,9.9,6.0,55.0,128.0,59.0,Goa,Panaji,15.4909,73.8278,State Representative,2026-09-30T12:29:23.184373+00:00,True
2026-10-04 04:00:00,45.9,51.2,351.0,9.7,5.3,45.0,126.0,58.0,Goa,Panaji,15.4909,73.8278,State Representative,2026-09-30T12:29:23.184373+00:00,True
2026-10-04 05:00:00,44.7,49.6,379.3,9.1,5.1,45.0,125.0,57.0,Goa,Panaji,15.4909,73.8278,State Representative,2026-09-30T12:29:23.184373+00:00,True
2026-10-04 06:00:00,44.9,49.6,397.0,7.3,5.9,66.0,123.0,57.0,Goa,Panaji,15.4909,73.8278,State Representative,2026-09-30T12:29:23.184373+00:00,True
2026-10-04 07:00:00,44.2,49.2,399.3,5.0,7.2,99.0,122.0,57.0,Goa,Panaji,15.4909,73.8278,State Representative,2026-09-30T12:29:23.184373+00:00,True
2026-10-04 08:00:00,36.8,44.1,386.0,3.1,8.0,125.0,121.0,63.0,Goa,Panaji,15.4909,73.8278,State Representative,2026-09-30T12:29:23.184373+00:00,True
2026-10-04 09:00:00,35.0,43.4,360.0,2.1,7.9,138.0,121.0,69.0,Goa,Panaji,15.4909,73.8278,State Representative,2026-09-30T12:29:23.184373+00:00,True
2026-10-04 10:00:00,32.7,41.0,337.0,1.5,7.2,145.0,120.0,73.0,Goa,Panaji,15.4909,73.8278,State Representative,2026-09-30T12:29:23.184373+00:00,True
2026-10-04 11:00:00,31.5,39.5,317.0,1.1,6.6,148.0,120.0,74.0,Goa,Panaji,15.4909,73.8278,State Representative,2026-09-30T12:29:23.184373+00:00,True
2026-10-04 12:00:00,30.3,37.8,300.0,0.9,6.0,147.0,120.0,74.0,Goa,Panaji,15.4909,73.8278,State Representative,2026-09-30T12:29:23.184373+00:00,True
2026-10-04 13:00:00,27.5,34.3,287.0,1.0,5.4,143.0,119.0,72.0,Goa,Panaji,15.4909,73.8278,State Representative,2026-09-30T12:29:23.184373+00:00,True
2026-10-04 14:00:00,25.1,30.9,276.0,1.2,4.9,137.0,118.0,69.0,Goa,Panaji,15.4909,73.8278,State Representative,2026-09-30T12:29:23.184373+00:00,True
2026-10-04 15:00:00,23.3,28.5,266.0,1.4,4.3,131.0,117.0,66.0,Goa,Panaji,15.4909,73.8278,State Representative,2026-09-30T12:29:23.184373+00:00,True
2026-10-04 16:00:00,21.5,26.1,259.0,1.8,3.8,125.0,116.0,63.0,Goa,Panaji,15.4909,73.8278,State Representative,2026-09-30T12:29:23.184373+00:00,True
2026-10-04 17:00:00,20.4,24.7,262.0,2.7,3.6,117.0,114.0,57.0,Goa,Panaji,15.4909,73.8278,State Representative,2026-09-30T12:29:23.184373+00:00,True
2026-10-04 18:00:00,21.2,25.4,280.0,4.3,3.9,107.0,112.0,47.0,Goa,Panaji,15.4909,73.8278,State Representative,2026-09-30T12:29:23.184373+00:00,True
2026-10-04 19:00:00,23.9,28.2,308.0,6.5,4.5,96.0,110.0,45.0,Goa,Panaji,15.4909,73.8278,State Representative,2026-09-30T12:29:23.184373+00:00,True
2026-10-04 20:00:00,26.0,30.0,342.0,8.9,5.0,84.0,108.0,46.0,Goa,Panaji,15.4909,73.8278,State Representative,2026-09-30T12:29:23.184373+00:00,True
2026-10-04 21:00:00,30.0,34.1,389.0,11.9,5.5,71.0,105.0,49.0,Goa,Panaji,15.4909,73.8278,State Representative,2026-09-30T12:29:23.184373+00:00,True
2026-10-04 22:00:00,34.7,38.6,443.0,15.1,5.9,57.0,103.0,51.0,Goa,Panaji,15.4909,73.8278,State Representative,2026-09-30T12:29:23.184373+00:00,True
2026-10-04 23:00:00,38.4,42.1,479.0,17.0,6.0,46.0,100.0,53.0,Goa,Panaji,15.4909,73.8278,State Representative,2026-09-30T12:29:23.184373+00:00,True
2026-10-05 00:00:00,38.4,42.3,482.0,16.5,5.5,40.0,99.0,53.0,Goa,Panaji,15.4909,73.8278,State Representative,2026-09-30T12:29:23.184373+00:00,True
2026-10-05 01:00:00,37.6,41.3,467.0,14.8,4.6,36.0,98.0,53.0,Goa,Panaji,15.4909,73.8278,State Representative,2026-09-30T12:29:23.184373+00:00,True
2026-10-05 02:00:00,36.1,39.7,453.0,13.2,3.9,34.0,97.0,52.0,Goa,Panaji,15.4909,73.8278,State Representative,2026-09-30T12:29:23.184373+00:00,True
2026-10-05 03:00:00,34.7,38.1,447.0,12.4,3.7,33.0,96.0,51.0,Goa,Panaji,15.4909,73.8278,State Representative,2026-09-30T12:29:23.184373+00:00,True
2026-10-05 04:00:00,34.1,37.4,442.0,11.9,3.6,32.0,95.0,51.0,Goa,Panaji,15.4909,73.8278,State Representative,2026-09-30T12:29:23.184373+00:00,True
2026-10-05 05:00:00,32.9,36.2,439.0,11.5,3.6,32.0,94.0,50.0,Goa,Panaji,15.4909,73.8278,State Representative,2026-09-30T12:29:23.184373+00:00,True
2026-10-05 06:00:00,,,,,,,93.0,,Goa,Panaji,15.4909,73.8278,State Representative,2026-09-30T12:29:23.184373+00:00,False
2026-10-05 07:00:00,,,,,,,,,Goa,Panaji,15.4909,73.8278,State Representative,2026-09-30T12:29:23.184373+00:00,False
2026-10-05 08:00:00,,,,,,,,,Goa,Panaji,15.4909,73.8278,State Representative,2026-09-30T12:29:23.184373+00:00,False
2026-10-05 09:00:00,,,,,,,,,Goa,Panaji,15.4909,73.8278,State Representative,2026-09-30T12:29:23.184373+00:00,False
2026-10-05 10:00:00,,,,,,,,,Goa,Panaji,15.4909,73.8278,State Representative,2026-09-30T12:29:23.184373+00:00,False
2026-10-05 11:00:00,,,,,,,,,Goa,Panaji,15.4909,73.8278,State Representative,2026-09-30T12:29:23.184373+00:00,False
2026-10-05 12:00:00,,,,,,,,,Goa,Panaji,15.4909,73.8278,State Representative,2026-09-30T12:29:23.184373+00:00,False
2026-10-05 13:00:00,,,,,,,,,Goa,Panaji,15.4909,73.8278,State Representative,2026-09-30T12:29:23.184373+00:00,False
2026-10-05 14:00:00,,,,,,,,,Goa,Panaji,15.4909,73.8278,State Representative,2026-09-30T12:29:23.184373+00:00,False
2026-10-05 15:00:00,,,,,,,,,Goa,Panaji,15.4909,73.8278,State Representative,2026-09-30T12:29:23.184373+00:00,False
2026-10-05 16:00:00,,,,,,,,,Goa,Panaji,15.4909,73.8278,State Representative,2026-09-30T12:29:23.184373+00:00,False
2026-10-05 17:00:00,,,,,,,,,Goa,Panaji,15.4909,73.8278,State Representative,2026-09-30T12:29:23.184373+00:00,False
2026-10-05 18:00:00,,,,,,,,,Goa,Panaji,15.4909,73.8278,State Representative,2026-09-30T12:29:23.184373+00:00,False
2026-10-05 19:00:00,,,,,,,,,Goa,Panaji,15.4909,73.8278,State Representative,2026-09-30T12:29:23.184373+00:00,False
2026-10-05 20:00:00,,,,,,,,,Goa,Panaji,15.4909,73.8278,State Representative,2026-09-30T12:29:23.184373+00:00,False
2026-10-05 21:00:00,,,,,,,,,Goa,Panaji,15.4909,73.8278,State Representative,2026-09-30T12:29:23.184373+00:00,False
2026-10-05 22:00:00,,,,,,,,,Goa,Panaji,15.4909,73.8278,State Representative,2026-09-30T12:29:23.184373+00:00,False
2026-10-05 23:00:00,,,,,,,,,Goa,Panaji,15.4909,73.8278,State Representative,2026-09-30T12:29:23.184373+00:00,False
2026-10-06 00:00:00,,,,,,,,,Goa,Panaji,15.4909,73.8278,State Representative,2026-09-30T12:29:23.184373+00:00,False
2026-10-06 01:00:00,,,,,,,,,Goa,Panaji,15.4909,73.8278,State Representative,2026-09-30T12:29:23.184373+00:00,False
2026-10-06 02:00:00,,,,,,,,,Goa,Panaji,15.4909,73.8278,State Representative,2026-09-30T12:29:23.184373+00:00,False
2026-10-06 03:00:00,,,,,,,,,Goa,Panaji,15.4909,73.8278,State Representative,2026-09-30T12:29:23.184373+00:00,False
2026-10-06 04:00:00,,,,,,,,,Goa,Panaji,15.4909,73.8278,State Representative,2026-09-30T12:29:23.184373+00:00,False
2026-10-06 05:00:00,,,,,,,,,Goa,Panaji,15.4909,73.8278,State Representative,2026-09-30T12:29:23.184373+00:00,False
2026-10-06 06:00:00,,,,,,,,,Goa,Panaji,15.4909,73.8278,State Representative,2026-09-30T12:29:23.184373+00:00,False
2026-10-06 07:00:00,,,,,,,,,Goa,Panaji,15.4909,73.8278,State Representative,2026-09-30T12:29:23.184373+00:00,False
2026-10-06 08:00:00,,,,,,,,,Goa,Panaji,15.4909,73.8278,State Representative,2026-09-30T12:29:23.184373+00:00,False
2026-10-06 09:00:00,,,,,,,,,Goa,Panaji,15.4909,73.8278,State Representative,2026-09-30T12:29:23.184373+00:00,False
2026-10-06 10:00:00,,,,,,,,,Goa,Panaji,15.4909,73.8278,State Representative,2026-09-30T12:29:23.184373+00:00,False
2026-10-06 11:00:00,,,,,,,,,Goa,Panaji,15.4909,73.8278,State Representative,2026-09-30T12:29:23.184373+00:00,False
2026-10-06 12:00:00,,,,,,,,,Goa,Panaji,15.4909,73.8278,State Representative,2026-09-30T12:29:23.184373+00:00,False
2026-10-06 13:00:00,,,,,,,,,Goa,Panaji,15.4909,73.8278,State Representative,2026-09-30T12:29:23.184373+00:00,False
2026-10-06 14:00:00,,,,,,,,,Goa,Panaji,15.4909,73.8278,State Representative,2026-09-30T12:29:23.184373+00:00,False
2026-10-06 15:00:00,,,,,,,,,Goa,Panaji,15.4909,73.8278,State Representative,2026-09-30T12:29:23.184373+00:00,False
2026-10-06 16:00:00,,,,,,,,,Goa,Panaji,15.4909,73.8278,State Representative,2026-09-30T12:29:23.184373+00:00,False
2026-10-06 17:00:00,,,,,,,,,Goa,Panaji,15.4909,73.8278,State Representative,2026-09-30T12:29:23.184373+00:00,False
2026-10-06 18:00:00,,,,,,,,,Goa,Panaji,15.4909,73.8278,State Representative,2026-09-30T12:29:23.184373+00:00,False
2026-10-06 19:00:00,,,,,,,,,Goa,Panaji,15.4909,73.8278,State Representative,2026-09-30T12:29:23.184373+00:00,False
2026-10-06 20:00:00,,,,,,,,,Goa,Panaji,15.4909,73.8278,State Representative,2026-09-30T12:29:23.184373+00:00,False
2026-10-06 21:00:00,,,,,,,,,Goa,Panaji,15.4909,73.8278,State Representative,2026-09-30T12:29:23.184373+00:00,False
2026-10-06 22:00:00,,,,,,,,,Goa,Panaji,15.4909,73.8278,State Representative,2026-09-30T12:29:23.184373+00:00,False
2026-10-06 23:00:00,,,,,,,,,Goa,Panaji,15.4909,73.8278,State Representative,2026-09-30T12:29:23.184373+00:00,False
2026-09-30 00:00:00,39.0,68.9,474.0,43.6,8.1,18.0,88.0,54.0,Gujarat,Ahmedabad,23.0225,72.5714,State Representative,2026-09-30T12:29:23.919693+00:00,True
2026-09-30 01:00:00,34.0,60.8,468.0,34.5,6.5,25.0,88.0,51.0,Gujarat,Ahmedabad,23.0225,72.5714,State Representative,2026-09-30T12:29:23.919693+00:00,True
2026-09-30 02:00:00,28.4,50.5,449.0,26.9,5.3,31.0,88.0,48.0,Gujarat,Ahmedabad,23.0225,72.5714,State Representative,2026-09-30T12:29:23.919693+00:00,True
2026-09-30 03:00:00,24.5,43.2,410.0,22.4,4.9,35.0,88.0,45.0,Gujarat,Ahmedabad,23.0225,72.5714,State Representative,2026-09-30T12:29:23.919693+00:00,True
2026-09-30 04:00:00,22.2,38.8,359.0,19.5,4.9,38.0,88.0,44.0,Gujarat,Ahmedabad,23.0225,72.5714,State Representative,2026-09-30T12:29:23.919693+00:00,True
2026-09-30 05:00:00,34.7,62.2,322.0,37.8,6.5,16.0,87.0,51.0,Gujarat,Ahmedabad,23.0225,72.5714,State Representative,2026-09-30T12:29:23.919693+00:00,True
2026-09-30 06:00:00,36.2,63.1,318.0,34.9,7.3,23.0,88.0,52.0,Gujarat,Ahmedabad,23.0225,72.5714,State Representative,2026-09-30T12:29:23.919693+00:00,True
2026-09-30 07:00:00,38.8,62.2,329.0,30.7,8.3,34.0,89.0,54.0,Gujarat,Ahmedabad,23.0225,72.5714,State Representative,2026-09-30T12:29:23.919693+00:00,True
2026-09-30 08:00:00,31.8,51.5,327.0,25.3,8.8,50.0,90.0,50.0,Gujarat,Ahmedabad,23.0225,72.5714,State Representative,2026-09-30T12:29:23.919693+00:00,True
2026-09-30 09:00:00,27.3,47.8,296.0,17.8,8.2,75.0,91.0,47.0,Gujarat,Ahmedabad,23.0225,72.5714,State Representative,2026-09-30T12:29:23.919693+00:00,True
2026-09-30 10:00:00,25.5,48.7,253.0,9.2,7.0,104.0,91.0,46.0,Gujarat,Ahmedabad,23.0225,72.5714,State Representative,2026-09-30T12:29:23.919693+00:00,True
2026-09-30 11:00:00,25.6,52.6,218.0,3.0,6.0,125.0,91.0,63.0,Gujarat,Ahmedabad,23.0225,72.5714,State Representative,2026-09-30T12:29:23.919693+00:00,True
2026-09-30 12:00:00,25.8,56.7,200.0,0.9,5.4,133.0,92.0,67.0,Gujarat,Ahmedabad,23.0225,72.5714,State Representative,2026-09-30T12:29:23.919693+00:00,True
2026-09-30 13:00:00,25.1,57.0,190.0,1.1,5.1,133.0,92.0,67.0,Gujarat,Ahmedabad,23.0225,72.5714,State Representative,2026-09-30T12:29:23.919693+00:00,True
2026-09-30 14:00:00,23.9,55.4,187.0,2.5,4.8,129.0,92.0,65.0,Gujarat,Ahmedabad,23.0225,72.5714,State Representative,2026-09-30T12:29:23.919693+00:00,True
2026-09-30 15:00:00,22.6,53.9,184.0,2.6,4.3,124.0,92.0,62.0,Gujarat,Ahmedabad,23.0225,72.5714,State Representative,2026-09-30T12:29:23.919693+00:00,True
2026-09-30 16:00:00,21.9,52.9,188.0,3.9,4.0,115.0,93.0,55.0,Gujarat,Ahmedabad,23.0225,72.5714,State Representative,2026-09-30T12:29:23.919693+00:00,True
2026-09-30 17:00:00,22.8,50.2,211.0,11.9,4.8,100.0,93.0,44.0,Gujarat,Ahmedabad,23.0225,72.5714,State Representative,2026-09-30T12:29:23.919693+00:00,True
2026-09-30 18:00:00,30.3,57.7,264.0,34.0,7.9,71.0,92.0,49.0,Gujarat,Ahmedabad,23.0225,72.5714,State Representative,2026-09-30T12:29:23.919693+00:00,True
2026-09-30 19:00:00,40.6,68.2,337.0,62.8,12.1,36.0,92.0,61.0,Gujarat,Ahmedabad,23.0225,72.5714,State Representative,2026-09-30T12:29:23.919693+00:00,True
2026-09-30 20:00:00,49.4,76.6,412.0,82.7,15.3,10.0,92.0,71.0,Gujarat,Ahmedabad,23.0225,72.5714,State Representative,2026-09-30T12:29:23.919693+00:00,True
2026-09-30 21:00:00,53.4,79.9,504.0,86.5,16.7,1.0,93.0,73.0,Gujarat,Ahmedabad,23.0225,72.5714,State Representative,2026-09-30T12:29:23.919693+00:00,True
2026-09-30 22:00:00,53.9,78.9,598.0,81.3,17.1,2.0,94.0,71.0,Gujarat,Ahmedabad,23.0225,72.5714,State Representative,2026-09-30T12:29:23.919693+00:00,True
2026-09-30 23:00:00,48.9,71.5,628.0,72.2,16.3,6.0,94.0,66.0,Gujarat,Ahmedabad,23.0225,72.5714,State Representative,2026-09-30T12:29:23.919693+00:00,True
2026-10-01 00:00:00,39.0,58.2,542.0,58.4,13.6,15.0,95.0,59.0,Gujarat,Ahmedabad,23.0225,72.5714,State Representative,2026-09-30T12:29:23.919693+00:00,True
2026-10-01 01:00:00,29.7,44.4,393.0,40.6,9.7,27.0,95.0,49.0,Gujarat,Ahmedabad,23.0225,72.5714,State Representative,2026-09-30T12:29:23.919693+00:00,True
2026-10-01 02:00:00,22.6,33.1,275.0,26.7,6.7,36.0,95.0,44.0,Gujarat,Ahmedabad,23.0225,72.5714,State Representative,2026-09-30T12:29:23.919693+00:00,True
2026-10-01 03:00:00,18.2,25.7,223.0,20.1,5.3,38.0,94.0,42.0,Gujarat,Ahmedabad,23.0225,72.5714,State Representative,2026-09-30T12:29:23.919693+00:00,True
2026-10-01 04:00:00,15.1,20.5,203.0,17.4,4.8,37.0,94.0,40.0,Gujarat,Ahmedabad,23.0225,72.5714,State Representative,2026-09-30T12:29:23.919693+00:00,True
2026-10-01 05:00:00,13.2,17.5,204.0,15.6,4.7,37.0,93.0,36.0,Gujarat,Ahmedabad,23.0225,72.5714,State Representative,2026-09-30T12:29:23.919693+00:00,True
2026-10-01 06:00:00,12.7,16.5,237.0,14.5,5.1,36.0,91.0,35.0,Gujarat,Ahmedabad,23.0225,72.5714,State Representative,2026-09-30T12:29:23.919693+00:00,True
2026-10-01 07:00:00,14.8,18.3,291.0,14.4,5.9,36.0,89.0,40.0,Gujarat,Ahmedabad,23.0225,72.5714,State Representative,2026-09-30T12:29:23.919693+00:00,True
2026-10-01 08:00:00,14.6,19.9,322.0,13.4,6.5,43.0,88.0,39.0,Gujarat,Ahmedabad,23.0225,72.5714,State Representative,2026-09-30T12:29:23.919693+00:00,True
2026-10-01 09:00:00,15.9,23.4,304.0,10.3,6.8,65.0,86.0,41.0,Gujarat,Ahmedabad,23.0225,72.5714,State Representative,2026-09-30T12:29:23.919693+00:00,True
2026-10-01 10:00:00,17.1,26.3,263.0,6.4,6.8,95.0,85.0,41.0,Gujarat,Ahmedabad,23.0225,72.5714,State Representative,2026-09-30T12:29:23.919693+00:00,True
2026-10-01 11:00:00,16.4,26.5,229.0,3.5,6.7,118.0,85.0,58.0,Gujarat,Ahmedabad,23.0225,72.5714,State Representative,2026-09-30T12:29:23.919693+00:00,True
2026-10-01 12:00:00,15.8,28.2,212.0,2.2,6.2,128.0,84.0,64.0,Gujarat,Ahmedabad,23.0225,72.5714,State Representative,2026-09-30T12:29:23.919693+00:00,True
2026-10-01 13:00:00,15.1,29.5,202.0,1.9,5.5,131.0,83.0,66.0,Gujarat,Ahmedabad,23.0225,72.5714,State Representative,2026-09-30T12:29:23.919693+00:00,True
2026-10-01 14:00:00,14.7,30.2,197.0,2.5,4.9,130.0,82.0,65.0,Gujarat,Ahmedabad,23.0225,72.5714,State Representative,2026-09-30T12:29:23.919693+00:00,True
2026-10-01 15:00:00,14.4,30.9,196.0,2.1,4.4,128.0,82.0,64.0,Gujarat,Ahmedabad,23.0225,72.5714,State Representative,2026-09-30T12:29:23.919693+00:00,True
2026-10-01 16:00:00,14.3,31.3,200.0,2.5,4.0,122.0,81.0,61.0,Gujarat,Ahmedabad,23.0225,72.5714,State Representative,2026-09-30T12:29:23.919693+00:00,True
2026-10-01 17:00:00,15.1,31.0,211.0,9.0,4.4,109.0,80.0,49.0,Gujarat,Ahmedabad,23.0225,72.5714,State Representative,2026-09-30T12:29:23.919693+00:00,True
2026-10-01 18:00:00,22.6,38.4,225.0,27.4,6.3,81.0,80.0,44.0,Gujarat,Ahmedabad,23.0225,72.5714,State Representative,2026-09-30T12:29:23.919693+00:00,True
2026-10-01 19:00:00,31.3,47.3,247.0,51.9,9.0,45.0,79.0,55.0,Gujarat,Ahmedabad,23.0225,72.5714,State Representative,2026-09-30T12:29:23.919693+00:00,True
2026-10-01 20:00:00,38.4,54.1,289.0,69.8,11.3,17.0,78.0,65.0,Gujarat,Ahmedabad,23.0225,72.5714,State Representative,2026-09-30T12:29:23.919693+00:00,True
2026-10-01 21:00:00,43.0,58.3,373.0,75.5,12.8,5.0,78.0,68.0,Gujarat,Ahmedabad,23.0225,72.5714,State Representative,2026-09-30T12:29:23.919693+00:00,True
2026-10-01 22:00:00,46.2,61.0,478.0,74.8,13.9,1.0,77.0,67.0,Gujarat,Ahmedabad,23.0225,72.5714,State Representative,2026-09-30T12:29:23.919693+00:00,True
2026-10-01 23:00:00,46.8,61.0,551.0,72.1,14.0,0.0,76.0,66.0,Gujarat,Ahmedabad,23.0225,72.5714,State Representative,2026-09-30T12:29:23.919693+00:00,True
2026-10-02 00:00:00,43.2,56.6,565.0,68.6,12.5,0.0,76.0,64.0,Gujarat,Ahmedabad,23.0225,72.5714,State Representative,2026-09-30T12:29:23.919693+00:00,True
2026-10-02 01:00:00,38.3,51.0,548.0,63.1,10.0,1.0,76.0,62.0,Gujarat,Ahmedabad,23.0225,72.5714,State Representative,2026-09-30T12:29:23.919693+00:00,True
2026-10-02 02:00:00,33.8,45.8,525.0,56.9,8.0,4.0,77.0,58.0,Gujarat,Ahmedabad,23.0225,72.5714,State Representative,2026-09-30T12:29:23.919693+00:00,True
2026-10-02 03:00:00,29.9,41.2,501.0,49.8,6.9,8.0,78.0,54.0,Gujarat,Ahmedabad,23.0225,72.5714,State Representative,2026-09-30T12:29:23.919693+00:00,True
2026-10-02 04:00:00,26.3,36.8,473.0,41.9,6.1,12.0,79.0,50.0,Gujarat,Ahmedabad,23.0225,72.5714,State Representative,2026-09-30T12:29:23.919693+00:00,True
2026-10-02 05:00:00,23.1,32.5,454.0,35.0,5.8,18.0,80.0,46.0,Gujarat,Ahmedabad,23.0225,72.5714,State Representative,2026-09-30T12:29:23.919693+00:00,True
2026-10-02 06:00:00,21.4,29.6,461.0,30.1,6.0,22.0,80.0,44.0,Gujarat,Ahmedabad,23.0225,72.5714,State Representative,2026-09-30T12:29:23.919693+00:00,True
2026-10-02 07:00:00,22.9,29.8,478.0,26.2,6.5,27.0,81.0,45.0,Gujarat,Ahmedabad,23.0225,72.5714,State Representative,2026-09-30T12:29:23.919693+00:00,True
2026-10-02 08:00:00,21.9,27.9,469.0,21.7,6.9,39.0,82.0,44.0,Gujarat,Ahmedabad,23.0225,72.5714,State Representative,2026-09-30T12:29:23.919693+00:00,True
2026-10-02 09:00:00,21.4,29.3,406.0,15.4,6.9,65.0,82.0,44.0,Gujarat,Ahmedabad,23.0225,72.5714,State Representative,2026-09-30T12:29:23.919693+00:00,True
2026-10-02 10:00:00,21.1,30.9,318.0,8.6,6.7,97.0,83.0,43.0,Gujarat,Ahmedabad,23.0225,72.5714,State Representative,2026-09-30T12:29:23.919693+00:00,True
2026-10-02 11:00:00,20.7,33.3,249.0,3.6,6.3,122.0,83.0,61.0,Gujarat,Ahmedabad,23.0225,72.5714,State Representative,2026-09-30T12:29:23.919693+00:00,True
2026-10-02 12:00:00,20.9,38.9,221.0,1.5,5.7,133.0,83.0,67.0,Gujarat,Ahmedabad,23.0225,72.5714,State Representative,2026-09-30T12:29:23.919693+00:00,True
2026-10-02 13:00:00,21.2,42.8,212.0,1.4,5.0,135.0,84.0,68.0,Gujarat,Ahmedabad,23.0225,72.5714,State Representative,2026-09-30T12:29:23.919693+00:00,True
2026-10-02 14:00:00,21.2,44.6,209.0,2.5,4.5,134.0,84.0,67.0,Gujarat,Ahmedabad,23.0225,72.5714,State Representative,2026-09-30T12:29:23.919693+00:00,True
2026-10-02 15:00:00,21.2,45.5,203.0,3.1,4.0,131.0,85.0,66.0,Gujarat,Ahmedabad,23.0225,72.5714,State Representative,2026-09-30T12:29:23.919693+00:00,True
2026-10-02 16:00:00,21.5,46.3,202.0,5.1,3.7,125.0,85.0,63.0,Gujarat,Ahmedabad,23.0225,72.5714,State Representative,2026-09-30T12:29:23.919693+00:00,True
2026-10-02 17:00:00,24.1,47.8,216.0,13.1,4.4,111.0,86.0,51.0,Gujarat,Ahmedabad,23.0225,72.5714,State Representative,2026-09-30T12:29:23.919693+00:00,True
2026-10-02 18:00:00,33.5,58.2,251.0,33.1,6.8,83.0,87.0,51.0,Gujarat,Ahmedabad,23.0225,72.5714,State Representative,2026-09-30T12:29:23.919693+00:00,True
2026-10-02 19:00:00,43.4,69.2,300.0,59.2,10.2,48.0,88.0,60.0,Gujarat,Ahmedabad,23.0225,72.5714,State Representative,2026-09-30T12:29:23.919693+00:00,True
2026-10-02 20:00:00,50.9,77.3,359.0,78.2,12.8,21.0,88.0,69.0,Gujarat,Ahmedabad,23.0225,72.5714,State Representative,2026-09-30T12:29:23.919693+00:00,True
2026-10-02 21:00:00,55.4,82.7,440.0,85.2,14.2,9.0,89.0,73.0,Gujarat,Ahmedabad,23.0225,72.5714,State Representative,2026-09-30T12:29:23.919693+00:00,True
2026-10-02 22:00:00,58.0,85.7,530.0,85.1,14.8,5.0,90.0,73.0,Gujarat,Ahmedabad,23.0225,72.5714,State Representative,2026-09-30T12:29:23.919693+00:00,True
2026-10-02 23:00:00,55.5,82.9,584.0,79.5,14.3,6.0,91.0,70.0,Gujarat,Ahmedabad,23.0225,72.5714,State Representative,2026-09-30T12:29:23.919693+00:00,True
2026-10-03 00:00:00,45.6,71.0,578.0,65.5,11.9,14.0,92.0,63.0,Gujarat,Ahmedabad,23.0225,72.5714,State Representative,2026-09-30T12:29:23.919693+00:00,True
2026-10-03 01:00:00,35.2,57.2,535.0,46.0,8.5,28.0,92.0,52.0,Gujarat,Ahmedabad,23.0225,72.5714,State Representative,2026-09-30T12:29:23.919693+00:00,True
2026-10-03 02:00:00,28.3,46.8,481.0,30.6,5.8,38.0,92.0,48.0,Gujarat,Ahmedabad,23.0225,72.5714,State Representative,2026-09-30T12:29:23.919693+00:00,True
2026-10-03 03:00:00,23.7,38.6,408.0,23.7,4.7,40.0,92.0,45.0,Gujarat,Ahmedabad,23.0225,72.5714,State Representative,2026-09-30T12:29:23.919693+00:00,True
2026-10-03 04:00:00,20.6,32.1,323.0,20.9,4.4,38.0,91.0,43.0,Gujarat,Ahmedabad,23.0225,72.5714,State Representative,2026-09-30T12:29:23.919693+00:00,True
2026-10-03 05:00:00,18.5,26.9,276.0,19.1,4.4,37.0,91.0,42.0,Gujarat,Ahmedabad,23.0225,72.5714,State Representative,2026-09-30T12:29:23.919693+00:00,True
2026-10-03 06:00:00,17.7,23.6,308.0,18.1,4.8,36.0,90.0,42.0,Gujarat,Ahmedabad,23.0225,72.5714,State Representative,2026-09-30T12:29:23.919693+00:00,True
2026-10-03 07:00:00,20.1,24.3,378.0,18.0,5.5,37.0,90.0,43.0,Gujarat,Ahmedabad,23.0225,72.5714,State Representative,2026-09-30T12:29:23.919693+00:00,True
2026-10-03 08:00:00,18.5,21.5,412.0,16.8,6.1,45.0,90.0,42.0,Gujarat,Ahmedabad,23.0225,72.5714,State Representative,2026-09-30T12:29:23.919693+00:00,True
2026-10-03 09:00:00,17.2,20.3,366.0,12.8,6.5,68.0,89.0,41.0,Gujarat,Ahmedabad,23.0225,72.5714,State Representative,2026-09-30T12:29:23.919693+00:00,True
2026-10-03 10:00:00,16.6,19.9,284.0,7.6,6.7,100.0,89.0,41.0,Gujarat,Ahmedabad,23.0225,72.5714,State Representative,2026-09-30T12:29:23.919693+00:00,True
2026-10-03 11:00:00,16.3,21.1,219.0,3.7,6.6,123.0,89.0,62.0,Gujarat,Ahmedabad,23.0225,72.5714,State Representative,2026-09-30T12:29:23.919693+00:00,True
2026-10-03 12:00:00,16.4,25.5,195.0,1.9,6.0,132.0,88.0,66.0,Gujarat,Ahmedabad,23.0225,72.5714,State Representative,2026-09-30T12:29:23.919693+00:00,True
2026-10-03 13:00:00,18.2,33.4,188.0,1.4,5.0,134.0,88.0,67.0,Gujarat,Ahmedabad,23.0225,72.5714,State Representative,2026-09-30T12:29:23.919693+00:00,True
2026-10-03 14:00:00,19.7,38.1,188.0,2.3,4.4,132.0,88.0,66.0,Gujarat,Ahmedabad,23.0225,72.5714,State Representative,2026-09-30T12:29:23.919693+00:00,True
2026-10-03 15:00:00,20.0,39.3,187.0,3.1,4.0,129.0,88.0,65.0,Gujarat,Ahmedabad,23.0225,72.5714,State Representative,2026-09-30T12:29:23.919693+00:00,True
2026-10-03 16:00:00,20.1,39.2,193.0,5.3,4.0,123.0,88.0,62.0,Gujarat,Ahmedabad,23.0225,72.5714,State Representative,2026-09-30T12:29:23.919693+00:00,True
2026-10-03 17:00:00,21.8,38.2,213.0,13.7,4.9,109.0,88.0,49.0,Gujarat,Ahmedabad,23.0225,72.5714,State Representative,2026-09-30T12:29:23.919693+00:00,True
2026-10-03 18:00:00,29.0,46.3,253.0,34.2,7.5,82.0,87.0,48.0,Gujarat,Ahmedabad,23.0225,72.5714,State Representative,2026-09-30T12:29:23.919693+00:00,True
2026-10-03 19:00:00,39.3,57.5,309.0,60.7,11.2,47.0,87.0,60.0,Gujarat,Ahmedabad,23.0225,72.5714,State Representative,2026-09-30T12:29:23.919693+00:00,True
2026-10-03 20:00:00,47.3,65.9,373.0,80.3,14.2,20.0,87.0,70.0,Gujarat,Ahmedabad,23.0225,72.5714,State Representative,2026-09-30T12:29:23.919693+00:00,True
2026-10-03 21:00:00,52.0,70.8,468.0,87.9,16.4,7.0,86.0,74.0,Gujarat,Ahmedabad,23.0225,72.5714,State Representative,2026-09-30T12:29:23.919693+00:00,True
2026-10-03 22:00:00,53.8,72.6,571.0,88.5,18.1,3.0,86.0,74.0,Gujarat,Ahmedabad,23.0225,72.5714,State Representative,2026-09-30T12:29:23.919693+00:00,True
2026-10-03 23:00:00,53.3,72.2,610.0,83.6,18.3,3.0,86.0,72.0,Gujarat,Ahmedabad,23.0225,72.5714,State Representative,2026-09-30T12:29:23.919693+00:00,True
2026-10-04 00:00:00,47.8,65.9,528.0,71.2,16.3,10.0,86.0,66.0,Gujarat,Ahmedabad,23.0225,72.5714,State Representative,2026-09-30T12:29:23.919693+00:00,True
2026-10-04 01:00:00,39.2,54.8,381.0,53.3,13.0,22.0,86.0,56.0,Gujarat,Ahmedabad,23.0225,72.5714,State Representative,2026-09-30T12:29:23.919693+00:00,True
2026-10-04 02:00:00,29.0,39.8,266.0,37.9,9.9,31.0,86.0,48.0,Gujarat,Ahmedabad,23.0225,72.5714,State Representative,2026-09-30T12:29:23.919693+00:00,True
2026-10-04 03:00:00,20.7,26.7,221.0,27.7,7.4,34.0,86.0,43.0,Gujarat,Ahmedabad,23.0225,72.5714,State Representative,2026-09-30T12:29:23.919693+00:00,True
2026-10-04 04:00:00,15.5,18.6,207.0,19.8,5.1,35.0,86.0,40.0,Gujarat,Ahmedabad,23.0225,72.5714,State Representative,2026-09-30T12:29:23.919693+00:00,True
2026-10-04 05:00:00,12.7,14.8,200.8,14.2,3.7,36.0,86.0,35.0,Gujarat,Ahmedabad,23.0225,72.5714,State Representative,2026-09-30T12:29:23.919693+00:00,True
2026-10-04 06:00:00,11.5,13.4,188.5,11.4,3.5,36.0,85.0,33.0,Gujarat,Ahmedabad,23.0225,72.5714,State Representative,2026-09-30T12:29:23.919693+00:00,True
2026-10-04 07:00:00,13.0,15.8,190.5,10.8,4.2,35.0,85.0,36.0,Gujarat,Ahmedabad,23.0225,72.5714,State Representative,2026-09-30T12:29:23.919693+00:00,True
2026-10-04 08:00:00,12.2,17.5,192.0,9.9,4.8,42.0,84.0,34.0,Gujarat,Ahmedabad,23.0225,72.5714,State Representative,2026-09-30T12:29:23.919693+00:00,True
2026-10-04 09:00:00,12.7,22.2,182.0,7.5,5.1,62.0,84.0,35.0,Gujarat,Ahmedabad,23.0225,72.5714,State Representative,2026-09-30T12:29:23.919693+00:00,True
2026-10-04 10:00:00,14.1,27.9,166.0,4.9,5.4,89.0,83.0,38.0,Gujarat,Ahmedabad,23.0225,72.5714,State Representative,2026-09-30T12:29:23.919693+00:00,True
2026-10-04 11:00:00,14.1,31.1,154.0,2.9,5.6,110.0,83.0,50.0,Gujarat,Ahmedabad,23.0225,72.5714,State Representative,2026-09-30T12:29:23.919693+00:00,True
2026-10-04 12:00:00,13.1,30.9,146.0,1.9,5.5,118.0,83.0,58.0,Gujarat,Ahmedabad,23.0225,72.5714,State Representative,2026-09-30T12:29:23.919693+00:00,True
2026-10-04 13:00:00,12.5,29.8,140.0,1.5,5.2,120.0,83.0,60.0,Gujarat,Ahmedabad,23.0225,72.5714,State Representative,2026-09-30T12:29:23.919693+00:00,True
2026-10-04 14:00:00,12.7,29.8,141.0,2.0,5.0,118.0,82.0,58.0,Gujarat,Ahmedabad,23.0225,72.5714,State Representative,2026-09-30T12:29:23.919693+00:00,True
2026-10-04 15:00:00,12.9,29.7,141.0,2.3,4.7,114.0,82.0,54.0,Gujarat,Ahmedabad,23.0225,72.5714,State Representative,2026-09-30T12:29:23.919693+00:00,True
2026-10-04 16:00:00,13.0,29.5,147.0,3.4,4.5,107.0,81.0,47.0,Gujarat,Ahmedabad,23.0225,72.5714,State Representative,2026-09-30T12:29:23.919693+00:00,True
2026-10-04 17:00:00,14.2,28.8,181.0,8.8,5.4,96.0,80.0,38.0,Gujarat,Ahmedabad,23.0225,72.5714,State Representative,2026-09-30T12:29:23.919693+00:00,True
2026-10-04 18:00:00,20.5,35.9,267.0,22.0,8.2,77.0,80.0,43.0,Gujarat,Ahmedabad,23.0225,72.5714,State Representative,2026-09-30T12:29:23.919693+00:00,True
2026-10-04 19:00:00,28.6,44.4,382.0,39.4,12.1,53.0,79.0,48.0,Gujarat,Ahmedabad,23.0225,72.5714,State Representative,2026-09-30T12:29:23.919693+00:00,True
2026-10-04 20:00:00,36.0,51.9,478.0,53.5,15.7,34.0,78.0,56.0,Gujarat,Ahmedabad,23.0225,72.5714,State Representative,2026-09-30T12:29:23.919693+00:00,True
2026-10-04 21:00:00,41.7,57.5,544.0,62.0,19.1,23.0,77.0,61.0,Gujarat,Ahmedabad,23.0225,72.5714,State Representative,2026-09-30T12:29:23.919693+00:00,True
2026-10-04 22:00:00,45.9,61.2,592.0,67.2,22.3,17.0,77.0,64.0,Gujarat,Ahmedabad,23.0225,72.5714,State Representative,2026-09-30T12:29:23.919693+00:00,True
2026-10-04 23:00:00,47.3,62.2,604.0,68.1,23.4,13.0,76.0,64.0,Gujarat,Ahmedabad,23.0225,72.5714,State Representative,2026-09-30T12:29:23.919693+00:00,True
2026-10-05 00:00:00,43.7,58.1,566.0,63.1,21.2,12.0,76.0,62.0,Gujarat,Ahmedabad,23.0225,72.5714,State Representative,2026-09-30T12:29:23.919693+00:00,True
2026-10-05 01:00:00,38.9,52.7,494.0,53.7,17.0,15.0,75.0,56.0,Gujarat,Ahmedabad,23.0225,72.5714,State Representative,2026-09-30T12:29:23.919693+00:00,True
2026-10-05 02:00:00,32.0,44.1,417.0,44.0,13.0,18.0,75.0,51.0,Gujarat,Ahmedabad,23.0225,72.5714,State Representative,2026-09-30T12:29:23.919693+00:00,True
2026-10-05 03:00:00,24.3,34.6,336.0,34.1,9.6,23.0,75.0,45.0,Gujarat,Ahmedabad,23.0225,72.5714,State Representative,2026-09-30T12:29:23.919693+00:00,True
2026-10-05 04:00:00,18.1,27.3,252.0,23.8,6.4,28.0,76.0,42.0,Gujarat,Ahmedabad,23.0225,72.5714,State Representative,2026-09-30T12:29:23.919693+00:00,True
2026-10-05 05:00:00,14.3,22.9,192.0,16.5,4.2,32.0,76.0,39.0,Gujarat,Ahmedabad,23.0225,72.5714,State Representative,2026-09-30T12:29:23.919693+00:00,True
2026-10-05 06:00:00,,,,,,,76.0,,Gujarat,Ahmedabad,23.0225,72.5714,State Representative,2026-09-30T12:29:23.919693+00:00,False
2026-10-05 07:00:00,,,,,,,,,Gujarat,Ahmedabad,23.0225,72.5714,State Representative,2026-09-30T12:29:23.919693+00:00,False
2026-10-05 08:00:00,,,,,,,,,Gujarat,Ahmedabad,23.0225,72.5714,State Representative,2026-09-30T12:29:23.919693+00:00,False
2026-10-05 09:00:00,,,,,,,,,Gujarat,Ahmedabad,23.0225,72.5714,State Representative,2026-09-30T12:29:23.919693+00:00,False
2026-10-05 10:00:00,,,,,,,,,Gujarat,Ahmedabad,23.0225,72.5714,State Representative,2026-09-30T12:29:23.919693+00:00,False
2026-10-05 11:00:00,,,,,,,,,Gujarat,Ahmedabad,23.0225,72.5714,State Representative,2026-09-30T12:29:23.919693+00:00,False
2026-10-05 12:00:00,,,,,,,,,Gujarat,Ahmedabad,23.0225,72.5714,State Representative,2026-09-30T12:29:23.919693+00:00,False
2026-10-05 13:00:00,,,,,,,,,Gujarat,Ahmedabad,23.0225,72.5714,State Representative,2026-09-30T12:29:23.919693+00:00,False
2026-10-05 14:00:00,,,,,,,,,Gujarat,Ahmedabad,23.0225,72.5714,State Representative,2026-09-30T12:29:23.919693+00:00,False
2026-10-05 15:00:00,,,,,,,,,Gujarat,Ahmedabad,23.0225,72.5714,State Representative,2026-09-30T12:29:23.919693+00:00,False
2026-10-05 16:00:00,,,,,,,,,Gujarat,Ahmedabad,23.0225,72.5714,State Representative,2026-09-30T12:29:23.919693+00:00,False
2026-10-05 17:00:00,,,,,,,,,Gujarat,Ahmedabad,23.0225,72.5714,State Representative,2026-09-30T12:29:23.919693+00:00,False
2026-10-05 18:00:00,,,,,,,,,Gujarat,Ahmedabad,23.0225,72.5714,State Representative,2026-09-30T12:29:23.919693+00:00,False
2026-10-05 19:00:00,,,,,,,,,Gujarat,Ahmedabad,23.0225,72.5714,State Representative,2026-09-30T12:29:23.919693+00:00,False
2026-10-05 20:00:00,,,,,,,,,Gujarat,Ahmedabad,23.0225,72.5714,State Representative,2026-09-30T12:29:23.919693+00:00,False
2026-10-05 21:00:00,,,,,,,,,Gujarat,Ahmedabad,23.0225,72.5714,State Representative,2026-09-30T12:29:23.919693+00:00,False
2026-10-05 22:00:00,,,,,,,,,Gujarat,Ahmedabad,23.0225,72.5714,State Representative,2026-09-30T12:29:23.919693+00:00,False
2026-10-05 23:00:00,,,,,,,,,Gujarat,Ahmedabad,23.0225,72.5714,State Representative,2026-09-30T12:29:23.919693+00:00,False
2026-10-06 00:00:00,,,,,,,,,Gujarat,Ahmedabad,23.0225,72.5714,State Representative,2026-09-30T12:29:23.919693+00:00,False
2026-10-06 01:00:00,,,,,,,,,Gujarat,Ahmedabad,23.0225,72.5714,State Representative,2026-09-30T12:29:23.919693+00:00,False
2026-10-06 02:00:00,,,,,,,,,Gujarat,Ahmedabad,23.0225,72.5714,State Representative,2026-09-30T12:29:23.919693+00:00,False
2026-10-06 03:00:00,,,,,,,,,Gujarat,Ahmedabad,23.0225,72.5714,State Representative,2026-09-30T12:29:23.919693+00:00,False
2026-10-06 04:00:00,,,,,,,,,Gujarat,Ahmedabad,23.0225,72.5714,State Representative,2026-09-30T12:29:23.919693+00:00,False
2026-10-06 05:00:00,,,,,,,,,Gujarat,Ahmedabad,23.0225,72.5714,State Representative,2026-09-30T12:29:23.919693+00:00,False
2026-10-06 06:00:00,,,,,,,,,Gujarat,Ahmedabad,23.0225,72.5714,State Representative,2026-09-30T12:29:23.919693+00:00,False
2026-10-06 07:00:00,,,,,,,,,Gujarat,Ahmedabad,23.0225,72.5714,State Representative,2026-09-30T12:29:23.919693+00:00,False
2026-10-06 08:00:00,,,,,,,,,Gujarat,Ahmedabad,23.0225,72.5714,State Representative,2026-09-30T12:29:23.919693+00:00,False
2026-10-06 09:00:00,,,,,,,,,Gujarat,Ahmedabad,23.0225,72.5714,State Representative,2026-09-30T12:29:23.919693+00:00,False
2026-10-06 10:00:00,,,,,,,,,Gujarat,Ahmedabad,23.0225,72.5714,State Representative,2026-09-30T12:29:23.919693+00:00,False
2026-10-06 11:00:00,,,,,,,,,Gujarat,Ahmedabad,23.0225,72.5714,State Representative,2026-09-30T12:29:23.919693+00:00,False
2026-10-06 12:00:00,,,,,,,,,Gujarat,Ahmedabad,23.0225,72.5714,State Representative,2026-09-30T12:29:23.919693+00:00,False
2026-10-06 13:00:00,,,,,,,,,Gujarat,Ahmedabad,23.0225,72.5714,State Representative,2026-09-30T12:29:23.919693+00:00,False
2026-10-06 14:00:00,,,,,,,,,Gujarat,Ahmedabad,23.0225,72.5714,State Representative,2026-09-30T12:29:23.919693+00:00,False
2026-10-06 15:00:00,,,,,,,,,Gujarat,Ahmedabad,23.0225,72.5714,State Representative,2026-09-30T12:29:23.919693+00:00,False
2026-10-06 16:00:00,,,,,,,,,Gujarat,Ahmedabad,23.0225,72.5714,State Representative,2026-09-30T12:29:23.919693+00:00,False
2026-10-06 17:00:00,,,,,,,,,Gujarat,Ahmedabad,23.0225,72.5714,State Representative,2026-09-30T12:29:23.919693+00:00,False
2026-10-06 18:00:00,,,,,,,,,Gujarat,Ahmedabad,23.0225,72.5714,State Representative,2026-09-30T12:29:23.919693+00:00,False
2026-10-06 19:00:00,,,,,,,,,Gujarat,Ahmedabad,23.0225,72.5714,State Representative,2026-09-30T12:29:23.919693+00:00,False
2026-10-06 20:00:00,,,,,,,,,Gujarat,Ahmedabad,23.0225,72.5714,State Representative,2026-09-30T12:29:23.919693+00:00,False
2026-10-06 21:00:00,,,,,,,,,Gujarat,Ahmedabad,23.0225,72.5714,State Representative,2026-09-30T12:29:23.919693+00:00,False
2026-10-06 22:00:00,,,,,,,,,Gujarat,Ahmedabad,23.0225,72.5714,State Representative,2026-09-30T12:29:23.919693+00:00,False
2026-10-06 23:00:00,,,,,,,,,Gujarat,Ahmedabad,23.0225,72.5714,State Representative,2026-09-30T12:29:23.919693+00:00,False
2026-09-30 00:00:00,81.5,343.7,562.0,31.1,20.8,72.0,157.0,120.0,Haryana,Gurugram,28.4595,77.0266,State Representative,2026-09-30T12:29:24.703124+00:00,True
2026-09-30 01:00:00,78.5,337.1,507.0,25.7,19.8,76.0,157.0,118.0,Haryana,Gurugram,28.4595,77.0266,State Representative,2026-09-30T12:29:24.703124+00:00,True
2026-09-30 02:00:00,75.2,326.9,474.0,21.8,19.1,79.0,160.0,115.0,Haryana,Gurugram,28.4595,77.0266,State Representative,2026-09-30T12:29:24.703124+00:00,True
2026-09-30 03:00:00,70.8,305.5,479.0,19.9,19.0,78.0,165.0,109.0,Haryana,Gurugram,28.4595,77.0266,State Representative,2026-09-30T12:29:24.703124+00:00,True
2026-09-30 04:00:00,66.1,276.6,507.0,19.4,19.3,75.0,170.0,102.0,Haryana,Gurugram,28.4595,77.0266,State Representative,2026-09-30T12:29:24.703124+00:00,True
2026-09-30 05:00:00,57.9,204.4,548.0,20.8,22.2,79.0,174.0,83.0,Haryana,Gurugram,28.4595,77.0266,State Representative,2026-09-30T12:29:24.703124+00:00,True
2026-09-30 06:00:00,58.7,197.0,622.0,23.8,23.2,82.0,177.0,81.0,Haryana,Gurugram,28.4595,77.0266,State Representative,2026-09-30T12:29:24.703124+00:00,True
2026-09-30 07:00:00,68.7,244.9,709.0,27.6,24.7,87.0,180.0,93.0,Haryana,Gurugram,28.4595,77.0266,State Representative,2026-09-30T12:29:24.703124+00:00,True
2026-09-30 08:00:00,62.6,225.4,738.0,28.3,25.6,101.0,184.0,88.0,Haryana,Gurugram,28.4595,77.0266,State Representative,2026-09-30T12:29:24.703124+00:00,True
2026-09-30 09:00:00,58.8,236.1,658.0,22.9,25.9,133.0,187.0,91.0,Haryana,Gurugram,28.4595,77.0266,State Representative,2026-09-30T12:29:24.703124+00:00,True
2026-09-30 10:00:00,62.2,275.7,520.0,14.4,25.6,174.0,191.0,102.0,Haryana,Gurugram,28.4595,77.0266,State Representative,2026-09-30T12:29:24.703124+00:00,True
2026-09-30 11:00:00,69.8,341.8,413.0,7.9,24.6,201.0,191.0,121.0,Haryana,Gurugram,28.4595,77.0266,State Representative,2026-09-30T12:29:24.703124+00:00,True
2026-09-30 12:00:00,78.5,415.4,363.0,4.8,22.0,205.0,191.0,139.0,Haryana,Gurugram,28.4595,77.0266,State Representative,2026-09-30T12:29:24.703124+00:00,True
2026-09-30 13:00:00,85.9,474.0,344.0,3.8,18.5,196.0,192.0,154.0,Haryana,Gurugram,28.4595,77.0266,State Representative,2026-09-30T12:29:24.703124+00:00,True
2026-09-30 14:00:00,89.9,510.4,359.0,5.7,16.2,182.0,193.0,164.0,Haryana,Gurugram,28.4595,77.0266,State Representative,2026-09-30T12:29:24.703124+00:00,True
2026-09-30 15:00:00,92.9,527.1,421.0,11.5,15.5,165.0,194.0,169.0,Haryana,Gurugram,28.4595,77.0266,State Representative,2026-09-30T12:29:24.703124+00:00,True
2026-09-30 16:00:00,96.9,521.5,519.0,20.3,15.8,142.0,195.0,167.0,Haryana,Gurugram,28.4595,77.0266,State Representative,2026-09-30T12:29:24.703124+00:00,True
2026-09-30 17:00:00,95.9,435.9,621.0,30.3,17.6,120.0,194.0,144.0,Haryana,Gurugram,28.4595,77.0266,State Representative,2026-09-30T12:29:24.703124+00:00,True
2026-09-30 18:00:00,94.3,343.7,738.0,42.6,21.7,97.0,195.0,120.0,Haryana,Gurugram,28.4595,77.0266,State Representative,2026-09-30T12:29:24.703124+00:00,True
2026-09-30 19:00:00,97.8,322.2,861.0,56.1,27.3,74.0,194.0,114.0,Haryana,Gurugram,28.4595,77.0266,State Representative,2026-09-30T12:29:24.703124+00:00,True
2026-09-30 20:00:00,100.8,317.6,924.0,65.5,31.5,56.0,194.0,113.0,Haryana,Gurugram,28.4595,77.0266,State Representative,2026-09-30T12:29:24.703124+00:00,True
2026-09-30 21:00:00,104.1,321.3,883.0,68.4,33.6,47.0,194.0,114.0,Haryana,Gurugram,28.4595,77.0266,State Representative,2026-09-30T12:29:24.703124+00:00,True
2026-09-30 22:00:00,108.5,334.3,784.0,67.1,34.3,44.0,193.0,117.0,Haryana,Gurugram,28.4595,77.0266,State Representative,2026-09-30T12:29:24.703124+00:00,True
2026-09-30 23:00:00,108.5,334.3,700.0,63.4,33.7,43.0,193.0,117.0,Haryana,Gurugram,28.4595,77.0266,State Representative,2026-09-30T12:29:24.703124+00:00,True
2026-10-01 00:00:00,104.8,321.3,661.0,56.6,31.0,44.0,193.0,114.0,Haryana,Gurugram,28.4595,77.0266,State Representative,2026-09-30T12:29:24.703124+00:00,True
2026-10-01 01:00:00,100.8,304.5,638.0,47.4,26.8,48.0,192.0,109.0,Haryana,Gurugram,28.4595,77.0266,State Representative,2026-09-30T12:29:24.703124+00:00,True
2026-10-01 02:00:00,97.6,292.4,617.0,39.9,23.3,50.0,192.0,106.0,Haryana,Gurugram,28.4595,77.0266,State Representative,2026-09-30T12:29:24.703124+00:00,True
2026-10-01 03:00:00,95.7,291.5,579.0,35.4,21.0,49.0,191.0,106.0,Haryana,Gurugram,28.4595,77.0266,State Representative,2026-09-30T12:29:24.703124+00:00,True
2026-10-01 04:00:00,94.3,292.4,542.0,32.7,19.2,47.0,191.0,106.0,Haryana,Gurugram,28.4595,77.0266,State Representative,2026-09-30T12:29:24.703124+00:00,True
2026-10-01 05:00:00,92.4,283.1,555.0,31.8,18.3,47.0,191.0,103.0,Haryana,Gurugram,28.4595,77.0266,State Representative,2026-09-30T12:29:24.703124+00:00,True
2026-10-01 06:00:00,92.9,271.0,687.0,35.1,18.8,46.0,193.0,100.0,Haryana,Gurugram,28.4595,77.0266,State Representative,2026-09-30T12:29:24.703124+00:00,True
2026-10-01 07:00:00,98.3,289.6,867.0,40.3,20.0,46.0,194.0,105.0,Haryana,Gurugram,28.4595,77.0266,State Representative,2026-09-30T12:29:24.703124+00:00,True
2026-10-01 08:00:00,103.6,324.1,931.0,40.9,20.5,57.0,195.0,114.0,Haryana,Gurugram,28.4595,77.0266,State Representative,2026-09-30T12:29:24.703124+00:00,True
2026-10-01 09:00:00,94.8,329.7,760.0,32.2,19.5,90.0,197.0,116.0,Haryana,Gurugram,28.4595,77.0266,State Representative,2026-09-30T12:29:24.703124+00:00,True
2026-10-01 10:00:00,86.4,339.9,473.0,18.8,17.7,134.0,199.0,119.0,Haryana,Gurugram,28.4595,77.0266,State Representative,2026-09-30T12:29:24.703124+00:00,True
2026-10-01 11:00:00,79.4,365.1,254.0,8.7,15.9,164.0,201.0,125.0,Haryana,Gurugram,28.4595,77.0266,State Representative,2026-09-30T12:29:24.703124+00:00,True
2026-10-01 12:00:00,76.6,404.2,173.0,4.4,14.1,168.0,203.0,136.0,Haryana,Gurugram,28.4595,77.0266,State Representative,2026-09-30T12:29:24.703124+00:00,True
2026-10-01 13:00:00,76.4,431.2,161.0,3.2,12.4,158.0,202.0,143.0,Haryana,Gurugram,28.4595,77.0266,State Representative,2026-09-30T12:29:24.703124+00:00,True
2026-10-01 14:00:00,77.1,444.2,199.0,5.2,11.3,144.0,200.0,146.0,Haryana,Gurugram,28.4595,77.0266,State Representative,2026-09-30T12:29:24.703124+00:00,True
2026-10-01 15:00:00,81.5,459.1,305.0,11.1,11.1,129.0,198.0,150.0,Haryana,Gurugram,28.4595,77.0266,State Representative,2026-09-30T12:29:24.703124+00:00,True
2026-10-01 16:00:00,80.6,421.9,461.0,20.1,11.6,112.0,197.0,141.0,Haryana,Gurugram,28.4595,77.0266,State Representative,2026-09-30T12:29:24.703124+00:00,True
2026-10-01 17:00:00,81.5,354.8,598.0,30.2,13.2,93.0,195.0,123.0,Haryana,Gurugram,28.4595,77.0266,State Representative,2026-09-30T12:29:24.703124+00:00,True
2026-10-01 18:00:00,86.8,322.2,692.0,42.7,16.6,73.0,193.0,114.0,Haryana,Gurugram,28.4595,77.0266,State Representative,2026-09-30T12:29:24.703124+00:00,True
2026-10-01 19:00:00,93.4,326.0,767.0,56.2,21.1,52.0,193.0,115.0,Haryana,Gurugram,28.4595,77.0266,State Representative,2026-09-30T12:29:24.703124+00:00,True
2026-10-01 20:00:00,99.2,345.5,827.0,64.9,24.4,37.0,193.0,120.0,Haryana,Gurugram,28.4595,77.0266,State Representative,2026-09-30T12:29:24.703124+00:00,True
2026-10-01 21:00:00,104.8,370.7,887.0,65.5,25.7,33.0,193.0,127.0,Haryana,Gurugram,28.4595,77.0266,State Representative,2026-09-30T12:29:24.703124+00:00,True
2026-10-01 22:00:00,109.9,395.8,933.0,61.3,25.8,34.0,194.0,134.0,Haryana,Gurugram,28.4595,77.0266,State Representative,2026-09-30T12:29:24.703124+00:00,True
2026-10-01 23:00:00,111.5,399.5,923.0,56.0,25.0,37.0,196.0,135.0,Haryana,Gurugram,28.4595,77.0266,State Representative,2026-09-30T12:29:24.703124+00:00,True
2026-10-02 00:00:00,109.0,380.9,810.0,50.2,23.0,39.0,197.0,130.0,Haryana,Gurugram,28.4595,77.0266,State Representative,2026-09-30T12:29:24.703124+00:00,True
2026-10-02 01:00:00,105.7,356.7,642.0,43.4,20.0,42.0,198.0,123.0,Haryana,Gurugram,28.4595,77.0266,State Representative,2026-09-30T12:29:24.703124+00:00,True
2026-10-02 02:00:00,103.4,347.4,519.0,37.8,17.5,43.0,199.0,121.0,Haryana,Gurugram,28.4595,77.0266,State Representative,2026-09-30T12:29:24.703124+00:00,True
2026-10-02 03:00:00,103.4,358.6,486.0,34.2,15.7,41.0,202.0,124.0,Haryana,Gurugram,28.4595,77.0266,State Representative,2026-09-30T12:29:24.703124+00:00,True
2026-10-02 04:00:00,104.3,378.1,499.0,31.8,14.2,38.0,206.0,129.0,Haryana,Gurugram,28.4595,77.0266,State Representative,2026-09-30T12:29:24.703124+00:00,True
2026-10-02 05:00:00,103.1,380.0,522.0,30.8,13.6,37.0,211.0,129.0,Haryana,Gurugram,28.4595,77.0266,State Representative,2026-09-30T12:29:24.703124+00:00,True
2026-10-02 06:00:00,100.8,355.8,565.0,32.7,14.2,36.0,216.0,123.0,Haryana,Gurugram,28.4595,77.0266,State Representative,2026-09-30T12:29:24.703124+00:00,True
2026-10-02 07:00:00,101.5,341.8,619.0,35.9,15.7,37.0,221.0,119.0,Haryana,Gurugram,28.4595,77.0266,State Representative,2026-09-30T12:29:24.703124+00:00,True
2026-10-02 08:00:00,101.7,345.5,618.0,35.7,16.7,48.0,225.0,120.0,Haryana,Gurugram,28.4595,77.0266,State Representative,2026-09-30T12:29:24.703124+00:00,True
2026-10-02 09:00:00,90.1,310.1,511.0,28.5,17.0,80.0,226.0,111.0,Haryana,Gurugram,28.4595,77.0266,State Representative,2026-09-30T12:29:24.703124+00:00,True
2026-10-02 10:00:00,79.9,308.3,350.0,17.9,17.0,123.0,225.0,110.0,Haryana,Gurugram,28.4595,77.0266,State Representative,2026-09-30T12:29:24.703124+00:00,True
2026-10-02 11:00:00,71.9,324.1,228.0,9.7,16.3,154.0,223.0,114.0,Haryana,Gurugram,28.4595,77.0266,State Representative,2026-09-30T12:29:24.703124+00:00,True
2026-10-02 12:00:00,68.9,356.7,176.0,5.5,14.4,163.0,220.0,123.0,Haryana,Gurugram,28.4595,77.0266,State Representative,2026-09-30T12:29:24.703124+00:00,True
2026-10-02 13:00:00,70.3,382.8,164.0,3.7,11.9,159.0,218.0,130.0,Haryana,Gurugram,28.4595,77.0266,State Representative,2026-09-30T12:29:24.703124+00:00,True
2026-10-02 14:00:00,72.9,404.2,194.0,4.9,10.2,150.0,215.0,136.0,Haryana,Gurugram,28.4595,77.0266,State Representative,2026-09-30T12:29:24.703124+00:00,True
2026-10-02 15:00:00,76.4,422.8,290.0,10.0,9.8,137.0,212.0,141.0,Haryana,Gurugram,28.4595,77.0266,State Representative,2026-09-30T12:29:24.703124+00:00,True
2026-10-02 16:00:00,78.7,404.2,429.0,18.2,10.2,119.0,210.0,136.0,Haryana,Gurugram,28.4595,77.0266,State Representative,2026-09-30T12:29:24.703124+00:00,True
2026-10-02 17:00:00,79.6,344.6,546.0,27.7,11.6,100.0,209.0,120.0,Haryana,Gurugram,28.4595,77.0266,State Representative,2026-09-30T12:29:24.703124+00:00,True
2026-10-02 18:00:00,85.7,325.0,613.0,39.7,14.7,79.0,208.0,115.0,Haryana,Gurugram,28.4595,77.0266,State Representative,2026-09-30T12:29:24.703124+00:00,True
2026-10-02 19:00:00,91.5,327.8,657.0,53.1,18.8,57.0,209.0,115.0,Haryana,Gurugram,28.4595,77.0266,State Representative,2026-09-30T12:29:24.703124+00:00,True
2026-10-02 20:00:00,95.9,326.9,694.0,62.4,21.9,41.0,209.0,115.0,Haryana,Gurugram,28.4595,77.0266,State Representative,2026-09-30T12:29:24.703124+00:00,True
2026-10-02 21:00:00,100.6,335.3,739.0,65.3,23.4,34.0,208.0,117.0,Haryana,Gurugram,28.4595,77.0266,State Representative,2026-09-30T12:29:24.703124+00:00,True
2026-10-02 22:00:00,103.6,346.5,777.0,64.2,24.0,33.0,206.0,120.0,Haryana,Gurugram,28.4595,77.0266,State Representative,2026-09-30T12:29:24.703124+00:00,True
2026-10-02 23:00:00,104.3,348.3,782.0,61.1,23.6,33.0,203.0,121.0,Haryana,Gurugram,28.4595,77.0266,State Representative,2026-09-30T12:29:24.703124+00:00,True
2026-10-03 00:00:00,101.7,334.3,732.0,55.6,21.6,34.0,200.0,117.0,Haryana,Gurugram,28.4595,77.0266,State Representative,2026-09-30T12:29:24.703124+00:00,True
2026-10-03 01:00:00,99.4,326.9,650.0,48.1,18.7,36.0,199.0,115.0,Haryana,Gurugram,28.4595,77.0266,State Representative,2026-09-30T12:29:24.703124+00:00,True
2026-10-03 02:00:00,99.4,339.0,574.0,41.9,16.2,37.0,198.0,118.0,Haryana,Gurugram,28.4595,77.0266,State Representative,2026-09-30T12:29:24.703124+00:00,True
2026-10-03 03:00:00,101.0,363.2,510.0,38.3,14.7,35.0,198.0,125.0,Haryana,Gurugram,28.4595,77.0266,State Representative,2026-09-30T12:29:24.703124+00:00,True
2026-10-03 04:00:00,100.8,366.0,454.0,36.1,13.6,33.0,198.0,126.0,Haryana,Gurugram,28.4595,77.0266,State Representative,2026-09-30T12:29:24.703124+00:00,True
2026-10-03 05:00:00,98.5,349.2,427.0,35.0,13.1,32.0,198.0,121.0,Haryana,Gurugram,28.4595,77.0266,State Representative,2026-09-30T12:29:24.703124+00:00,True
2026-10-03 06:00:00,97.1,328.8,466.0,36.3,13.5,31.0,197.0,116.0,Haryana,Gurugram,28.4595,77.0266,State Representative,2026-09-30T12:29:24.703124+00:00,True
2026-10-03 07:00:00,100.8,340.9,534.0,38.8,14.6,33.0,197.0,119.0,Haryana,Gurugram,28.4595,77.0266,State Representative,2026-09-30T12:29:24.703124+00:00,True
2026-10-03 08:00:00,106.9,390.2,552.0,37.7,15.2,46.0,197.0,132.0,Haryana,Gurugram,28.4595,77.0266,State Representative,2026-09-30T12:29:24.703124+00:00,True
2026-10-03 09:00:00,98.7,386.5,463.0,29.6,15.0,81.0,198.0,131.0,Haryana,Gurugram,28.4595,77.0266,State Representative,2026-09-30T12:29:24.703124+00:00,True
2026-10-03 10:00:00,88.0,383.7,322.0,17.9,14.3,128.0,199.0,130.0,Haryana,Gurugram,28.4595,77.0266,State Representative,2026-09-30T12:29:24.703124+00:00,True
2026-10-03 11:00:00,83.4,400.5,216.0,9.1,13.7,162.0,202.0,135.0,Haryana,Gurugram,28.4595,77.0266,State Representative,2026-09-30T12:29:24.703124+00:00,True
2026-10-03 12:00:00,79.4,392.1,168.0,5.0,13.2,173.0,207.0,133.0,Haryana,Gurugram,28.4595,77.0266,State Representative,2026-09-30T12:29:24.703124+00:00,True
2026-10-03 13:00:00,74.5,366.9,155.0,3.6,12.8,171.0,209.0,126.0,Haryana,Gurugram,28.4595,77.0266,State Representative,2026-09-30T12:29:24.703124+00:00,True
2026-10-03 14:00:00,73.1,364.1,193.0,5.4,12.4,162.0,208.0,125.0,Haryana,Gurugram,28.4595,77.0266,State Representative,2026-09-30T12:29:24.703124+00:00,True
2026-10-03 15:00:00,74.7,380.0,297.0,10.4,11.7,147.0,206.0,129.0,Haryana,Gurugram,28.4595,77.0266,State Representative,2026-09-30T12:29:24.703124+00:00,True
2026-10-03 16:00:00,76.1,361.4,451.0,18.7,11.1,125.0,203.0,124.0,Haryana,Gurugram,28.4595,77.0266,State Representative,2026-09-30T12:29:24.703124+00:00,True
2026-10-03 17:00:00,75.2,294.3,630.0,30.5,11.9,101.0,200.0,106.0,Haryana,Gurugram,28.4595,77.0266,State Representative,2026-09-30T12:29:24.703124+00:00,True
2026-10-03 18:00:00,82.2,284.1,825.0,49.2,15.3,73.0,199.0,104.0,Haryana,Gurugram,28.4595,77.0266,State Representative,2026-09-30T12:29:24.703124+00:00,True
2026-10-03 19:00:00,89.4,278.5,1045.0,71.5,20.2,43.0,198.0,102.0,Haryana,Gurugram,28.4595,77.0266,State Representative,2026-09-30T12:29:24.703124+00:00,True
2026-10-03 20:00:00,98.0,285.0,1281.0,87.9,24.4,21.0,197.0,104.0,Haryana,Gurugram,28.4595,77.0266,State Representative,2026-09-30T12:29:24.703124+00:00,True
2026-10-03 21:00:00,106.6,299.0,1593.0,93.8,27.6,12.0,196.0,108.0,Haryana,Gurugram,28.4595,77.0266,State Representative,2026-09-30T12:29:24.703124+00:00,True
2026-10-03 22:00:00,114.3,318.5,1922.0,93.7,30.1,10.0,196.0,113.0,Haryana,Gurugram,28.4595,77.0266,State Representative,2026-09-30T12:29:24.703124+00:00,True
2026-10-03 23:00:00,119.2,336.2,2088.0,92.1,31.3,9.0,195.0,118.0,Haryana,Gurugram,28.4595,77.0266,State Representative,2026-09-30T12:29:24.703124+00:00,True
2026-10-04 00:00:00,121.1,347.4,1994.0,89.8,30.5,7.0,195.0,121.0,Haryana,Gurugram,28.4595,77.0266,State Representative,2026-09-30T12:29:24.703124+00:00,True
2026-10-04 01:00:00,122.0,348.3,1738.0,85.9,28.3,5.0,195.0,121.0,Haryana,Gurugram,28.4595,77.0266,State Representative,2026-09-30T12:29:24.703124+00:00,True
2026-10-04 02:00:00,121.5,344.6,1428.0,81.8,25.9,4.0,195.0,120.0,Haryana,Gurugram,28.4595,77.0266,State Representative,2026-09-30T12:29:24.703124+00:00,True
2026-10-04 03:00:00,117.8,331.6,999.0,78.9,23.4,1.0,196.0,116.0,Haryana,Gurugram,28.4595,77.0266,State Representative,2026-09-30T12:29:24.703124+00:00,True
2026-10-04 04:00:00,108.3,304.5,516.0,75.7,20.8,0.0,195.0,109.0,Haryana,Gurugram,28.4595,77.0266,State Representative,2026-09-30T12:29:24.703124+00:00,True
2026-10-04 05:00:00,99.7,316.6,448.5,69.5,18.4,1.0,194.0,112.0,Haryana,Gurugram,28.4595,77.0266,State Representative,2026-09-30T12:29:24.703124+00:00,True
2026-10-04 06:00:00,96.6,356.7,507.0,57.6,16.4,11.0,193.0,123.0,Haryana,Gurugram,28.4595,77.0266,State Representative,2026-09-30T12:29:24.703124+00:00,True
2026-10-04 07:00:00,92.0,357.6,581.8,42.7,14.8,27.0,194.0,123.0,Haryana,Gurugram,28.4595,77.0266,State Representative,2026-09-30T12:29:24.703124+00:00,True
2026-10-04 08:00:00,89.6,369.7,582.0,29.8,13.9,49.0,194.0,127.0,Haryana,Gurugram,28.4595,77.0266,State Representative,2026-09-30T12:29:24.703124+00:00,True
2026-10-04 09:00:00,77.3,356.7,470.0,20.4,14.1,83.0,193.0,123.0,Haryana,Gurugram,28.4595,77.0266,State Representative,2026-09-30T12:29:24.703124+00:00,True
2026-10-04 10:00:00,80.3,416.3,364.0,13.0,15.0,122.0,193.0,139.0,Haryana,Gurugram,28.4595,77.0266,State Representative,2026-09-30T12:29:24.703124+00:00,True
2026-10-04 11:00:00,84.5,447.0,284.0,7.7,15.7,153.0,194.0,147.0,Haryana,Gurugram,28.4595,77.0266,State Representative,2026-09-30T12:29:24.703124+00:00,True
2026-10-04 12:00:00,82.9,426.5,235.0,4.4,15.9,169.0,195.0,142.0,Haryana,Gurugram,28.4595,77.0266,State Representative,2026-09-30T12:29:24.703124+00:00,True
2026-10-04 13:00:00,76.8,374.4,214.0,3.2,15.8,176.0,195.0,128.0,Haryana,Gurugram,28.4595,77.0266,State Representative,2026-09-30T12:29:24.703124+00:00,True
2026-10-04 14:00:00,70.8,326.0,226.0,5.2,15.7,173.0,195.0,115.0,Haryana,Gurugram,28.4595,77.0266,State Representative,2026-09-30T12:29:24.703124+00:00,True
2026-10-04 15:00:00,64.7,278.5,268.0,10.2,14.8,157.0,195.0,102.0,Haryana,Gurugram,28.4595,77.0266,State Representative,2026-09-30T12:29:24.703124+00:00,True
2026-10-04 16:00:00,59.5,222.6,344.0,18.3,13.9,131.0,192.0,87.0,Haryana,Gurugram,28.4595,77.0266,State Representative,2026-09-30T12:29:24.703124+00:00,True
2026-10-04 17:00:00,65.9,187.7,476.0,30.9,14.9,103.0,190.0,78.0,Haryana,Gurugram,28.4595,77.0266,State Representative,2026-09-30T12:29:24.703124+00:00,True
2026-10-04 18:00:00,82.0,207.7,723.0,53.3,20.1,72.0,187.0,83.0,Haryana,Gurugram,28.4595,77.0266,State Representative,2026-09-30T12:29:24.703124+00:00,True
2026-10-04 19:00:00,99.0,231.9,1025.0,80.3,27.2,39.0,186.0,90.0,Haryana,Gurugram,28.4595,77.0266,State Representative,2026-09-30T12:29:24.703124+00:00,True
2026-10-04 20:00:00,112.0,248.7,1226.0,97.5,32.1,15.0,185.0,94.0,Haryana,Gurugram,28.4595,77.0266,State Representative,2026-09-30T12:29:24.703124+00:00,True
2026-10-04 21:00:00,116.4,245.9,1234.0,96.5,32.6,8.0,184.0,94.0,Haryana,Gurugram,28.4595,77.0266,State Representative,2026-09-30T12:29:24.703124+00:00,True
2026-10-04 22:00:00,109.9,223.1,1140.0,85.7,30.9,11.0,183.0,88.0,Haryana,Gurugram,28.4595,77.0266,State Representative,2026-09-30T12:29:24.703124+00:00,True
2026-10-04 23:00:00,102.9,208.6,1059.0,76.6,28.9,13.0,181.0,85.0,Haryana,Gurugram,28.4595,77.0266,State Representative,2026-09-30T12:29:24.703124+00:00,True
2026-10-05 00:00:00,99.4,200.2,1039.0,73.7,27.2,9.0,178.0,84.0,Haryana,Gurugram,28.4595,77.0266,State Representative,2026-09-30T12:29:24.703124+00:00,True
2026-10-05 01:00:00,98.5,192.8,1032.0,72.5,25.2,5.0,177.0,83.0,Haryana,Gurugram,28.4595,77.0266,State Representative,2026-09-30T12:29:24.703124+00:00,True
2026-10-05 02:00:00,96.4,184.4,1004.0,70.4,23.4,2.0,176.0,83.0,Haryana,Gurugram,28.4595,77.0266,State Representative,2026-09-30T12:29:24.703124+00:00,True
2026-10-05 03:00:00,91.5,173.7,927.0,65.7,21.9,2.0,175.0,81.0,Haryana,Gurugram,28.4595,77.0266,State Representative,2026-09-30T12:29:24.703124+00:00,True
2026-10-05 04:00:00,84.1,166.2,830.0,60.1,20.5,4.0,175.0,77.0,Haryana,Gurugram,28.4595,77.0266,State Representative,2026-09-30T12:29:24.703124+00:00,True
2026-10-05 05:00:00,77.3,180.7,759.0,56.1,19.6,6.0,174.0,76.0,Haryana,Gurugram,28.4595,77.0266,State Representative,2026-09-30T12:29:24.703124+00:00,True
2026-10-05 06:00:00,,,,,,,173.0,,Haryana,Gurugram,28.4595,77.0266,State Representative,2026-09-30T12:29:24.703124+00:00,False
2026-10-05 07:00:00,,,,,,,,,Haryana,Gurugram,28.4595,77.0266,State Representative,2026-09-30T12:29:24.703124+00:00,False
2026-10-05 08:00:00,,,,,,,,,Haryana,Gurugram,28.4595,77.0266,State Representative,2026-09-30T12:29:24.703124+00:00,False
2026-10-05 09:00:00,,,,,,,,,Haryana,Gurugram,28.4595,77.0266,State Representative,2026-09-30T12:29:24.703124+00:00,False
2026-10-05 10:00:00,,,,,,,,,Haryana,Gurugram,28.4595,77.0266,State Representative,2026-09-30T12:29:24.703124+00:00,False
2026-10-05 11:00:00,,,,,,,,,Haryana,Gurugram,28.4595,77.0266,State Representative,2026-09-30T12:29:24.703124+00:00,False
2026-10-05 12:00:00,,,,,,,,,Haryana,Gurugram,28.4595,77.0266,State Representative,2026-09-30T12:29:24.703124+00:00,False
2026-10-05 13:00:00,,,,,,,,,Haryana,Gurugram,28.4595,77.0266,State Representative,2026-09-30T12:29:24.703124+00:00,False
2026-10-05 14:00:00,,,,,,,,,Haryana,Gurugram,28.4595,77.0266,State Representative,2026-09-30T12:29:24.703124+00:00,False
2026-10-05 15:00:00,,,,,,,,,Haryana,Gurugram,28.4595,77.0266,State Representative,2026-09-30T12:29:24.703124+00:00,False
2026-10-05 16:00:00,,,,,,,,,Haryana,Gurugram,28.4595,77.0266,State Representative,2026-09-30T12:29:24.703124+00:00,False
2026-10-05 17:00:00,,,,,,,,,Haryana,Gurugram,28.4595,77.0266,State Representative,2026-09-30T12:29:24.703124+00:00,False
2026-10-05 18:00:00,,,,,,,,,Haryana,Gurugram,28.4595,77.0266,State Representative,2026-09-30T12:29:24.703124+00:00,False
2026-10-05 19:00:00,,,,,,,,,Haryana,Gurugram,28.4595,77.0266,State Representative,2026-09-30T12:29:24.703124+00:00,False
2026-10-05 20:00:00,,,,,,,,,Haryana,Gurugram,28.4595,77.0266,State Representative,2026-09-30T12:29:24.703124+00:00,False
2026-10-05 21:00:00,,,,,,,,,Haryana,Gurugram,28.4595,77.0266,State Representative,2026-09-30T12:29:24.703124+00:00,False
2026-10-05 22:00:00,,,,,,,,,Haryana,Gurugram,28.4595,77.0266,State Representative,2026-09-30T12:29:24.703124+00:00,False
2026-10-05 23:00:00,,,,,,,,,Haryana,Gurugram,28.4595,77.0266,State Representative,2026-09-30T12:29:24.703124+00:00,False
2026-10-06 00:00:00,,,,,,,,,Haryana,Gurugram,28.4595,77.0266,State Representative,2026-09-30T12:29:24.703124+00:00,False
2026-10-06 01:00:00,,,,,,,,,Haryana,Gurugram,28.4595,77.0266,State Representative,2026-09-30T12:29:24.703124+00:00,False
2026-10-06 02:00:00,,,,,,,,,Haryana,Gurugram,28.4595,77.0266,State Representative,2026-09-30T12:29:24.703124+00:00,False
2026-10-06 03:00:00,,,,,,,,,Haryana,Gurugram,28.4595,77.0266,State Representative,2026-09-30T12:29:24.703124+00:00,False
2026-10-06 04:00:00,,,,,,,,,Haryana,Gurugram,28.4595,77.0266,State Representative,2026-09-30T12:29:24.703124+00:00,False
2026-10-06 05:00:00,,,,,,,,,Haryana,Gurugram,28.4595,77.0266,State Representative,2026-09-30T12:29:24.703124+00:00,False
2026-10-06 06:00:00,,,,,,,,,Haryana,Gurugram,28.4595,77.0266,State Representative,2026-09-30T12:29:24.703124+00:00,False
2026-10-06 07:00:00,,,,,,,,,Haryana,Gurugram,28.4595,77.0266,State Representative,2026-09-30T12:29:24.703124+00:00,False
2026-10-06 08:00:00,,,,,,,,,Haryana,Gurugram,28.4595,77.0266,State Representative,2026-09-30T12:29:24.703124+00:00,False
2026-10-06 09:00:00,,,,,,,,,Haryana,Gurugram,28.4595,77.0266,State Representative,2026-09-30T12:29:24.703124+00:00,False
2026-10-06 10:00:00,,,,,,,,,Haryana,Gurugram,28.4595,77.0266,State Representative,2026-09-30T12:29:24.703124+00:00,False
2026-10-06 11:00:00,,,,,,,,,Haryana,Gurugram,28.4595,77.0266,State Representative,2026-09-30T12:29:24.703124+00:00,False
2026-10-06 12:00:00,,,,,,,,,Haryana,Gurugram,28.4595,77.0266,State Representative,2026-09-30T12:29:24.703124+00:00,False
2026-10-06 13:00:00,,,,,,,,,Haryana,Gurugram,28.4595,77.0266,State Representative,2026-09-30T12:29:24.703124+00:00,False
2026-10-06 14:00:00,,,,,,,,,Haryana,Gurugram,28.4595,77.0266,State Representative,2026-09-30T12:29:24.703124+00:00,False
2026-10-06 15:00:00,,,,,,,,,Haryana,Gurugram,28.4595,77.0266,State Representative,2026-09-30T12:29:24.703124+00:00,False
2026-10-06 16:00:00,,,,,,,,,Haryana,Gurugram,28.4595,77.0266,State Representative,2026-09-30T12:29:24.703124+00:00,False
2026-10-06 17:00:00,,,,,,,,,Haryana,Gurugram,28.4595,77.0266,State Representative,2026-09-30T12:29:24.703124+00:00,False
2026-10-06 18:00:00,,,,,,,,,Haryana,Gurugram,28.4595,77.0266,State Representative,2026-09-30T12:29:24.703124+00:00,False
2026-10-06 19:00:00,,,,,,,,,Haryana,Gurugram,28.4595,77.0266,State Representative,2026-09-30T12:29:24.703124+00:00,False
2026-10-06 20:00:00,,,,,,,,,Haryana,Gurugram,28.4595,77.0266,State Representative,2026-09-30T12:29:24.703124+00:00,False
2026-10-06 21:00:00,,,,,,,,,Haryana,Gurugram,28.4595,77.0266,State Representative,2026-09-30T12:29:24.703124+00:00,False
2026-10-06 22:00:00,,,,,,,,,Haryana,Gurugram,28.4595,77.0266,State Representative,2026-09-30T12:29:24.703124+00:00,False
2026-10-06 23:00:00,,,,,,,,,Haryana,Gurugram,28.4595,77.0266,State Representative,2026-09-30T12:29:24.703124+00:00,False
2026-09-30 00:00:00,30.0,30.3,296.0,28.3,0.7,46.0,59.0,49.0,Himachal Pradesh,Shimla,31.1048,77.1734,State Representative,2026-09-30T12:29:25.567097+00:00,True
2026-09-30 01:00:00,27.8,28.2,248.0,26.9,0.8,37.0,60.0,47.0,Himachal Pradesh,Shimla,31.1048,77.1734,State Representative,2026-09-30T12:29:25.567097+00:00,True
2026-09-30 02:00:00,25.0,25.6,212.0,24.5,0.8,33.0,61.0,46.0,Himachal Pradesh,Shimla,31.1048,77.1734,State Representative,2026-09-30T12:29:25.567097+00:00,True
2026-09-30 03:00:00,19.6,20.6,191.0,20.2,0.8,38.0,62.0,43.0,Himachal Pradesh,Shimla,31.1048,77.1734,State Representative,2026-09-30T12:29:25.567097+00:00,True
2026-09-30 04:00:00,15.0,16.1,182.0,14.8,0.8,49.0,63.0,40.0,Himachal Pradesh,Shimla,31.1048,77.1734,State Representative,2026-09-30T12:29:25.567097+00:00,True
2026-09-30 05:00:00,13.3,14.8,184.0,10.4,0.6,56.0,63.0,37.0,Himachal Pradesh,Shimla,31.1048,77.1734,State Representative,2026-09-30T12:29:25.567097+00:00,True
2026-09-30 06:00:00,11.7,12.7,208.0,9.7,0.4,58.0,63.0,33.0,Himachal Pradesh,Shimla,31.1048,77.1734,State Representative,2026-09-30T12:29:25.567097+00:00,True
2026-09-30 07:00:00,8.6,9.5,244.0,8.8,0.2,61.0,63.0,27.0,Himachal Pradesh,Shimla,31.1048,77.1734,State Representative,2026-09-30T12:29:25.567097+00:00,True
2026-09-30 08:00:00,7.8,8.7,263.0,7.4,0.3,69.0,63.0,26.0,Himachal Pradesh,Shimla,31.1048,77.1734,State Representative,2026-09-30T12:29:25.567097+00:00,True
2026-09-30 09:00:00,3.3,5.7,246.0,5.3,0.9,87.0,63.0,34.0,Himachal Pradesh,Shimla,31.1048,77.1734,State Representative,2026-09-30T12:29:25.567097+00:00,True
2026-09-30 10:00:00,3.6,7.3,212.0,2.8,1.8,110.0,63.0,50.0,Himachal Pradesh,Shimla,31.1048,77.1734,State Representative,2026-09-30T12:29:25.567097+00:00,True
2026-09-30 11:00:00,4.8,8.5,196.0,1.1,2.9,130.0,63.0,65.0,Himachal Pradesh,Shimla,31.1048,77.1734,State Representative,2026-09-30T12:29:25.567097+00:00,True
2026-09-30 12:00:00,6.8,9.6,215.0,0.5,4.2,143.0,63.0,72.0,Himachal Pradesh,Shimla,31.1048,77.1734,State Representative,2026-09-30T12:29:25.567097+00:00,True
2026-09-30 13:00:00,9.0,11.2,251.0,0.7,5.6,153.0,63.0,77.0,Himachal Pradesh,Shimla,31.1048,77.1734,State Representative,2026-09-30T12:29:25.567097+00:00,True
2026-09-30 14:00:00,10.3,12.3,289.0,1.6,6.6,158.0,63.0,79.0,Himachal Pradesh,Shimla,31.1048,77.1734,State Representative,2026-09-30T12:29:25.567097+00:00,True
2026-09-30 15:00:00,13.4,15.2,317.0,2.9,7.0,158.0,63.0,79.0,Himachal Pradesh,Shimla,31.1048,77.1734,State Representative,2026-09-30T12:29:25.567097+00:00,True
2026-09-30 16:00:00,15.5,17.2,346.0,4.8,7.1,154.0,81.0,77.0,Himachal Pradesh,Shimla,31.1048,77.1734,State Representative,2026-09-30T12:29:25.567097+00:00,True
2026-09-30 17:00:00,18.2,19.7,390.0,8.1,6.6,145.0,99.0,73.0,Himachal Pradesh,Shimla,31.1048,77.1734,State Representative,2026-09-30T12:29:25.567097+00:00,True
2026-09-30 18:00:00,24.2,25.5,474.0,14.2,5.2,130.0,111.0,65.0,Himachal Pradesh,Shimla,31.1048,77.1734,State Representative,2026-09-30T12:29:25.567097+00:00,True
2026-09-30 19:00:00,35.9,37.1,574.0,21.7,3.3,111.0,116.0,52.0,Himachal Pradesh,Shimla,31.1048,77.1734,State Representative,2026-09-30T12:29:25.567097+00:00,True
2026-09-30 20:00:00,38.1,39.3,631.0,27.0,2.2,96.0,112.0,53.0,Himachal Pradesh,Shimla,31.1048,77.1734,State Representative,2026-09-30T12:29:25.567097+00:00,True
2026-09-30 21:00:00,38.9,40.2,611.0,28.4,2.7,89.0,102.0,54.0,Himachal Pradesh,Shimla,31.1048,77.1734,State Representative,2026-09-30T12:29:25.567097+00:00,True
2026-09-30 22:00:00,39.1,40.4,548.0,27.7,3.9,87.0,88.0,54.0,Himachal Pradesh,Shimla,31.1048,77.1734,State Representative,2026-09-30T12:29:25.567097+00:00,True
2026-09-30 23:00:00,39.0,40.3,481.0,26.6,4.5,82.0,73.0,54.0,Himachal Pradesh,Shimla,31.1048,77.1734,State Representative,2026-09-30T12:29:25.567097+00:00,True
2026-10-01 00:00:00,37.7,39.0,417.0,25.7,3.5,72.0,69.0,53.0,Himachal Pradesh,Shimla,31.1048,77.1734,State Representative,2026-09-30T12:29:25.567097+00:00,True
2026-10-01 01:00:00,41.2,42.6,350.0,24.5,1.8,60.0,70.0,55.0,Himachal Pradesh,Shimla,31.1048,77.1734,State Representative,2026-09-30T12:29:25.567097+00:00,True
2026-10-01 02:00:00,39.8,41.3,298.0,23.3,0.6,50.0,71.0,54.0,Himachal Pradesh,Shimla,31.1048,77.1734,State Representative,2026-09-30T12:29:25.567097+00:00,True
2026-10-01 03:00:00,37.7,39.3,271.0,22.4,0.6,43.0,72.0,53.0,Himachal Pradesh,Shimla,31.1048,77.1734,State Representative,2026-09-30T12:29:25.567097+00:00,True
2026-10-01 04:00:00,34.8,36.6,259.0,21.6,1.1,38.0,73.0,51.0,Himachal Pradesh,Shimla,31.1048,77.1734,State Representative,2026-09-30T12:29:25.567097+00:00,True
2026-10-01 05:00:00,30.2,32.1,258.0,19.8,1.5,39.0,75.0,49.0,Himachal Pradesh,Shimla,31.1048,77.1734,State Representative,2026-09-30T12:29:25.567097+00:00,True
2026-10-01 06:00:00,27.5,29.6,274.0,16.5,1.3,50.0,76.0,47.0,Himachal Pradesh,Shimla,31.1048,77.1734,State Representative,2026-09-30T12:29:25.567097+00:00,True
2026-10-01 07:00:00,21.2,23.3,300.0,12.3,0.9,67.0,77.0,44.0,Himachal Pradesh,Shimla,31.1048,77.1734,State Representative,2026-09-30T12:29:25.567097+00:00,True
2026-10-01 08:00:00,16.8,19.0,314.0,8.5,0.9,86.0,78.0,41.0,Himachal Pradesh,Shimla,31.1048,77.1734,State Representative,2026-09-30T12:29:25.567097+00:00,True
2026-10-01 09:00:00,8.8,12.1,302.0,5.5,1.6,108.0,79.0,48.0,Himachal Pradesh,Shimla,31.1048,77.1734,State Representative,2026-09-30T12:29:25.567097+00:00,True
2026-10-01 10:00:00,8.8,12.1,277.0,2.9,2.7,133.0,80.0,67.0,Himachal Pradesh,Shimla,31.1048,77.1734,State Representative,2026-09-30T12:29:25.567097+00:00,True
2026-10-01 11:00:00,9.5,12.7,260.0,1.2,4.0,153.0,80.0,77.0,Himachal Pradesh,Shimla,31.1048,77.1734,State Representative,2026-09-30T12:29:25.567097+00:00,True
2026-10-01 12:00:00,11.3,14.1,256.0,0.6,5.4,166.0,80.0,86.0,Himachal Pradesh,Shimla,31.1048,77.1734,State Representative,2026-09-30T12:29:25.567097+00:00,True
2026-10-01 13:00:00,13.1,15.4,259.0,0.8,7.0,174.0,81.0,94.0,Himachal Pradesh,Shimla,31.1048,77.1734,State Representative,2026-09-30T12:29:25.567097+00:00,True
2026-10-01 14:00:00,14.0,16.4,274.0,1.6,8.2,178.0,81.0,98.0,Himachal Pradesh,Shimla,31.1048,77.1734,State Representative,2026-09-30T12:29:25.567097+00:00,True
2026-10-01 15:00:00,15.6,17.5,305.0,2.5,8.7,178.0,93.0,98.0,Himachal Pradesh,Shimla,31.1048,77.1734,State Representative,2026-09-30T12:29:25.567097+00:00,True
2026-10-01 16:00:00,16.0,18.0,348.0,3.9,8.8,173.0,117.0,93.0,Himachal Pradesh,Shimla,31.1048,77.1734,State Representative,2026-09-30T12:29:25.567097+00:00,True
2026-10-01 17:00:00,17.5,19.3,388.0,6.6,8.9,166.0,135.0,86.0,Himachal Pradesh,Shimla,31.1048,77.1734,State Representative,2026-09-30T12:29:25.567097+00:00,True
2026-10-01 18:00:00,22.6,24.4,425.0,11.7,9.3,154.0,147.0,77.0,Himachal Pradesh,Shimla,31.1048,77.1734,State Representative,2026-09-30T12:29:25.567097+00:00,True
2026-10-01 19:00:00,25.6,27.5,459.0,18.2,9.8,139.0,151.0,70.0,Himachal Pradesh,Shimla,31.1048,77.1734,State Representative,2026-09-30T12:29:25.567097+00:00,True
2026-10-01 20:00:00,27.6,29.7,481.0,23.0,10.1,127.0,149.0,64.0,Himachal Pradesh,Shimla,31.1048,77.1734,State Representative,2026-09-30T12:29:25.567097+00:00,True
2026-10-01 21:00:00,29.2,31.3,486.0,25.1,10.4,121.0,141.0,61.0,Himachal Pradesh,Shimla,31.1048,77.1734,State Representative,2026-09-30T12:29:25.567097+00:00,True
2026-10-01 22:00:00,30.2,32.4,479.0,25.5,10.5,117.0,129.0,57.0,Himachal Pradesh,Shimla,31.1048,77.1734,State Representative,2026-09-30T12:29:25.567097+00:00,True
2026-10-01 23:00:00,31.2,33.4,460.0,25.3,9.8,110.0,116.0,50.0,Himachal Pradesh,Shimla,31.1048,77.1734,State Representative,2026-09-30T12:29:25.567097+00:00,True
2026-10-02 00:00:00,31.3,33.6,422.0,24.3,7.8,95.0,102.0,49.0,Himachal Pradesh,Shimla,31.1048,77.1734,State Representative,2026-09-30T12:29:25.567097+00:00,True
2026-10-02 01:00:00,31.4,33.6,372.0,22.5,5.0,77.0,85.0,49.0,Himachal Pradesh,Shimla,31.1048,77.1734,State Representative,2026-09-30T12:29:25.567097+00:00,True
2026-10-02 02:00:00,36.7,38.4,333.0,21.0,2.8,61.0,76.0,52.0,Himachal Pradesh,Shimla,31.1048,77.1734,State Representative,2026-09-30T12:29:25.567097+00:00,True
2026-10-02 03:00:00,36.7,38.2,313.0,20.6,1.7,46.0,76.0,52.0,Himachal Pradesh,Shimla,31.1048,77.1734,State Representative,2026-09-30T12:29:25.567097+00:00,True
2026-10-02 04:00:00,35.0,36.6,304.0,20.4,1.1,32.0,76.0,51.0,Himachal Pradesh,Shimla,31.1048,77.1734,State Representative,2026-09-30T12:29:25.567097+00:00,True
2026-10-02 05:00:00,32.7,34.2,301.0,19.1,0.8,30.0,76.0,50.0,Himachal Pradesh,Shimla,31.1048,77.1734,State Representative,2026-09-30T12:29:25.567097+00:00,True
2026-10-02 06:00:00,30.4,31.7,309.0,15.7,0.8,46.0,76.0,49.0,Himachal Pradesh,Shimla,31.1048,77.1734,State Representative,2026-09-30T12:29:25.567097+00:00,True
2026-10-02 07:00:00,27.6,28.5,323.0,11.2,1.0,72.0,77.0,47.0,Himachal Pradesh,Shimla,31.1048,77.1734,State Representative,2026-09-30T12:29:25.567097+00:00,True
2026-10-02 08:00:00,16.6,18.3,326.0,7.3,1.4,98.0,77.0,41.0,Himachal Pradesh,Shimla,31.1048,77.1734,State Representative,2026-09-30T12:29:25.567097+00:00,True
2026-10-02 09:00:00,11.1,14.2,306.0,4.6,1.9,120.0,77.0,60.0,Himachal Pradesh,Shimla,31.1048,77.1734,State Representative,2026-09-30T12:29:25.567097+00:00,True
2026-10-02 10:00:00,10.2,13.2,275.0,2.5,2.5,140.0,77.0,70.0,Himachal Pradesh,Shimla,31.1048,77.1734,State Representative,2026-09-30T12:29:25.567097+00:00,True
2026-10-02 11:00:00,10.4,13.0,248.0,1.1,3.4,157.0,77.0,79.0,Himachal Pradesh,Shimla,31.1048,77.1734,State Representative,2026-09-30T12:29:25.567097+00:00,True
2026-10-02 12:00:00,11.3,13.7,226.0,0.6,4.6,168.0,77.0,88.0,Himachal Pradesh,Shimla,31.1048,77.1734,State Representative,2026-09-30T12:29:25.567097+00:00,True
2026-10-02 13:00:00,13.2,15.5,209.0,0.8,6.1,175.0,77.0,95.0,Himachal Pradesh,Shimla,31.1048,77.1734,State Representative,2026-09-30T12:29:25.567097+00:00,True
2026-10-02 14:00:00,14.6,17.0,210.0,1.4,7.3,179.0,77.0,99.0,Himachal Pradesh,Shimla,31.1048,77.1734,State Representative,2026-09-30T12:29:25.567097+00:00,True
2026-10-02 15:00:00,16.4,18.9,241.0,1.8,8.0,182.0,102.0,102.0,Himachal Pradesh,Shimla,31.1048,77.1734,State Representative,2026-09-30T12:29:25.567097+00:00,True
2026-10-02 16:00:00,17.9,20.6,290.0,2.5,8.4,183.0,126.0,103.0,Himachal Pradesh,Shimla,31.1048,77.1734,State Representative,2026-09-30T12:29:25.567097+00:00,True
2026-10-02 17:00:00,19.0,21.7,337.0,4.7,8.8,178.0,144.0,98.0,Himachal Pradesh,Shimla,31.1048,77.1734,State Representative,2026-09-30T12:29:25.567097+00:00,True
2026-10-02 18:00:00,22.7,25.6,377.0,9.8,9.2,165.0,155.0,85.0,Himachal Pradesh,Shimla,31.1048,77.1734,State Representative,2026-09-30T12:29:25.567097+00:00,True
2026-10-02 19:00:00,26.5,29.8,415.0,16.5,9.5,146.0,159.0,73.0,Himachal Pradesh,Shimla,31.1048,77.1734,State Representative,2026-09-30T12:29:25.567097+00:00,True
2026-10-02 20:00:00,29.0,32.5,439.0,21.3,9.7,132.0,157.0,66.0,Himachal Pradesh,Shimla,31.1048,77.1734,State Representative,2026-09-30T12:29:25.567097+00:00,True
2026-10-02 21:00:00,30.9,34.5,446.0,22.8,9.8,127.0,151.0,64.0,Himachal Pradesh,Shimla,31.1048,77.1734,State Representative,2026-09-30T12:29:25.567097+00:00,True
2026-10-02 22:00:00,31.7,35.4,440.0,22.6,9.8,125.0,141.0,63.0,Himachal Pradesh,Shimla,31.1048,77.1734,State Representative,2026-09-30T12:29:25.567097+00:00,True
2026-10-02 23:00:00,32.4,36.2,421.0,21.9,9.6,121.0,130.0,61.0,Himachal Pradesh,Shimla,31.1048,77.1734,State Representative,2026-09-30T12:29:25.567097+00:00,True
2026-10-03 00:00:00,32.6,36.6,381.0,20.9,9.0,112.0,117.0,52.0,Himachal Pradesh,Shimla,31.1048,77.1734,State Representative,2026-09-30T12:29:25.567097+00:00,True
2026-10-03 01:00:00,32.4,36.3,329.0,19.5,8.1,101.0,102.0,50.0,Himachal Pradesh,Shimla,31.1048,77.1734,State Representative,2026-09-30T12:29:25.567097+00:00,True
2026-10-03 02:00:00,31.5,35.2,290.0,18.3,7.1,88.0,85.0,49.0,Himachal Pradesh,Shimla,31.1048,77.1734,State Representative,2026-09-30T12:29:25.567097+00:00,True
2026-10-03 03:00:00,30.5,33.4,276.0,18.0,5.8,70.0,78.0,49.0,Himachal Pradesh,Shimla,31.1048,77.1734,State Representative,2026-09-30T12:29:25.567097+00:00,True
2026-10-03 04:00:00,30.2,32.6,275.0,17.9,4.2,51.0,78.0,49.0,Himachal Pradesh,Shimla,31.1048,77.1734,State Representative,2026-09-30T12:29:25.567097+00:00,True
2026-10-03 05:00:00,29.0,31.2,280.0,16.8,3.1,44.0,77.0,48.0,Himachal Pradesh,Shimla,31.1048,77.1734,State Representative,2026-09-30T12:29:25.567097+00:00,True
2026-10-03 06:00:00,27.8,29.8,295.0,13.8,2.5,59.0,77.0,47.0,Himachal Pradesh,Shimla,31.1048,77.1734,State Representative,2026-09-30T12:29:25.567097+00:00,True
2026-10-03 07:00:00,23.7,25.7,317.0,9.9,2.3,87.0,77.0,45.0,Himachal Pradesh,Shimla,31.1048,77.1734,State Representative,2026-09-30T12:29:25.567097+00:00,True
2026-10-03 08:00:00,18.2,20.7,326.0,6.5,2.5,114.0,76.0,54.0,Himachal Pradesh,Shimla,31.1048,77.1734,State Representative,2026-09-30T12:29:25.567097+00:00,True
2026-10-03 09:00:00,15.0,20.0,307.0,4.1,3.0,136.0,77.0,68.0,Himachal Pradesh,Shimla,31.1048,77.1734,State Representative,2026-09-30T12:29:25.567097+00:00,True
2026-10-03 10:00:00,15.7,21.3,276.0,2.3,3.9,156.0,77.0,78.0,Himachal Pradesh,Shimla,31.1048,77.1734,State Representative,2026-09-30T12:29:25.567097+00:00,True
2026-10-03 11:00:00,17.3,22.9,259.0,1.1,5.0,173.0,77.0,93.0,Himachal Pradesh,Shimla,31.1048,77.1734,State Representative,2026-09-30T12:29:25.567097+00:00,True
2026-10-03 12:00:00,19.7,25.5,271.0,0.6,6.4,184.0,78.0,104.0,Himachal Pradesh,Shimla,31.1048,77.1734,State Representative,2026-09-30T12:29:25.567097+00:00,True
2026-10-03 13:00:00,22.2,28.2,296.0,0.8,8.0,191.0,78.0,111.0,Himachal Pradesh,Shimla,31.1048,77.1734,State Representative,2026-09-30T12:29:25.567097+00:00,True
2026-10-03 14:00:00,23.7,30.3,321.0,1.3,9.3,195.0,101.0,115.0,Himachal Pradesh,Shimla,31.1048,77.1734,State Representative,2026-09-30T12:29:25.567097+00:00,True
2026-10-03 15:00:00,25.1,32.2,337.0,1.9,10.1,196.0,129.0,116.0,Himachal Pradesh,Shimla,31.1048,77.1734,State Representative,2026-09-30T12:29:25.567097+00:00,True
2026-10-03 16:00:00,26.7,34.5,351.0,2.8,10.6,193.0,152.0,113.0,Himachal Pradesh,Shimla,31.1048,77.1734,State Representative,2026-09-30T12:29:25.567097+00:00,True
2026-10-03 17:00:00,28.0,35.3,371.0,5.0,11.0,186.0,165.0,106.0,Himachal Pradesh,Shimla,31.1048,77.1734,State Representative,2026-09-30T12:29:25.567097+00:00,True
2026-10-03 18:00:00,32.0,39.9,404.0,9.5,11.4,173.0,173.0,93.0,Himachal Pradesh,Shimla,31.1048,77.1734,State Representative,2026-09-30T12:29:25.567097+00:00,True
2026-10-03 19:00:00,35.6,44.6,443.0,15.3,11.7,156.0,175.0,78.0,Himachal Pradesh,Shimla,31.1048,77.1734,State Representative,2026-09-30T12:29:25.567097+00:00,True
2026-10-03 20:00:00,38.0,47.4,473.0,19.6,11.9,142.0,173.0,71.0,Himachal Pradesh,Shimla,31.1048,77.1734,State Representative,2026-09-30T12:29:25.567097+00:00,True
2026-10-03 21:00:00,39.9,49.6,491.0,21.3,12.0,136.0,166.0,68.0,Himachal Pradesh,Shimla,31.1048,77.1734,State Representative,2026-09-30T12:29:25.567097+00:00,True
2026-10-03 22:00:00,41.3,51.2,500.0,21.7,12.0,133.0,157.0,67.0,Himachal Pradesh,Shimla,31.1048,77.1734,State Representative,2026-09-30T12:29:25.567097+00:00,True
2026-10-03 23:00:00,42.4,52.4,492.0,21.4,11.9,130.0,146.0,65.0,Himachal Pradesh,Shimla,31.1048,77.1734,State Representative,2026-09-30T12:29:25.567097+00:00,True
2026-10-04 00:00:00,43.1,53.2,456.0,20.6,11.6,126.0,132.0,63.0,Himachal Pradesh,Shimla,31.1048,77.1734,State Representative,2026-09-30T12:29:25.567097+00:00,True
2026-10-04 01:00:00,43.3,53.4,403.0,19.2,11.3,122.0,118.0,61.0,Himachal Pradesh,Shimla,31.1048,77.1734,State Representative,2026-09-30T12:29:25.567097+00:00,True
2026-10-04 02:00:00,43.0,53.2,359.0,18.0,10.8,118.0,104.0,58.0,Himachal Pradesh,Shimla,31.1048,77.1734,State Representative,2026-09-30T12:29:25.567097+00:00,True
2026-10-04 03:00:00,42.3,52.5,333.0,17.7,10.4,110.0,93.0,56.0,Himachal Pradesh,Shimla,31.1048,77.1734,State Representative,2026-09-30T12:29:25.567097+00:00,True
2026-10-04 04:00:00,41.2,51.5,317.0,17.6,9.9,102.0,90.0,55.0,Himachal Pradesh,Shimla,31.1048,77.1734,State Representative,2026-09-30T12:29:25.567097+00:00,True
2026-10-04 05:00:00,40.0,49.9,347.3,16.4,9.1,100.0,91.0,54.0,Himachal Pradesh,Shimla,31.1048,77.1734,State Representative,2026-09-30T12:29:25.567097+00:00,True
2026-10-04 06:00:00,38.6,48.0,368.5,12.9,7.7,109.0,92.0,53.0,Himachal Pradesh,Shimla,31.1048,77.1734,State Representative,2026-09-30T12:29:25.567097+00:00,True
2026-10-04 07:00:00,33.9,42.3,378.0,8.2,6.0,125.0,92.0,63.0,Himachal Pradesh,Shimla,31.1048,77.1734,State Representative,2026-09-30T12:29:25.567097+00:00,True
2026-10-04 08:00:00,28.6,37.1,376.0,4.5,5.0,141.0,93.0,71.0,Himachal Pradesh,Shimla,31.1048,77.1734,State Representative,2026-09-30T12:29:25.567097+00:00,True
2026-10-04 09:00:00,24.0,35.3,358.0,2.5,5.3,155.0,94.0,78.0,Himachal Pradesh,Shimla,31.1048,77.1734,State Representative,2026-09-30T12:29:25.567097+00:00,True
2026-10-04 10:00:00,24.5,36.0,346.0,1.5,6.4,168.0,95.0,88.0,Himachal Pradesh,Shimla,31.1048,77.1734,State Representative,2026-09-30T12:29:25.567097+00:00,True
2026-10-04 11:00:00,25.3,36.1,341.0,0.9,7.7,179.0,95.0,99.0,Himachal Pradesh,Shimla,31.1048,77.1734,State Representative,2026-09-30T12:29:25.567097+00:00,True
2026-10-04 12:00:00,27.6,37.8,347.0,0.6,9.2,188.0,96.0,108.0,Himachal Pradesh,Shimla,31.1048,77.1734,State Representative,2026-09-30T12:29:25.567097+00:00,True
2026-10-04 13:00:00,29.7,39.7,360.0,0.8,11.0,196.0,114.0,116.0,Himachal Pradesh,Shimla,31.1048,77.1734,State Representative,2026-09-30T12:29:25.567097+00:00,True
2026-10-04 14:00:00,31.8,41.7,374.0,1.3,12.6,200.0,135.0,120.0,Himachal Pradesh,Shimla,31.1048,77.1734,State Representative,2026-09-30T12:29:25.567097+00:00,True
2026-10-04 15:00:00,35.0,45.3,385.0,1.9,13.8,201.0,153.0,121.0,Himachal Pradesh,Shimla,31.1048,77.1734,State Representative,2026-09-30T12:29:25.567097+00:00,True
2026-10-04 16:00:00,37.0,47.7,395.0,2.9,14.7,199.0,165.0,119.0,Himachal Pradesh,Shimla,31.1048,77.1734,State Representative,2026-09-30T12:29:25.567097+00:00,True
2026-10-04 17:00:00,38.5,48.2,411.0,4.5,15.5,195.0,174.0,115.0,Himachal Pradesh,Shimla,31.1048,77.1734,State Representative,2026-09-30T12:29:25.567097+00:00,True
2026-10-04 18:00:00,43.4,53.2,436.0,7.5,16.2,186.0,181.0,106.0,Himachal Pradesh,Shimla,31.1048,77.1734,State Representative,2026-09-30T12:29:25.567097+00:00,True
2026-10-04 19:00:00,47.6,58.2,465.0,11.1,16.8,175.0,184.0,95.0,Himachal Pradesh,Shimla,31.1048,77.1734,State Representative,2026-09-30T12:29:25.567097+00:00,True
2026-10-04 20:00:00,50.2,61.5,489.0,13.9,17.3,165.0,183.0,85.0,Himachal Pradesh,Shimla,31.1048,77.1734,State Representative,2026-09-30T12:29:25.567097+00:00,True
2026-10-04 21:00:00,52.2,63.8,503.0,15.2,17.7,160.0,179.0,80.0,Himachal Pradesh,Shimla,31.1048,77.1734,State Representative,2026-09-30T12:29:25.567097+00:00,True
2026-10-04 22:00:00,54.2,66.1,511.0,15.6,18.0,157.0,174.0,79.0,Himachal Pradesh,Shimla,31.1048,77.1734,State Representative,2026-09-30T12:29:25.567097+00:00,True
2026-10-04 23:00:00,55.9,68.0,515.0,15.8,18.0,152.0,167.0,76.0,Himachal Pradesh,Shimla,31.1048,77.1734,State Representative,2026-09-30T12:29:25.567097+00:00,True
2026-10-05 00:00:00,56.8,68.9,517.0,16.0,17.5,144.0,159.0,72.0,Himachal Pradesh,Shimla,31.1048,77.1734,State Representative,2026-09-30T12:29:25.567097+00:00,True
2026-10-05 01:00:00,57.0,69.2,515.0,16.1,16.7,134.0,150.0,67.0,Himachal Pradesh,Shimla,31.1048,77.1734,State Representative,2026-09-30T12:29:25.567097+00:00,True
2026-10-05 02:00:00,56.3,68.0,509.0,16.0,15.7,124.0,137.0,63.0,Himachal Pradesh,Shimla,31.1048,77.1734,State Representative,2026-09-30T12:29:25.567097+00:00,True
2026-10-05 03:00:00,54.7,65.9,496.0,15.8,14.3,112.0,124.0,62.0,Himachal Pradesh,Shimla,31.1048,77.1734,State Representative,2026-09-30T12:29:25.567097+00:00,True
2026-10-05 04:00:00,52.5,63.1,480.0,15.5,12.8,98.0,114.0,61.0,Himachal Pradesh,Shimla,31.1048,77.1734,State Representative,2026-09-30T12:29:25.567097+00:00,True
2026-10-05 05:00:00,49.8,59.8,468.0,15.3,11.7,89.0,115.0,60.0,Himachal Pradesh,Shimla,31.1048,77.1734,State Representative,2026-09-30T12:29:25.567097+00:00,True
2026-10-05 06:00:00,,,,,,,116.0,,Himachal Pradesh,Shimla,31.1048,77.1734,State Representative,2026-09-30T12:29:25.567097+00:00,False
2026-10-05 07:00:00,,,,,,,,,Himachal Pradesh,Shimla,31.1048,77.1734,State Representative,2026-09-30T12:29:25.567097+00:00,False
2026-10-05 08:00:00,,,,,,,,,Himachal Pradesh,Shimla,31.1048,77.1734,State Representative,2026-09-30T12:29:25.567097+00:00,False
2026-10-05 09:00:00,,,,,,,,,Himachal Pradesh,Shimla,31.1048,77.1734,State Representative,2026-09-30T12:29:25.567097+00:00,False
2026-10-05 10:00:00,,,,,,,,,Himachal Pradesh,Shimla,31.1048,77.1734,State Representative,2026-09-30T12:29:25.567097+00:00,False
2026-10-05 11:00:00,,,,,,,,,Himachal Pradesh,Shimla,31.1048,77.1734,State Representative,2026-09-30T12:29:25.567097+00:00,False
2026-10-05 12:00:00,,,,,,,,,Himachal Pradesh,Shimla,31.1048,77.1734,State Representative,2026-09-30T12:29:25.567097+00:00,False
2026-10-05 13:00:00,,,,,,,,,Himachal Pradesh,Shimla,31.1048,77.1734,State Representative,2026-09-30T12:29:25.567097+00:00,False
2026-10-05 14:00:00,,,,,,,,,Himachal Pradesh,Shimla,31.1048,77.1734,State Representative,2026-09-30T12:29:25.567097+00:00,False
2026-10-05 15:00:00,,,,,,,,,Himachal Pradesh,Shimla,31.1048,77.1734,State Representative,2026-09-30T12:29:25.567097+00:00,False
2026-10-05 16:00:00,,,,,,,,,Himachal Pradesh,Shimla,31.1048,77.1734,State Representative,2026-09-30T12:29:25.567097+00:00,False
2026-10-05 17:00:00,,,,,,,,,Himachal Pradesh,Shimla,31.1048,77.1734,State Representative,2026-09-30T12:29:25.567097+00:00,False
2026-10-05 18:00:00,,,,,,,,,Himachal Pradesh,Shimla,31.1048,77.1734,State Representative,2026-09-30T12:29:25.567097+00:00,False
2026-10-05 19:00:00,,,,,,,,,Himachal Pradesh,Shimla,31.1048,77.1734,State Representative,2026-09-30T12:29:25.567097+00:00,False
2026-10-05 20:00:00,,,,,,,,,Himachal Pradesh,Shimla,31.1048,77.1734,State Representative,2026-09-30T12:29:25.567097+00:00,False
2026-10-05 21:00:00,,,,,,,,,Himachal Pradesh,Shimla,31.1048,77.1734,State Representative,2026-09-30T12:29:25.567097+00:00,False
2026-10-05 22:00:00,,,,,,,,,Himachal Pradesh,Shimla,31.1048,77.1734,State Representative,2026-09-30T12:29:25.567097+00:00,False
2026-10-05 23:00:00,,,,,,,,,Himachal Pradesh,Shimla,31.1048,77.1734,State Representative,2026-09-30T12:29:25.567097+00:00,False
2026-10-06 00:00:00,,,,,,,,,Himachal Pradesh,Shimla,31.1048,77.1734,State Representative,2026-09-30T12:29:25.567097+00:00,False
2026-10-06 01:00:00,,,,,,,,,Himachal Pradesh,Shimla,31.1048,77.1734,State Representative,2026-09-30T12:29:25.567097+00:00,False
2026-10-06 02:00:00,,,,,,,,,Himachal Pradesh,Shimla,31.1048,77.1734,State Representative,2026-09-30T12:29:25.567097+00:00,False
2026-10-06 03:00:00,,,,,,,,,Himachal Pradesh,Shimla,31.1048,77.1734,State Representative,2026-09-30T12:29:25.567097+00:00,False
2026-10-06 04:00:00,,,,,,,,,Himachal Pradesh,Shimla,31.1048,77.1734,State Representative,2026-09-30T12:29:25.567097+00:00,False
2026-10-06 05:00:00,,,,,,,,,Himachal Pradesh,Shimla,31.1048,77.1734,State Representative,2026-09-30T12:29:25.567097+00:00,False
2026-10-06 06:00:00,,,,,,,,,Himachal Pradesh,Shimla,31.1048,77.1734,State Representative,2026-09-30T12:29:25.567097+00:00,False
2026-10-06 07:00:00,,,,,,,,,Himachal Pradesh,Shimla,31.1048,77.1734,State Representative,2026-09-30T12:29:25.567097+00:00,False
2026-10-06 08:00:00,,,,,,,,,Himachal Pradesh,Shimla,31.1048,77.1734,State Representative,2026-09-30T12:29:25.567097+00:00,False
2026-10-06 09:00:00,,,,,,,,,Himachal Pradesh,Shimla,31.1048,77.1734,State Representative,2026-09-30T12:29:25.567097+00:00,False
2026-10-06 10:00:00,,,,,,,,,Himachal Pradesh,Shimla,31.1048,77.1734,State Representative,2026-09-30T12:29:25.567097+00:00,False
2026-10-06 11:00:00,,,,,,,,,Himachal Pradesh,Shimla,31.1048,77.1734,State Representative,2026-09-30T12:29:25.567097+00:00,False
2026-10-06 12:00:00,,,,,,,,,Himachal Pradesh,Shimla,31.1048,77.1734,State Representative,2026-09-30T12:29:25.567097+00:00,False
2026-10-06 13:00:00,,,,,,,,,Himachal Pradesh,Shimla,31.1048,77.1734,State Representative,2026-09-30T12:29:25.567097+00:00,False
2026-10-06 14:00:00,,,,,,,,,Himachal Pradesh,Shimla,31.1048,77.1734,State Representative,2026-09-30T12:29:25.567097+00:00,False
2026-10-06 15:00:00,,,,,,,,,Himachal Pradesh,Shimla,31.1048,77.1734,State Representative,2026-09-30T12:29:25.567097+00:00,False
2026-10-06 16:00:00,,,,,,,,,Himachal Pradesh,Shimla,31.1048,77.1734,State Representative,2026-09-30T12:29:25.567097+00:00,False
2026-10-06 17:00:00,,,,,,,,,Himachal Pradesh,Shimla,31.1048,77.1734,State Representative,2026-09-30T12:29:25.567097+00:00,False
2026-10-06 18:00:00,,,,,,,,,Himachal Pradesh,Shimla,31.1048,77.1734,State Representative,2026-09-30T12:29:25.567097+00:00,False
2026-10-06 19:00:00,,,,,,,,,Himachal Pradesh,Shimla,31.1048,77.1734,State Representative,2026-09-30T12:29:25.567097+00:00,False
2026-10-06 20:00:00,,,,,,,,,Himachal Pradesh,Shimla,31.1048,77.1734,State Representative,2026-09-30T12:29:25.567097+00:00,False
2026-10-06 21:00:00,,,,,,,,,Himachal Pradesh,Shimla,31.1048,77.1734,State Representative,2026-09-30T12:29:25.567097+00:00,False
2026-10-06 22:00:00,,,,,,,,,Himachal Pradesh,Shimla,31.1048,77.1734,State Representative,2026-09-30T12:29:25.567097+00:00,False
2026-10-06 23:00:00,,,,,,,,,Himachal Pradesh,Shimla,31.1048,77.1734,State Representative,2026-09-30T12:29:25.567097+00:00,False
2026-09-30 00:00:00,32.0,46.2,236.0,9.5,7.0,72.0,104.0,50.0,Jharkhand,Ranchi,23.3441,85.3096,State Representative,2026-09-30T12:29:26.528022+00:00,True
2026-09-30 01:00:00,30.7,44.9,230.0,8.2,6.4,75.0,102.0,49.0,Jharkhand,Ranchi,23.3441,85.3096,State Representative,2026-09-30T12:29:26.528022+00:00,True
2026-09-30 02:00:00,29.5,43.2,226.0,7.2,6.6,77.0,100.0,48.0,Jharkhand,Ranchi,23.3441,85.3096,State Representative,2026-09-30T12:29:26.528022+00:00,True
2026-09-30 03:00:00,28.5,42.1,225.0,7.1,7.5,75.0,98.0,48.0,Jharkhand,Ranchi,23.3441,85.3096,State Representative,2026-09-30T12:29:26.528022+00:00,True
2026-09-30 04:00:00,27.8,41.8,226.0,7.5,9.2,72.0,97.0,47.0,Jharkhand,Ranchi,23.3441,85.3096,State Representative,2026-09-30T12:29:26.528022+00:00,True
2026-09-30 05:00:00,28.6,43.2,223.0,8.2,10.9,67.0,95.0,48.0,Jharkhand,Ranchi,23.3441,85.3096,State Representative,2026-09-30T12:29:26.528022+00:00,True
2026-09-30 06:00:00,30.4,44.9,213.0,7.9,16.4,73.0,94.0,49.0,Jharkhand,Ranchi,23.3441,85.3096,State Representative,2026-09-30T12:29:26.528022+00:00,True
2026-09-30 07:00:00,27.4,41.2,199.0,7.5,23.7,83.0,93.0,47.0,Jharkhand,Ranchi,23.3441,85.3096,State Representative,2026-09-30T12:29:26.528022+00:00,True
2026-09-30 08:00:00,27.2,41.8,189.0,6.7,28.1,94.0,92.0,47.0,Jharkhand,Ranchi,23.3441,85.3096,State Representative,2026-09-30T12:29:26.528022+00:00,True
2026-09-30 09:00:00,26.5,37.8,187.0,5.2,26.5,109.0,91.0,49.0,Jharkhand,Ranchi,23.3441,85.3096,State Representative,2026-09-30T12:29:26.528022+00:00,True
2026-09-30 10:00:00,26.5,36.7,189.0,3.4,21.9,126.0,91.0,63.0,Jharkhand,Ranchi,23.3441,85.3096,State Representative,2026-09-30T12:29:26.528022+00:00,True
2026-09-30 11:00:00,27.2,36.9,189.0,2.0,18.2,139.0,90.0,70.0,Jharkhand,Ranchi,23.3441,85.3096,State Representative,2026-09-30T12:29:26.528022+00:00,True
2026-09-30 12:00:00,27.8,37.0,180.0,1.4,16.8,147.0,90.0,74.0,Jharkhand,Ranchi,23.3441,85.3096,State Representative,2026-09-30T12:29:26.528022+00:00,True
2026-09-30 13:00:00,27.6,36.1,170.0,1.2,16.3,152.0,89.0,76.0,Jharkhand,Ranchi,23.3441,85.3096,State Representative,2026-09-30T12:29:26.528022+00:00,True
2026-09-30 14:00:00,27.0,34.5,175.0,1.8,15.8,152.0,89.0,76.0,Jharkhand,Ranchi,23.3441,85.3096,State Representative,2026-09-30T12:29:26.528022+00:00,True
2026-09-30 15:00:00,26.3,32.4,210.0,3.5,14.9,143.0,89.0,72.0,Jharkhand,Ranchi,23.3441,85.3096,State Representative,2026-09-30T12:29:26.528022+00:00,True
2026-09-30 16:00:00,26.3,30.0,260.0,5.9,14.0,129.0,92.0,65.0,Jharkhand,Ranchi,23.3441,85.3096,State Representative,2026-09-30T12:29:26.528022+00:00,True
2026-09-30 17:00:00,26.7,29.8,298.0,7.8,13.5,117.0,100.0,57.0,Jharkhand,Ranchi,23.3441,85.3096,State Representative,2026-09-30T12:29:26.528022+00:00,True
2026-09-30 18:00:00,27.1,29.8,311.0,8.9,13.6,110.0,102.0,50.0,Jharkhand,Ranchi,23.3441,85.3096,State Representative,2026-09-30T12:29:26.528022+00:00,True
2026-09-30 19:00:00,27.3,29.9,312.0,9.5,14.1,106.0,98.0,47.0,Jharkhand,Ranchi,23.3441,85.3096,State Representative,2026-09-30T12:29:26.528022+00:00,True
2026-09-30 20:00:00,27.8,31.0,311.0,9.9,14.5,102.0,91.0,47.0,Jharkhand,Ranchi,23.3441,85.3096,State Representative,2026-09-30T12:29:26.528022+00:00,True
2026-09-30 21:00:00,28.6,32.8,313.0,10.2,14.7,100.0,87.0,48.0,Jharkhand,Ranchi,23.3441,85.3096,State Representative,2026-09-30T12:29:26.528022+00:00,True
2026-09-30 22:00:00,29.2,34.9,314.0,10.3,14.9,99.0,87.0,48.0,Jharkhand,Ranchi,23.3441,85.3096,State Representative,2026-09-30T12:29:26.528022+00:00,True
2026-09-30 23:00:00,28.7,36.1,312.0,10.2,15.4,97.0,86.0,48.0,Jharkhand,Ranchi,23.3441,85.3096,State Representative,2026-09-30T12:29:26.528022+00:00,True
2026-10-01 00:00:00,27.8,37.1,303.0,9.8,16.2,95.0,86.0,47.0,Jharkhand,Ranchi,23.3441,85.3096,State Representative,2026-09-30T12:29:26.528022+00:00,True
2026-10-01 01:00:00,26.6,38.0,291.0,9.2,17.2,92.0,86.0,47.0,Jharkhand,Ranchi,23.3441,85.3096,State Representative,2026-09-30T12:29:26.528022+00:00,True
2026-10-01 02:00:00,26.0,39.6,283.0,8.8,18.4,89.0,85.0,46.0,Jharkhand,Ranchi,23.3441,85.3096,State Representative,2026-09-30T12:29:26.528022+00:00,True
2026-10-01 03:00:00,25.6,42.0,282.0,9.1,19.8,83.0,85.0,46.0,Jharkhand,Ranchi,23.3441,85.3096,State Representative,2026-09-30T12:29:26.528022+00:00,True
2026-10-01 04:00:00,26.7,46.3,286.0,9.7,21.5,77.0,85.0,47.0,Jharkhand,Ranchi,23.3441,85.3096,State Representative,2026-09-30T12:29:26.528022+00:00,True
2026-10-01 05:00:00,28.9,52.2,289.0,9.7,23.4,76.0,85.0,48.0,Jharkhand,Ranchi,23.3441,85.3096,State Representative,2026-09-30T12:29:26.528022+00:00,True
2026-10-01 06:00:00,31.3,56.7,293.0,8.7,26.5,85.0,85.0,49.0,Jharkhand,Ranchi,23.3441,85.3096,State Representative,2026-09-30T12:29:26.528022+00:00,True
2026-10-01 07:00:00,26.4,50.2,297.0,7.2,29.9,100.0,85.0,47.0,Jharkhand,Ranchi,23.3441,85.3096,State Representative,2026-09-30T12:29:26.528022+00:00,True
2026-10-01 08:00:00,30.6,60.5,296.0,5.7,30.9,115.0,85.0,55.0,Jharkhand,Ranchi,23.3441,85.3096,State Representative,2026-09-30T12:29:26.528022+00:00,True
2026-10-01 09:00:00,32.8,59.8,286.0,4.2,27.3,131.0,85.0,66.0,Jharkhand,Ranchi,23.3441,85.3096,State Representative,2026-09-30T12:29:26.528022+00:00,True
2026-10-01 10:00:00,32.9,56.6,270.0,2.7,21.3,148.0,85.0,74.0,Jharkhand,Ranchi,23.3441,85.3096,State Representative,2026-09-30T12:29:26.528022+00:00,True
2026-10-01 11:00:00,32.5,54.0,257.0,1.6,16.4,159.0,86.0,80.0,Jharkhand,Ranchi,23.3441,85.3096,State Representative,2026-09-30T12:29:26.528022+00:00,True
2026-10-01 12:00:00,31.2,51.2,245.0,1.1,14.0,162.0,86.0,82.0,Jharkhand,Ranchi,23.3441,85.3096,State Representative,2026-09-30T12:29:26.528022+00:00,True
2026-10-01 13:00:00,30.4,49.8,235.0,1.0,12.7,160.0,87.0,80.0,Jharkhand,Ranchi,23.3441,85.3096,State Representative,2026-09-30T12:29:26.528022+00:00,True
2026-10-01 14:00:00,30.5,50.1,240.0,1.6,11.7,154.0,92.0,77.0,Jharkhand,Ranchi,23.3441,85.3096,State Representative,2026-09-30T12:29:26.528022+00:00,True
2026-10-01 15:00:00,30.9,51.2,272.0,3.3,10.9,142.0,107.0,71.0,Jharkhand,Ranchi,23.3441,85.3096,State Representative,2026-09-30T12:29:26.528022+00:00,True
2026-10-01 16:00:00,31.2,47.8,318.0,5.7,10.5,126.0,116.0,63.0,Jharkhand,Ranchi,23.3441,85.3096,State Representative,2026-09-30T12:29:26.528022+00:00,True
2026-10-01 17:00:00,32.4,49.4,351.0,7.8,10.4,112.0,118.0,52.0,Jharkhand,Ranchi,23.3441,85.3096,State Representative,2026-09-30T12:29:26.528022+00:00,True
2026-10-01 18:00:00,33.8,52.2,360.0,9.1,10.6,104.0,114.0,51.0,Jharkhand,Ranchi,23.3441,85.3096,State Representative,2026-09-30T12:29:26.528022+00:00,True
2026-10-01 19:00:00,35.3,56.7,357.0,10.1,11.0,98.0,105.0,52.0,Jharkhand,Ranchi,23.3441,85.3096,State Representative,2026-09-30T12:29:26.528022+00:00,True
2026-10-01 20:00:00,37.1,63.8,349.0,11.0,11.5,94.0,92.0,53.0,Jharkhand,Ranchi,23.3441,85.3096,State Representative,2026-09-30T12:29:26.528022+00:00,True
2026-10-01 21:00:00,39.5,71.9,336.0,11.9,11.9,93.0,90.0,54.0,Jharkhand,Ranchi,23.3441,85.3096,State Representative,2026-09-30T12:29:26.528022+00:00,True
2026-10-01 22:00:00,41.3,79.2,319.0,12.7,12.4,93.0,91.0,55.0,Jharkhand,Ranchi,23.3441,85.3096,State Representative,2026-09-30T12:29:26.528022+00:00,True
2026-10-01 23:00:00,42.7,85.9,303.0,13.2,12.6,93.0,92.0,56.0,Jharkhand,Ranchi,23.3441,85.3096,State Representative,2026-09-30T12:29:26.528022+00:00,True
2026-10-02 00:00:00,43.5,91.5,292.0,13.0,12.5,92.0,93.0,56.0,Jharkhand,Ranchi,23.3441,85.3096,State Representative,2026-09-30T12:29:26.528022+00:00,True
2026-10-02 01:00:00,44.4,96.4,282.0,12.5,12.2,91.0,94.0,57.0,Jharkhand,Ranchi,23.3441,85.3096,State Representative,2026-09-30T12:29:26.528022+00:00,True
2026-10-02 02:00:00,45.4,100.6,276.0,12.2,11.9,89.0,96.0,57.0,Jharkhand,Ranchi,23.3441,85.3096,State Representative,2026-09-30T12:29:26.528022+00:00,True
2026-10-02 03:00:00,46.1,103.8,275.0,12.7,11.6,84.0,97.0,58.0,Jharkhand,Ranchi,23.3441,85.3096,State Representative,2026-09-30T12:29:26.528022+00:00,True
2026-10-02 04:00:00,46.7,106.2,277.0,13.3,11.4,78.0,99.0,58.0,Jharkhand,Ranchi,23.3441,85.3096,State Representative,2026-09-30T12:29:26.528022+00:00,True
2026-10-02 05:00:00,47.1,108.5,276.0,12.8,11.6,79.0,101.0,58.0,Jharkhand,Ranchi,23.3441,85.3096,State Representative,2026-09-30T12:29:26.528022+00:00,True
2026-10-02 06:00:00,47.4,107.8,269.0,10.1,13.0,94.0,102.0,59.0,Jharkhand,Ranchi,23.3441,85.3096,State Representative,2026-09-30T12:29:26.528022+00:00,True
2026-10-02 07:00:00,40.2,85.7,258.0,6.3,14.8,115.0,104.0,55.0,Jharkhand,Ranchi,23.3441,85.3096,State Representative,2026-09-30T12:29:26.528022+00:00,True
2026-10-02 08:00:00,40.2,96.4,249.0,3.3,15.7,133.0,106.0,67.0,Jharkhand,Ranchi,23.3441,85.3096,State Representative,2026-09-30T12:29:26.528022+00:00,True
2026-10-02 09:00:00,38.6,89.6,243.0,2.0,14.8,143.0,107.0,72.0,Jharkhand,Ranchi,23.3441,85.3096,State Representative,2026-09-30T12:29:26.528022+00:00,True
2026-10-02 10:00:00,37.6,81.3,238.0,1.5,12.9,148.0,107.0,74.0,Jharkhand,Ranchi,23.3441,85.3096,State Representative,2026-09-30T12:29:26.528022+00:00,True
2026-10-02 11:00:00,36.2,74.3,235.0,1.2,11.4,152.0,108.0,76.0,Jharkhand,Ranchi,23.3441,85.3096,State Representative,2026-09-30T12:29:26.528022+00:00,True
2026-10-02 12:00:00,34.9,68.7,232.0,0.8,10.9,155.0,108.0,78.0,Jharkhand,Ranchi,23.3441,85.3096,State Representative,2026-09-30T12:29:26.528022+00:00,True
2026-10-02 13:00:00,34.5,64.7,232.0,0.7,10.8,155.0,108.0,78.0,Jharkhand,Ranchi,23.3441,85.3096,State Representative,2026-09-30T12:29:26.528022+00:00,True
2026-10-02 14:00:00,34.5,62.2,243.0,1.4,10.8,151.0,109.0,76.0,Jharkhand,Ranchi,23.3441,85.3096,State Representative,2026-09-30T12:29:26.528022+00:00,True
2026-10-02 15:00:00,34.9,60.3,275.0,3.6,10.7,138.0,112.0,69.0,Jharkhand,Ranchi,23.3441,85.3096,State Representative,2026-09-30T12:29:26.528022+00:00,True
2026-10-02 16:00:00,34.7,51.9,317.0,6.6,10.6,121.0,116.0,61.0,Jharkhand,Ranchi,23.3441,85.3096,State Representative,2026-09-30T12:29:26.528022+00:00,True
2026-10-02 17:00:00,36.1,53.6,350.0,9.4,10.9,106.0,114.0,52.0,Jharkhand,Ranchi,23.3441,85.3096,State Representative,2026-09-30T12:29:26.528022+00:00,True
2026-10-02 18:00:00,38.3,55.6,367.0,11.7,11.7,96.0,110.0,53.0,Jharkhand,Ranchi,23.3441,85.3096,State Representative,2026-09-30T12:29:26.528022+00:00,True
2026-10-02 19:00:00,40.0,57.5,375.0,13.8,12.8,90.0,111.0,54.0,Jharkhand,Ranchi,23.3441,85.3096,State Representative,2026-09-30T12:29:26.528022+00:00,True
2026-10-02 20:00:00,41.8,60.5,371.0,15.0,13.7,86.0,111.0,55.0,Jharkhand,Ranchi,23.3441,85.3096,State Representative,2026-09-30T12:29:26.528022+00:00,True
2026-10-02 21:00:00,43.1,63.6,348.0,14.9,14.1,87.0,112.0,56.0,Jharkhand,Ranchi,23.3441,85.3096,State Representative,2026-09-30T12:29:26.528022+00:00,True
2026-10-02 22:00:00,44.0,66.6,314.0,14.0,14.1,90.0,112.0,57.0,Jharkhand,Ranchi,23.3441,85.3096,State Representative,2026-09-30T12:29:26.528022+00:00,True
2026-10-02 23:00:00,44.0,68.9,288.0,13.1,14.1,93.0,113.0,57.0,Jharkhand,Ranchi,23.3441,85.3096,State Representative,2026-09-30T12:29:26.528022+00:00,True
2026-10-03 00:00:00,44.0,71.9,281.0,12.4,13.9,94.0,113.0,57.0,Jharkhand,Ranchi,23.3441,85.3096,State Representative,2026-09-30T12:29:26.528022+00:00,True
2026-10-03 01:00:00,44.4,75.4,282.0,11.7,13.6,94.0,113.0,57.0,Jharkhand,Ranchi,23.3441,85.3096,State Representative,2026-09-30T12:29:26.528022+00:00,True
2026-10-03 02:00:00,45.5,80.1,283.0,11.3,13.3,93.0,113.0,57.0,Jharkhand,Ranchi,23.3441,85.3096,State Representative,2026-09-30T12:29:26.528022+00:00,True
2026-10-03 03:00:00,46.4,85.0,281.0,11.6,12.9,87.0,113.0,58.0,Jharkhand,Ranchi,23.3441,85.3096,State Representative,2026-09-30T12:29:26.528022+00:00,True
2026-10-03 04:00:00,47.0,89.9,278.0,12.1,12.5,79.0,113.0,58.0,Jharkhand,Ranchi,23.3441,85.3096,State Representative,2026-09-30T12:29:26.528022+00:00,True
2026-10-03 05:00:00,47.7,95.0,272.0,11.7,13.0,78.0,113.0,59.0,Jharkhand,Ranchi,23.3441,85.3096,State Representative,2026-09-30T12:29:26.528022+00:00,True
2026-10-03 06:00:00,47.6,97.6,263.0,9.5,15.5,89.0,113.0,59.0,Jharkhand,Ranchi,23.3441,85.3096,State Representative,2026-09-30T12:29:26.528022+00:00,True
2026-10-03 07:00:00,41.0,79.9,251.0,6.3,18.9,107.0,113.0,55.0,Jharkhand,Ranchi,23.3441,85.3096,State Representative,2026-09-30T12:29:26.528022+00:00,True
2026-10-03 08:00:00,41.0,94.5,239.0,3.7,20.5,122.0,113.0,61.0,Jharkhand,Ranchi,23.3441,85.3096,State Representative,2026-09-30T12:29:26.528022+00:00,True
2026-10-03 09:00:00,38.4,88.7,227.0,2.4,18.7,131.0,113.0,66.0,Jharkhand,Ranchi,23.3441,85.3096,State Representative,2026-09-30T12:29:26.528022+00:00,True
2026-10-03 10:00:00,35.2,76.4,214.0,1.6,15.2,138.0,113.0,69.0,Jharkhand,Ranchi,23.3441,85.3096,State Representative,2026-09-30T12:29:26.528022+00:00,True
2026-10-03 11:00:00,33.4,68.5,202.0,1.2,12.5,144.0,113.0,72.0,Jharkhand,Ranchi,23.3441,85.3096,State Representative,2026-09-30T12:29:26.528022+00:00,True
2026-10-03 12:00:00,32.9,64.3,188.0,0.8,11.8,150.0,113.0,75.0,Jharkhand,Ranchi,23.3441,85.3096,State Representative,2026-09-30T12:29:26.528022+00:00,True
2026-10-03 13:00:00,33.6,62.6,175.0,0.7,11.9,155.0,112.0,78.0,Jharkhand,Ranchi,23.3441,85.3096,State Representative,2026-09-30T12:29:26.528022+00:00,True
2026-10-03 14:00:00,34.8,62.2,175.0,1.4,12.0,154.0,112.0,77.0,Jharkhand,Ranchi,23.3441,85.3096,State Representative,2026-09-30T12:29:26.528022+00:00,True
2026-10-03 15:00:00,35.9,61.0,200.0,3.5,11.6,143.0,112.0,72.0,Jharkhand,Ranchi,23.3441,85.3096,State Representative,2026-09-30T12:29:26.528022+00:00,True
2026-10-03 16:00:00,36.0,54.5,239.0,6.4,11.1,126.0,112.0,63.0,Jharkhand,Ranchi,23.3441,85.3096,State Representative,2026-09-30T12:29:26.528022+00:00,True
2026-10-03 17:00:00,37.5,56.2,268.0,9.0,10.9,111.0,113.0,53.0,Jharkhand,Ranchi,23.3441,85.3096,State Representative,2026-09-30T12:29:26.528022+00:00,True
2026-10-03 18:00:00,39.3,58.7,277.0,10.9,11.2,101.0,113.0,54.0,Jharkhand,Ranchi,23.3441,85.3096,State Representative,2026-09-30T12:29:26.528022+00:00,True
2026-10-03 19:00:00,40.9,61.0,277.0,12.5,11.8,94.0,113.0,55.0,Jharkhand,Ranchi,23.3441,85.3096,State Representative,2026-09-30T12:29:26.528022+00:00,True
2026-10-03 20:00:00,42.3,64.7,273.0,13.7,12.2,89.0,113.0,56.0,Jharkhand,Ranchi,23.3441,85.3096,State Representative,2026-09-30T12:29:26.528022+00:00,True
2026-10-03 21:00:00,43.8,69.4,267.0,14.4,12.3,86.0,113.0,56.0,Jharkhand,Ranchi,23.3441,85.3096,State Representative,2026-09-30T12:29:26.528022+00:00,True
2026-10-03 22:00:00,44.7,73.1,257.0,14.7,12.2,85.0,113.0,57.0,Jharkhand,Ranchi,23.3441,85.3096,State Representative,2026-09-30T12:29:26.528022+00:00,True
2026-10-03 23:00:00,44.9,75.9,245.0,14.8,12.2,85.0,113.0,57.0,Jharkhand,Ranchi,23.3441,85.3096,State Representative,2026-09-30T12:29:26.528022+00:00,True
2026-10-04 00:00:00,44.7,78.0,230.0,14.5,12.3,85.0,113.0,57.0,Jharkhand,Ranchi,23.3441,85.3096,State Representative,2026-09-30T12:29:26.528022+00:00,True
2026-10-04 01:00:00,44.4,79.6,214.0,13.9,12.3,86.0,113.0,57.0,Jharkhand,Ranchi,23.3441,85.3096,State Representative,2026-09-30T12:29:26.528022+00:00,True
2026-10-04 02:00:00,44.4,81.5,204.0,13.6,12.5,85.0,113.0,57.0,Jharkhand,Ranchi,23.3441,85.3096,State Representative,2026-09-30T12:29:26.528022+00:00,True
2026-10-04 03:00:00,44.6,83.4,208.0,14.1,12.6,79.0,113.0,57.0,Jharkhand,Ranchi,23.3441,85.3096,State Representative,2026-09-30T12:29:26.528022+00:00,True
2026-10-04 04:00:00,44.7,84.8,219.0,14.8,12.7,72.0,113.0,57.0,Jharkhand,Ranchi,23.3441,85.3096,State Representative,2026-09-30T12:29:26.528022+00:00,True
2026-10-04 05:00:00,45.1,86.1,250.0,14.3,13.4,72.0,113.0,57.0,Jharkhand,Ranchi,23.3441,85.3096,State Representative,2026-09-30T12:29:26.528022+00:00,True
2026-10-04 06:00:00,44.8,85.0,262.5,11.3,15.3,85.0,112.0,57.0,Jharkhand,Ranchi,23.3441,85.3096,State Representative,2026-09-30T12:29:26.528022+00:00,True
2026-10-04 07:00:00,36.1,63.6,253.0,7.0,17.7,106.0,112.0,52.0,Jharkhand,Ranchi,23.3441,85.3096,State Representative,2026-09-30T12:29:26.528022+00:00,True
2026-10-04 08:00:00,35.3,71.7,232.0,3.6,18.8,123.0,112.0,62.0,Jharkhand,Ranchi,23.3441,85.3096,State Representative,2026-09-30T12:29:26.528022+00:00,True
2026-10-04 09:00:00,35.4,79.2,214.0,2.1,17.2,132.0,111.0,66.0,Jharkhand,Ranchi,23.3441,85.3096,State Representative,2026-09-30T12:29:26.528022+00:00,True
2026-10-04 10:00:00,35.6,82.4,201.0,1.4,14.3,137.0,111.0,69.0,Jharkhand,Ranchi,23.3441,85.3096,State Representative,2026-09-30T12:29:26.528022+00:00,True
2026-10-04 11:00:00,34.8,77.8,193.0,1.1,12.0,141.0,111.0,71.0,Jharkhand,Ranchi,23.3441,85.3096,State Representative,2026-09-30T12:29:26.528022+00:00,True
2026-10-04 12:00:00,33.2,71.0,188.0,0.7,11.1,145.0,111.0,73.0,Jharkhand,Ranchi,23.3441,85.3096,State Representative,2026-09-30T12:29:26.528022+00:00,True
2026-10-04 13:00:00,32.8,65.7,187.0,0.6,10.9,146.0,111.0,73.0,Jharkhand,Ranchi,23.3441,85.3096,State Representative,2026-09-30T12:29:26.528022+00:00,True
2026-10-04 14:00:00,32.6,62.2,191.0,1.3,10.7,143.0,111.0,72.0,Jharkhand,Ranchi,23.3441,85.3096,State Representative,2026-09-30T12:29:26.528022+00:00,True
2026-10-04 15:00:00,32.2,56.5,202.0,3.2,10.2,131.0,111.0,66.0,Jharkhand,Ranchi,23.3441,85.3096,State Representative,2026-09-30T12:29:26.528022+00:00,True
2026-10-04 16:00:00,32.1,51.6,219.0,5.7,9.8,113.0,110.0,53.0,Jharkhand,Ranchi,23.3441,85.3096,State Representative,2026-09-30T12:29:26.528022+00:00,True
2026-10-04 17:00:00,33.5,53.3,235.0,8.1,9.7,98.0,110.0,51.0,Jharkhand,Ranchi,23.3441,85.3096,State Representative,2026-09-30T12:29:26.528022+00:00,True
2026-10-04 18:00:00,35.5,55.6,250.0,9.9,10.1,89.0,109.0,52.0,Jharkhand,Ranchi,23.3441,85.3096,State Representative,2026-09-30T12:29:26.528022+00:00,True
2026-10-04 19:00:00,36.7,56.8,265.0,11.5,10.8,82.0,109.0,52.0,Jharkhand,Ranchi,23.3441,85.3096,State Representative,2026-09-30T12:29:26.528022+00:00,True
2026-10-04 20:00:00,37.4,58.2,279.0,12.9,11.5,77.0,109.0,53.0,Jharkhand,Ranchi,23.3441,85.3096,State Representative,2026-09-30T12:29:26.528022+00:00,True
2026-10-04 21:00:00,38.3,61.0,290.0,14.0,12.1,75.0,108.0,53.0,Jharkhand,Ranchi,23.3441,85.3096,State Representative,2026-09-30T12:29:26.528022+00:00,True
2026-10-04 22:00:00,39.8,63.8,299.0,14.9,12.6,74.0,107.0,54.0,Jharkhand,Ranchi,23.3441,85.3096,State Representative,2026-09-30T12:29:26.528022+00:00,True
2026-10-04 23:00:00,40.6,65.7,308.0,15.7,12.8,72.0,107.0,55.0,Jharkhand,Ranchi,23.3441,85.3096,State Representative,2026-09-30T12:29:26.528022+00:00,True
2026-10-05 00:00:00,43.1,68.7,318.0,16.6,12.4,67.0,107.0,56.0,Jharkhand,Ranchi,23.3441,85.3096,State Representative,2026-09-30T12:29:26.528022+00:00,True
2026-10-05 01:00:00,44.8,70.5,327.0,17.3,11.7,60.0,106.0,57.0,Jharkhand,Ranchi,23.3441,85.3096,State Representative,2026-09-30T12:29:26.528022+00:00,True
2026-10-05 02:00:00,45.1,70.8,332.0,17.6,11.0,55.0,106.0,57.0,Jharkhand,Ranchi,23.3441,85.3096,State Representative,2026-09-30T12:29:26.528022+00:00,True
2026-10-05 03:00:00,44.7,70.5,330.0,16.9,10.5,54.0,106.0,57.0,Jharkhand,Ranchi,23.3441,85.3096,State Representative,2026-09-30T12:29:26.528022+00:00,True
2026-10-05 04:00:00,44.5,70.5,324.0,15.8,10.2,55.0,106.0,57.0,Jharkhand,Ranchi,23.3441,85.3096,State Representative,2026-09-30T12:29:26.528022+00:00,True
2026-10-05 05:00:00,44.4,70.5,320.0,14.9,9.9,56.0,106.0,57.0,Jharkhand,Ranchi,23.3441,85.3096,State Representative,2026-09-30T12:29:26.528022+00:00,True
2026-10-05 06:00:00,,,,,,,106.0,,Jharkhand,Ranchi,23.3441,85.3096,State Representative,2026-09-30T12:29:26.528022+00:00,False
2026-10-05 07:00:00,,,,,,,,,Jharkhand,Ranchi,23.3441,85.3096,State Representative,2026-09-30T12:29:26.528022+00:00,False
2026-10-05 08:00:00,,,,,,,,,Jharkhand,Ranchi,23.3441,85.3096,State Representative,2026-09-30T12:29:26.528022+00:00,False
2026-10-05 09:00:00,,,,,,,,,Jharkhand,Ranchi,23.3441,85.3096,State Representative,2026-09-30T12:29:26.528022+00:00,False
2026-10-05 10:00:00,,,,,,,,,Jharkhand,Ranchi,23.3441,85.3096,State Representative,2026-09-30T12:29:26.528022+00:00,False
2026-10-05 11:00:00,,,,,,,,,Jharkhand,Ranchi,23.3441,85.3096,State Representative,2026-09-30T12:29:26.528022+00:00,False
2026-10-05 12:00:00,,,,,,,,,Jharkhand,Ranchi,23.3441,85.3096,State Representative,2026-09-30T12:29:26.528022+00:00,False
2026-10-05 13:00:00,,,,,,,,,Jharkhand,Ranchi,23.3441,85.3096,State Representative,2026-09-30T12:29:26.528022+00:00,False
2026-10-05 14:00:00,,,,,,,,,Jharkhand,Ranchi,23.3441,85.3096,State Representative,2026-09-30T12:29:26.528022+00:00,False
2026-10-05 15:00:00,,,,,,,,,Jharkhand,Ranchi,23.3441,85.3096,State Representative,2026-09-30T12:29:26.528022+00:00,False
2026-10-05 16:00:00,,,,,,,,,Jharkhand,Ranchi,23.3441,85.3096,State Representative,2026-09-30T12:29:26.528022+00:00,False
2026-10-05 17:00:00,,,,,,,,,Jharkhand,Ranchi,23.3441,85.3096,State Representative,2026-09-30T12:29:26.528022+00:00,False
2026-10-05 18:00:00,,,,,,,,,Jharkhand,Ranchi,23.3441,85.3096,State Representative,2026-09-30T12:29:26.528022+00:00,False
2026-10-05 19:00:00,,,,,,,,,Jharkhand,Ranchi,23.3441,85.3096,State Representative,2026-09-30T12:29:26.528022+00:00,False
2026-10-05 20:00:00,,,,,,,,,Jharkhand,Ranchi,23.3441,85.3096,State Representative,2026-09-30T12:29:26.528022+00:00,False
2026-10-05 21:00:00,,,,,,,,,Jharkhand,Ranchi,23.3441,85.3096,State Representative,2026-09-30T12:29:26.528022+00:00,False
2026-10-05 22:00:00,,,,,,,,,Jharkhand,Ranchi,23.3441,85.3096,State Representative,2026-09-30T12:29:26.528022+00:00,False
2026-10-05 23:00:00,,,,,,,,,Jharkhand,Ranchi,23.3441,85.3096,State Representative,2026-09-30T12:29:26.528022+00:00,False
2026-10-06 00:00:00,,,,,,,,,Jharkhand,Ranchi,23.3441,85.3096,State Representative,2026-09-30T12:29:26.528022+00:00,False
2026-10-06 01:00:00,,,,,,,,,Jharkhand,Ranchi,23.3441,85.3096,State Representative,2026-09-30T12:29:26.528022+00:00,False
2026-10-06 02:00:00,,,,,,,,,Jharkhand,Ranchi,23.3441,85.3096,State Representative,2026-09-30T12:29:26.528022+00:00,False
2026-10-06 03:00:00,,,,,,,,,Jharkhand,Ranchi,23.3441,85.3096,State Representative,2026-09-30T12:29:26.528022+00:00,False
2026-10-06 04:00:00,,,,,,,,,Jharkhand,Ranchi,23.3441,85.3096,State Representative,2026-09-30T12:29:26.528022+00:00,False
2026-10-06 05:00:00,,,,,,,,,Jharkhand,Ranchi,23.3441,85.3096,State Representative,2026-09-30T12:29:26.528022+00:00,False
2026-10-06 06:00:00,,,,,,,,,Jharkhand,Ranchi,23.3441,85.3096,State Representative,2026-09-30T12:29:26.528022+00:00,False
2026-10-06 07:00:00,,,,,,,,,Jharkhand,Ranchi,23.3441,85.3096,State Representative,2026-09-30T12:29:26.528022+00:00,False
2026-10-06 08:00:00,,,,,,,,,Jharkhand,Ranchi,23.3441,85.3096,State Representative,2026-09-30T12:29:26.528022+00:00,False
2026-10-06 09:00:00,,,,,,,,,Jharkhand,Ranchi,23.3441,85.3096,State Representative,2026-09-30T12:29:26.528022+00:00,False
2026-10-06 10:00:00,,,,,,,,,Jharkhand,Ranchi,23.3441,85.3096,State Representative,2026-09-30T12:29:26.528022+00:00,False
2026-10-06 11:00:00,,,,,,,,,Jharkhand,Ranchi,23.3441,85.3096,State Representative,2026-09-30T12:29:26.528022+00:00,False
2026-10-06 12:00:00,,,,,,,,,Jharkhand,Ranchi,23.3441,85.3096,State Representative,2026-09-30T12:29:26.528022+00:00,False
2026-10-06 13:00:00,,,,,,,,,Jharkhand,Ranchi,23.3441,85.3096,State Representative,2026-09-30T12:29:26.528022+00:00,False
2026-10-06 14:00:00,,,,,,,,,Jharkhand,Ranchi,23.3441,85.3096,State Representative,2026-09-30T12:29:26.528022+00:00,False
2026-10-06 15:00:00,,,,,,,,,Jharkhand,Ranchi,23.3441,85.3096,State Representative,2026-09-30T12:29:26.528022+00:00,False
2026-10-06 16:00:00,,,,,,,,,Jharkhand,Ranchi,23.3441,85.3096,State Representative,2026-09-30T12:29:26.528022+00:00,False
2026-10-06 17:00:00,,,,,,,,,Jharkhand,Ranchi,23.3441,85.3096,State Representative,2026-09-30T12:29:26.528022+00:00,False
2026-10-06 18:00:00,,,,,,,,,Jharkhand,Ranchi,23.3441,85.3096,State Representative,2026-09-30T12:29:26.528022+00:00,False
2026-10-06 19:00:00,,,,,,,,,Jharkhand,Ranchi,23.3441,85.3096,State Representative,2026-09-30T12:29:26.528022+00:00,False
2026-10-06 20:00:00,,,,,,,,,Jharkhand,Ranchi,23.3441,85.3096,State Representative,2026-09-30T12:29:26.528022+00:00,False
2026-10-06 21:00:00,,,,,,,,,Jharkhand,Ranchi,23.3441,85.3096,State Representative,2026-09-30T12:29:26.528022+00:00,False
2026-10-06 22:00:00,,,,,,,,,Jharkhand,Ranchi,23.3441,85.3096,State Representative,2026-09-30T12:29:26.528022+00:00,False
2026-10-06 23:00:00,,,,,,,,,Jharkhand,Ranchi,23.3441,85.3096,State Representative,2026-09-30T12:29:26.528022+00:00,False
2026-09-30 00:00:00,28.7,31.4,775.0,25.8,7.9,66.0,89.0,48.0,Karnataka,Bengaluru,12.9716,77.5946,State Representative,2026-09-30T12:29:27.348810+00:00,True
2026-09-30 01:00:00,27.9,30.9,577.0,21.6,8.0,66.0,89.0,47.0,Karnataka,Bengaluru,12.9716,77.5946,State Representative,2026-09-30T12:29:27.348810+00:00,True
2026-09-30 02:00:00,29.1,32.5,442.0,19.3,8.4,65.0,89.0,48.0,Karnataka,Bengaluru,12.9716,77.5946,State Representative,2026-09-30T12:29:27.348810+00:00,True
2026-09-30 03:00:00,29.3,32.7,412.0,18.0,8.9,61.0,89.0,48.0,Karnataka,Bengaluru,12.9716,77.5946,State Representative,2026-09-30T12:29:27.348810+00:00,True
2026-09-30 04:00:00,30.0,33.3,445.0,18.6,9.7,56.0,89.0,49.0,Karnataka,Bengaluru,12.9716,77.5946,State Representative,2026-09-30T12:29:27.348810+00:00,True
2026-09-30 05:00:00,22.2,24.0,490.0,11.3,7.6,83.0,89.0,44.0,Karnataka,Bengaluru,12.9716,77.5946,State Representative,2026-09-30T12:29:27.348810+00:00,True
2026-09-30 06:00:00,23.5,25.2,548.0,13.8,8.1,81.0,90.0,45.0,Karnataka,Bengaluru,12.9716,77.5946,State Representative,2026-09-30T12:29:27.348810+00:00,True
2026-09-30 07:00:00,21.2,22.6,618.0,17.0,8.8,80.0,90.0,44.0,Karnataka,Bengaluru,12.9716,77.5946,State Representative,2026-09-30T12:29:27.348810+00:00,True
2026-09-30 08:00:00,15.8,16.8,644.0,18.1,9.1,85.0,89.0,40.0,Karnataka,Bengaluru,12.9716,77.5946,State Representative,2026-09-30T12:29:27.348810+00:00,True
2026-09-30 09:00:00,14.0,14.8,584.0,15.1,8.7,101.0,89.0,41.0,Karnataka,Bengaluru,12.9716,77.5946,State Representative,2026-09-30T12:29:27.348810+00:00,True
2026-09-30 10:00:00,13.3,14.0,479.0,10.0,7.9,123.0,88.0,62.0,Karnataka,Bengaluru,12.9716,77.5946,State Representative,2026-09-30T12:29:27.348810+00:00,True
2026-09-30 11:00:00,13.2,13.9,402.0,6.1,7.1,142.0,88.0,71.0,Karnataka,Bengaluru,12.9716,77.5946,State Representative,2026-09-30T12:29:27.348810+00:00,True
2026-09-30 12:00:00,13.3,14.0,351.0,3.7,6.5,157.0,87.0,79.0,Karnataka,Bengaluru,12.9716,77.5946,State Representative,2026-09-30T12:29:27.348810+00:00,True
2026-09-30 13:00:00,13.1,13.8,327.0,2.5,6.0,168.0,87.0,88.0,Karnataka,Bengaluru,12.9716,77.5946,State Representative,2026-09-30T12:29:27.348810+00:00,True
2026-09-30 14:00:00,12.7,13.3,402.0,4.5,5.7,168.0,87.0,88.0,Karnataka,Bengaluru,12.9716,77.5946,State Representative,2026-09-30T12:29:27.348810+00:00,True
2026-09-30 15:00:00,12.3,12.9,674.0,11.4,5.3,149.0,86.0,75.0,Karnataka,Bengaluru,12.9716,77.5946,State Representative,2026-09-30T12:29:27.348810+00:00,True
2026-09-30 16:00:00,13.4,13.9,1044.0,21.5,5.1,119.0,99.0,59.0,Karnataka,Bengaluru,12.9716,77.5946,State Representative,2026-09-30T12:29:27.348810+00:00,True
2026-09-30 17:00:00,15.5,15.9,1294.0,32.1,5.7,92.0,106.0,44.0,Karnataka,Bengaluru,12.9716,77.5946,State Representative,2026-09-30T12:29:27.348810+00:00,True
2026-09-30 18:00:00,20.9,21.1,1285.0,43.8,8.0,71.0,104.0,51.0,Karnataka,Bengaluru,12.9716,77.5946,State Representative,2026-09-30T12:29:27.348810+00:00,True
2026-09-30 19:00:00,27.1,27.4,1156.0,56.1,11.2,53.0,93.0,58.0,Karnataka,Bengaluru,12.9716,77.5946,State Representative,2026-09-30T12:29:27.348810+00:00,True
2026-09-30 20:00:00,29.6,29.9,1097.0,64.3,13.5,40.0,79.0,62.0,Karnataka,Bengaluru,12.9716,77.5946,State Representative,2026-09-30T12:29:27.348810+00:00,True
2026-09-30 21:00:00,34.5,34.9,1242.0,66.9,14.1,32.0,76.0,63.0,Karnataka,Bengaluru,12.9716,77.5946,State Representative,2026-09-30T12:29:27.348810+00:00,True
2026-09-30 22:00:00,40.6,41.2,1458.0,65.5,13.8,29.0,75.0,63.0,Karnataka,Bengaluru,12.9716,77.5946,State Representative,2026-09-30T12:29:27.348810+00:00,True
2026-09-30 23:00:00,36.1,36.7,1541.0,60.3,13.1,31.0,75.0,60.0,Karnataka,Bengaluru,12.9716,77.5946,State Representative,2026-09-30T12:29:27.348810+00:00,True
2026-10-01 00:00:00,31.2,31.9,1352.0,48.8,11.8,41.0,75.0,54.0,Karnataka,Bengaluru,12.9716,77.5946,State Representative,2026-09-30T12:29:27.348810+00:00,True
2026-10-01 01:00:00,26.7,27.4,1029.0,33.6,10.0,55.0,75.0,47.0,Karnataka,Bengaluru,12.9716,77.5946,State Representative,2026-09-30T12:29:27.348810+00:00,True
2026-10-01 02:00:00,24.6,25.4,782.0,22.8,9.0,64.0,75.0,45.0,Karnataka,Bengaluru,12.9716,77.5946,State Representative,2026-09-30T12:29:27.348810+00:00,True
2026-10-01 03:00:00,24.4,25.4,690.0,20.6,9.2,61.0,75.0,45.0,Karnataka,Bengaluru,12.9716,77.5946,State Representative,2026-09-30T12:29:27.348810+00:00,True
2026-10-01 04:00:00,25.6,26.7,673.0,22.8,10.1,52.0,75.0,46.0,Karnataka,Bengaluru,12.9716,77.5946,State Representative,2026-09-30T12:29:27.348810+00:00,True
2026-10-01 05:00:00,28.0,29.0,706.0,24.7,11.1,48.0,74.0,47.0,Karnataka,Bengaluru,12.9716,77.5946,State Representative,2026-09-30T12:29:27.348810+00:00,True
2026-10-01 06:00:00,31.1,31.9,835.0,25.4,12.3,52.0,75.0,49.0,Karnataka,Bengaluru,12.9716,77.5946,State Representative,2026-09-30T12:29:27.348810+00:00,True
2026-10-01 07:00:00,29.6,30.6,1013.0,26.0,13.6,61.0,75.0,48.0,Karnataka,Bengaluru,12.9716,77.5946,State Representative,2026-09-30T12:29:27.348810+00:00,True
2026-10-01 08:00:00,26.0,28.1,1073.0,24.4,14.1,77.0,76.0,46.0,Karnataka,Bengaluru,12.9716,77.5946,State Representative,2026-09-30T12:29:27.348810+00:00,True
2026-10-01 09:00:00,23.7,30.3,895.0,18.8,13.1,105.0,77.0,45.0,Karnataka,Bengaluru,12.9716,77.5946,State Representative,2026-09-30T12:29:27.348810+00:00,True
2026-10-01 10:00:00,28.9,42.6,599.0,11.2,11.3,140.0,78.0,70.0,Karnataka,Bengaluru,12.9716,77.5946,State Representative,2026-09-30T12:29:27.348810+00:00,True
2026-10-01 11:00:00,31.1,46.9,375.0,5.6,9.8,166.0,79.0,86.0,Karnataka,Bengaluru,12.9716,77.5946,State Representative,2026-09-30T12:29:27.348810+00:00,True
2026-10-01 12:00:00,32.4,48.5,276.0,3.2,8.8,176.0,80.0,96.0,Karnataka,Bengaluru,12.9716,77.5946,State Representative,2026-09-30T12:29:27.348810+00:00,True
2026-10-01 13:00:00,32.1,48.8,249.0,2.9,8.1,177.0,82.0,97.0,Karnataka,Bengaluru,12.9716,77.5946,State Representative,2026-09-30T12:29:27.348810+00:00,True
2026-10-01 14:00:00,30.4,46.3,322.0,5.3,7.7,170.0,83.0,90.0,Karnataka,Bengaluru,12.9716,77.5946,State Representative,2026-09-30T12:29:27.348810+00:00,True
2026-10-01 15:00:00,29.4,45.2,587.0,11.4,7.7,154.0,95.0,77.0,Karnataka,Bengaluru,12.9716,77.5946,State Representative,2026-09-30T12:29:27.348810+00:00,True
2026-10-01 16:00:00,29.7,45.5,951.0,20.3,8.1,131.0,114.0,66.0,Karnataka,Bengaluru,12.9716,77.5946,State Representative,2026-09-30T12:29:27.348810+00:00,True
2026-10-01 17:00:00,32.4,45.2,1165.0,29.2,8.7,109.0,126.0,50.0,Karnataka,Bengaluru,12.9716,77.5946,State Representative,2026-09-30T12:29:27.348810+00:00,True
2026-10-01 18:00:00,41.2,54.0,1051.0,38.9,9.5,87.0,127.0,55.0,Karnataka,Bengaluru,12.9716,77.5946,State Representative,2026-09-30T12:29:27.348810+00:00,True
2026-10-01 19:00:00,41.3,51.6,786.0,48.6,10.5,66.0,115.0,55.0,Karnataka,Bengaluru,12.9716,77.5946,State Representative,2026-09-30T12:29:27.348810+00:00,True
2026-10-01 20:00:00,36.1,43.4,656.0,53.8,11.3,52.0,94.0,56.0,Karnataka,Bengaluru,12.9716,77.5946,State Representative,2026-09-30T12:29:27.348810+00:00,True
2026-10-01 21:00:00,30.6,36.9,853.0,51.0,11.7,50.0,92.0,55.0,Karnataka,Bengaluru,12.9716,77.5946,State Representative,2026-09-30T12:29:27.348810+00:00,True
2026-10-01 22:00:00,32.7,39.1,1185.0,43.6,11.8,56.0,91.0,51.0,Karnataka,Bengaluru,12.9716,77.5946,State Representative,2026-09-30T12:29:27.348810+00:00,True
2026-10-01 23:00:00,35.0,41.6,1358.0,37.4,11.9,59.0,91.0,51.0,Karnataka,Bengaluru,12.9716,77.5946,State Representative,2026-09-30T12:29:27.348810+00:00,True
2026-10-02 00:00:00,36.1,43.4,1183.0,34.4,11.8,56.0,91.0,52.0,Karnataka,Bengaluru,12.9716,77.5946,State Representative,2026-09-30T12:29:27.348810+00:00,True
2026-10-02 01:00:00,37.1,45.9,850.0,32.5,11.7,50.0,91.0,53.0,Karnataka,Bengaluru,12.9716,77.5946,State Representative,2026-09-30T12:29:27.348810+00:00,True
2026-10-02 02:00:00,37.0,47.6,636.0,31.2,11.7,45.0,92.0,53.0,Karnataka,Bengaluru,12.9716,77.5946,State Representative,2026-09-30T12:29:27.348810+00:00,True
2026-10-02 03:00:00,38.9,52.0,671.0,30.3,11.9,39.0,93.0,54.0,Karnataka,Bengaluru,12.9716,77.5946,State Representative,2026-09-30T12:29:27.348810+00:00,True
2026-10-02 04:00:00,40.6,55.8,826.0,30.0,12.3,34.0,94.0,55.0,Karnataka,Bengaluru,12.9716,77.5946,State Representative,2026-09-30T12:29:27.348810+00:00,True
2026-10-02 05:00:00,41.9,58.8,982.0,29.7,12.9,37.0,95.0,55.0,Karnataka,Bengaluru,12.9716,77.5946,State Representative,2026-09-30T12:29:27.348810+00:00,True
2026-10-02 06:00:00,46.7,64.7,1152.0,30.1,14.3,52.0,96.0,58.0,Karnataka,Bengaluru,12.9716,77.5946,State Representative,2026-09-30T12:29:27.348810+00:00,True
2026-10-02 07:00:00,48.9,63.6,1324.0,30.5,15.9,75.0,98.0,59.0,Karnataka,Bengaluru,12.9716,77.5946,State Representative,2026-09-30T12:29:27.348810+00:00,True
2026-10-02 08:00:00,39.0,56.7,1349.0,28.4,16.4,98.0,99.0,54.0,Karnataka,Bengaluru,12.9716,77.5946,State Representative,2026-09-30T12:29:27.348810+00:00,True
2026-10-02 09:00:00,34.2,56.6,1094.0,21.0,14.6,122.0,100.0,61.0,Karnataka,Bengaluru,12.9716,77.5946,State Representative,2026-09-30T12:29:27.348810+00:00,True
2026-10-02 10:00:00,30.6,53.2,690.0,11.1,11.7,145.0,101.0,73.0,Karnataka,Bengaluru,12.9716,77.5946,State Representative,2026-09-30T12:29:27.348810+00:00,True
2026-10-02 11:00:00,28.7,49.2,385.0,3.9,9.3,161.0,101.0,81.0,Karnataka,Bengaluru,12.9716,77.5946,State Representative,2026-09-30T12:29:27.348810+00:00,True
2026-10-02 12:00:00,27.6,46.4,265.0,1.4,8.1,164.0,101.0,84.0,Karnataka,Bengaluru,12.9716,77.5946,State Representative,2026-09-30T12:29:27.348810+00:00,True
2026-10-02 13:00:00,26.5,43.7,243.0,1.6,7.3,159.0,101.0,80.0,Karnataka,Bengaluru,12.9716,77.5946,State Representative,2026-09-30T12:29:27.348810+00:00,True
2026-10-02 14:00:00,25.7,41.4,305.0,3.9,7.0,150.0,100.0,75.0,Karnataka,Bengaluru,12.9716,77.5946,State Representative,2026-09-30T12:29:27.348810+00:00,True
2026-10-02 15:00:00,25.2,39.2,471.0,8.5,7.0,137.0,100.0,69.0,Karnataka,Bengaluru,12.9716,77.5946,State Representative,2026-09-30T12:29:27.348810+00:00,True
2026-10-02 16:00:00,25.3,38.0,722.0,15.1,7.3,120.0,108.0,60.0,Karnataka,Bengaluru,12.9716,77.5946,State Representative,2026-09-30T12:29:27.348810+00:00,True
2026-10-02 17:00:00,28.8,39.6,985.0,22.8,8.1,102.0,113.0,48.0,Karnataka,Bengaluru,12.9716,77.5946,State Representative,2026-09-30T12:29:27.348810+00:00,True
2026-10-02 18:00:00,36.1,46.2,1311.0,33.5,9.9,82.0,109.0,52.0,Karnataka,Bengaluru,12.9716,77.5946,State Representative,2026-09-30T12:29:27.348810+00:00,True
2026-10-02 19:00:00,40.3,50.3,1650.0,45.2,12.1,61.0,98.0,54.0,Karnataka,Bengaluru,12.9716,77.5946,State Representative,2026-09-30T12:29:27.348810+00:00,True
2026-10-02 20:00:00,38.3,47.8,1778.0,50.8,13.5,50.0,98.0,55.0,Karnataka,Bengaluru,12.9716,77.5946,State Representative,2026-09-30T12:29:27.348810+00:00,True
2026-10-02 21:00:00,35.9,44.8,1519.0,45.3,13.1,55.0,98.0,52.0,Karnataka,Bengaluru,12.9716,77.5946,State Representative,2026-09-30T12:29:27.348810+00:00,True
2026-10-02 22:00:00,34.7,43.2,1048.0,33.7,11.9,69.0,99.0,51.0,Karnataka,Bengaluru,12.9716,77.5946,State Representative,2026-09-30T12:29:27.348810+00:00,True
2026-10-02 23:00:00,33.5,41.8,670.0,24.1,10.7,79.0,99.0,51.0,Karnataka,Bengaluru,12.9716,77.5946,State Representative,2026-09-30T12:29:27.348810+00:00,True
2026-10-03 00:00:00,32.1,40.3,507.0,19.5,9.9,79.0,99.0,50.0,Karnataka,Bengaluru,12.9716,77.5946,State Representative,2026-09-30T12:29:27.348810+00:00,True
2026-10-03 01:00:00,32.8,41.1,436.0,16.8,9.2,75.0,99.0,50.0,Karnataka,Bengaluru,12.9716,77.5946,State Representative,2026-09-30T12:29:27.348810+00:00,True
2026-10-03 02:00:00,34.0,42.8,395.0,15.4,8.8,71.0,98.0,51.0,Karnataka,Bengaluru,12.9716,77.5946,State Representative,2026-09-30T12:29:27.348810+00:00,True
2026-10-03 03:00:00,35.6,44.8,362.0,15.4,9.0,66.0,98.0,52.0,Karnataka,Bengaluru,12.9716,77.5946,State Representative,2026-09-30T12:29:27.348810+00:00,True
2026-10-03 04:00:00,37.0,46.7,360.0,16.6,9.5,60.0,98.0,53.0,Karnataka,Bengaluru,12.9716,77.5946,State Representative,2026-09-30T12:29:27.348810+00:00,True
2026-10-03 05:00:00,38.4,48.5,391.0,17.3,9.9,60.0,97.0,53.0,Karnataka,Bengaluru,12.9716,77.5946,State Representative,2026-09-30T12:29:27.348810+00:00,True
2026-10-03 06:00:00,41.9,51.8,490.0,17.0,10.1,67.0,97.0,55.0,Karnataka,Bengaluru,12.9716,77.5946,State Representative,2026-09-30T12:29:27.348810+00:00,True
2026-10-03 07:00:00,34.7,43.7,623.0,16.1,10.2,80.0,97.0,51.0,Karnataka,Bengaluru,12.9716,77.5946,State Representative,2026-09-30T12:29:27.348810+00:00,True
2026-10-03 08:00:00,26.2,36.7,694.0,14.4,9.9,94.0,96.0,46.0,Karnataka,Bengaluru,12.9716,77.5946,State Representative,2026-09-30T12:29:27.348810+00:00,True
2026-10-03 09:00:00,26.5,39.0,643.0,11.0,9.0,111.0,95.0,51.0,Karnataka,Bengaluru,12.9716,77.5946,State Representative,2026-09-30T12:29:27.348810+00:00,True
2026-10-03 10:00:00,26.4,40.0,529.0,6.8,7.8,130.0,94.0,65.0,Karnataka,Bengaluru,12.9716,77.5946,State Representative,2026-09-30T12:29:27.348810+00:00,True
2026-10-03 11:00:00,25.5,39.0,433.0,3.8,6.8,144.0,94.0,72.0,Karnataka,Bengaluru,12.9716,77.5946,State Representative,2026-09-30T12:29:27.348810+00:00,True
2026-10-03 12:00:00,25.0,38.0,352.0,2.2,6.1,150.0,93.0,75.0,Karnataka,Bengaluru,12.9716,77.5946,State Representative,2026-09-30T12:29:27.348810+00:00,True
2026-10-03 13:00:00,25.0,37.7,290.0,1.8,5.6,151.0,93.0,76.0,Karnataka,Bengaluru,12.9716,77.5946,State Representative,2026-09-30T12:29:27.348810+00:00,True
2026-10-03 14:00:00,25.2,37.3,337.0,3.9,5.4,146.0,93.0,73.0,Karnataka,Bengaluru,12.9716,77.5946,State Representative,2026-09-30T12:29:27.348810+00:00,True
2026-10-03 15:00:00,25.8,37.3,594.0,9.2,5.4,134.0,93.0,67.0,Karnataka,Bengaluru,12.9716,77.5946,State Representative,2026-09-30T12:29:27.348810+00:00,True
2026-10-03 16:00:00,26.5,37.6,961.0,17.0,5.7,115.0,93.0,55.0,Karnataka,Bengaluru,12.9716,77.5946,State Representative,2026-09-30T12:29:27.348810+00:00,True
2026-10-03 17:00:00,30.0,39.5,1223.0,25.9,6.4,96.0,96.0,49.0,Karnataka,Bengaluru,12.9716,77.5946,State Representative,2026-09-30T12:29:27.348810+00:00,True
2026-10-03 18:00:00,39.1,47.7,1292.0,38.2,8.0,74.0,93.0,54.0,Karnataka,Bengaluru,12.9716,77.5946,State Representative,2026-09-30T12:29:27.348810+00:00,True
2026-10-03 19:00:00,41.1,49.2,1256.0,51.6,10.0,51.0,94.0,55.0,Karnataka,Bengaluru,12.9716,77.5946,State Representative,2026-09-30T12:29:27.348810+00:00,True
2026-10-03 20:00:00,39.3,47.4,1171.0,58.2,11.2,37.0,94.0,59.0,Karnataka,Bengaluru,12.9716,77.5946,State Representative,2026-09-30T12:29:27.348810+00:00,True
2026-10-03 21:00:00,35.5,43.3,1031.0,52.5,10.9,38.0,94.0,56.0,Karnataka,Bengaluru,12.9716,77.5946,State Representative,2026-09-30T12:29:27.348810+00:00,True
2026-10-03 22:00:00,33.5,41.6,841.0,40.1,9.9,49.0,94.0,51.0,Karnataka,Bengaluru,12.9716,77.5946,State Representative,2026-09-30T12:29:27.348810+00:00,True
2026-10-03 23:00:00,32.2,41.0,670.0,29.7,9.2,57.0,94.0,50.0,Karnataka,Bengaluru,12.9716,77.5946,State Representative,2026-09-30T12:29:27.348810+00:00,True
2026-10-04 00:00:00,31.0,40.7,535.0,24.4,9.1,60.0,93.0,49.0,Karnataka,Bengaluru,12.9716,77.5946,State Representative,2026-09-30T12:29:27.348810+00:00,True
2026-10-04 01:00:00,30.6,41.6,420.0,21.2,9.3,62.0,93.0,49.0,Karnataka,Bengaluru,12.9716,77.5946,State Representative,2026-09-30T12:29:27.348810+00:00,True
2026-10-04 02:00:00,32.8,44.8,346.0,19.5,9.9,62.0,93.0,50.0,Karnataka,Bengaluru,12.9716,77.5946,State Representative,2026-09-30T12:29:27.348810+00:00,True
2026-10-04 03:00:00,36.4,49.2,337.0,20.3,11.1,58.0,93.0,52.0,Karnataka,Bengaluru,12.9716,77.5946,State Representative,2026-09-30T12:29:27.348810+00:00,True
2026-10-04 04:00:00,39.9,53.4,369.0,22.7,12.7,54.0,93.0,54.0,Karnataka,Bengaluru,12.9716,77.5946,State Representative,2026-09-30T12:29:27.348810+00:00,True
2026-10-04 05:00:00,43.3,57.0,403.0,23.4,14.5,55.0,93.0,56.0,Karnataka,Bengaluru,12.9716,77.5946,State Representative,2026-09-30T12:29:27.348810+00:00,True
2026-10-04 06:00:00,47.3,60.8,409.5,20.8,17.0,67.0,94.0,58.0,Karnataka,Bengaluru,12.9716,77.5946,State Representative,2026-09-30T12:29:27.348810+00:00,True
2026-10-04 07:00:00,43.3,54.1,396.8,16.5,19.6,86.0,94.0,56.0,Karnataka,Bengaluru,12.9716,77.5946,State Representative,2026-09-30T12:29:27.348810+00:00,True
2026-10-04 08:00:00,33.3,44.8,368.0,12.5,20.7,105.0,95.0,50.0,Karnataka,Bengaluru,12.9716,77.5946,State Representative,2026-09-30T12:29:27.348810+00:00,True
2026-10-04 09:00:00,32.2,42.4,337.0,9.0,18.9,125.0,95.0,63.0,Karnataka,Bengaluru,12.9716,77.5946,State Representative,2026-09-30T12:29:27.348810+00:00,True
2026-10-04 10:00:00,32.2,42.5,305.0,5.7,15.4,146.0,96.0,73.0,Karnataka,Bengaluru,12.9716,77.5946,State Representative,2026-09-30T12:29:27.348810+00:00,True
2026-10-04 11:00:00,32.4,42.7,280.0,3.4,12.6,161.0,96.0,81.0,Karnataka,Bengaluru,12.9716,77.5946,State Representative,2026-09-30T12:29:27.348810+00:00,True
2026-10-04 12:00:00,31.9,41.4,261.0,1.9,11.2,169.0,97.0,89.0,Karnataka,Bengaluru,12.9716,77.5946,State Representative,2026-09-30T12:29:27.348810+00:00,True
2026-10-04 13:00:00,30.7,39.6,249.0,1.5,10.3,171.0,97.0,91.0,Karnataka,Bengaluru,12.9716,77.5946,State Representative,2026-09-30T12:29:27.348810+00:00,True
2026-10-04 14:00:00,29.8,38.1,259.0,3.3,9.9,167.0,98.0,87.0,Karnataka,Bengaluru,12.9716,77.5946,State Representative,2026-09-30T12:29:27.348810+00:00,True
2026-10-04 15:00:00,29.2,36.9,288.0,7.4,9.6,156.0,107.0,78.0,Karnataka,Bengaluru,12.9716,77.5946,State Representative,2026-09-30T12:29:27.348810+00:00,True
2026-10-04 16:00:00,28.9,36.3,338.0,13.8,9.7,138.0,122.0,69.0,Karnataka,Bengaluru,12.9716,77.5946,State Representative,2026-09-30T12:29:27.348810+00:00,True
2026-10-04 17:00:00,33.2,39.3,430.0,23.7,11.0,117.0,129.0,57.0,Karnataka,Bengaluru,12.9716,77.5946,State Representative,2026-09-30T12:29:27.348810+00:00,True
2026-10-04 18:00:00,44.2,50.5,618.0,42.1,14.7,88.0,127.0,57.0,Karnataka,Bengaluru,12.9716,77.5946,State Representative,2026-09-30T12:29:27.348810+00:00,True
2026-10-04 19:00:00,51.3,57.6,849.0,64.1,19.6,57.0,115.0,62.0,Karnataka,Bengaluru,12.9716,77.5946,State Representative,2026-09-30T12:29:27.348810+00:00,True
2026-10-04 20:00:00,55.2,61.5,984.0,76.3,22.6,36.0,100.0,68.0,Karnataka,Bengaluru,12.9716,77.5946,State Representative,2026-09-30T12:29:27.348810+00:00,True
2026-10-04 21:00:00,57.3,63.8,945.0,70.5,22.2,36.0,102.0,65.0,Karnataka,Bengaluru,12.9716,77.5946,State Representative,2026-09-30T12:29:27.348810+00:00,True
2026-10-04 22:00:00,52.9,59.3,811.0,54.9,20.0,47.0,104.0,61.0,Karnataka,Bengaluru,12.9716,77.5946,State Representative,2026-09-30T12:29:27.348810+00:00,True
2026-10-04 23:00:00,45.5,51.5,681.0,40.5,17.9,58.0,106.0,57.0,Karnataka,Bengaluru,12.9716,77.5946,State Representative,2026-09-30T12:29:27.348810+00:00,True
2026-10-05 00:00:00,39.3,44.7,579.0,30.4,16.2,64.0,108.0,54.0,Karnataka,Bengaluru,12.9716,77.5946,State Representative,2026-09-30T12:29:27.348810+00:00,True
2026-10-05 01:00:00,36.0,41.2,480.0,21.6,14.5,69.0,108.0,52.0,Karnataka,Bengaluru,12.9716,77.5946,State Representative,2026-09-30T12:29:27.348810+00:00,True
2026-10-05 02:00:00,34.5,39.6,412.0,15.5,13.6,73.0,109.0,51.0,Karnataka,Bengaluru,12.9716,77.5946,State Representative,2026-09-30T12:29:27.348810+00:00,True
2026-10-05 03:00:00,35.4,40.5,392.0,13.7,14.1,75.0,109.0,52.0,Karnataka,Bengaluru,12.9716,77.5946,State Representative,2026-09-30T12:29:27.348810+00:00,True
2026-10-05 04:00:00,38.3,43.7,402.0,14.6,15.3,76.0,109.0,53.0,Karnataka,Bengaluru,12.9716,77.5946,State Representative,2026-09-30T12:29:27.348810+00:00,True
2026-10-05 05:00:00,41.9,47.3,412.0,15.6,16.2,77.0,109.0,55.0,Karnataka,Bengaluru,12.9716,77.5946,State Representative,2026-09-30T12:29:27.348810+00:00,True
2026-10-05 06:00:00,,,,,,,109.0,,Karnataka,Bengaluru,12.9716,77.5946,State Representative,2026-09-30T12:29:27.348810+00:00,False
2026-10-05 07:00:00,,,,,,,,,Karnataka,Bengaluru,12.9716,77.5946,State Representative,2026-09-30T12:29:27.348810+00:00,False
2026-10-05 08:00:00,,,,,,,,,Karnataka,Bengaluru,12.9716,77.5946,State Representative,2026-09-30T12:29:27.348810+00:00,False
2026-10-05 09:00:00,,,,,,,,,Karnataka,Bengaluru,12.9716,77.5946,State Representative,2026-09-30T12:29:27.348810+00:00,False
2026-10-05 10:00:00,,,,,,,,,Karnataka,Bengaluru,12.9716,77.5946,State Representative,2026-09-30T12:29:27.348810+00:00,False
2026-10-05 11:00:00,,,,,,,,,Karnataka,Bengaluru,12.9716,77.5946,State Representative,2026-09-30T12:29:27.348810+00:00,False
2026-10-05 12:00:00,,,,,,,,,Karnataka,Bengaluru,12.9716,77.5946,State Representative,2026-09-30T12:29:27.348810+00:00,False
2026-10-05 13:00:00,,,,,,,,,Karnataka,Bengaluru,12.9716,77.5946,State Representative,2026-09-30T12:29:27.348810+00:00,False
2026-10-05 14:00:00,,,,,,,,,Karnataka,Bengaluru,12.9716,77.5946,State Representative,2026-09-30T12:29:27.348810+00:00,False
2026-10-05 15:00:00,,,,,,,,,Karnataka,Bengaluru,12.9716,77.5946,State Representative,2026-09-30T12:29:27.348810+00:00,False
2026-10-05 16:00:00,,,,,,,,,Karnataka,Bengaluru,12.9716,77.5946,State Representative,2026-09-30T12:29:27.348810+00:00,False
2026-10-05 17:00:00,,,,,,,,,Karnataka,Bengaluru,12.9716,77.5946,State Representative,2026-09-30T12:29:27.348810+00:00,False
2026-10-05 18:00:00,,,,,,,,,Karnataka,Bengaluru,12.9716,77.5946,State Representative,2026-09-30T12:29:27.348810+00:00,False
2026-10-05 19:00:00,,,,,,,,,Karnataka,Bengaluru,12.9716,77.5946,State Representative,2026-09-30T12:29:27.348810+00:00,False
2026-10-05 20:00:00,,,,,,,,,Karnataka,Bengaluru,12.9716,77.5946,State Representative,2026-09-30T12:29:27.348810+00:00,False
2026-10-05 21:00:00,,,,,,,,,Karnataka,Bengaluru,12.9716,77.5946,State Representative,2026-09-30T12:29:27.348810+00:00,False
2026-10-05 22:00:00,,,,,,,,,Karnataka,Bengaluru,12.9716,77.5946,State Representative,2026-09-30T12:29:27.348810+00:00,False
2026-10-05 23:00:00,,,,,,,,,Karnataka,Bengaluru,12.9716,77.5946,State Representative,2026-09-30T12:29:27.348810+00:00,False
2026-10-06 00:00:00,,,,,,,,,Karnataka,Bengaluru,12.9716,77.5946,State Representative,2026-09-30T12:29:27.348810+00:00,False
2026-10-06 01:00:00,,,,,,,,,Karnataka,Bengaluru,12.9716,77.5946,State Representative,2026-09-30T12:29:27.348810+00:00,False
2026-10-06 02:00:00,,,,,,,,,Karnataka,Bengaluru,12.9716,77.5946,State Representative,2026-09-30T12:29:27.348810+00:00,False
2026-10-06 03:00:00,,,,,,,,,Karnataka,Bengaluru,12.9716,77.5946,State Representative,2026-09-30T12:29:27.348810+00:00,False
2026-10-06 04:00:00,,,,,,,,,Karnataka,Bengaluru,12.9716,77.5946,State Representative,2026-09-30T12:29:27.348810+00:00,False
2026-10-06 05:00:00,,,,,,,,,Karnataka,Bengaluru,12.9716,77.5946,State Representative,2026-09-30T12:29:27.348810+00:00,False
2026-10-06 06:00:00,,,,,,,,,Karnataka,Bengaluru,12.9716,77.5946,State Representative,2026-09-30T12:29:27.348810+00:00,False
2026-10-06 07:00:00,,,,,,,,,Karnataka,Bengaluru,12.9716,77.5946,State Representative,2026-09-30T12:29:27.348810+00:00,False
2026-10-06 08:00:00,,,,,,,,,Karnataka,Bengaluru,12.9716,77.5946,State Representative,2026-09-30T12:29:27.348810+00:00,False
2026-10-06 09:00:00,,,,,,,,,Karnataka,Bengaluru,12.9716,77.5946,State Representative,2026-09-30T12:29:27.348810+00:00,False
2026-10-06 10:00:00,,,,,,,,,Karnataka,Bengaluru,12.9716,77.5946,State Representative,2026-09-30T12:29:27.348810+00:00,False
2026-10-06 11:00:00,,,,,,,,,Karnataka,Bengaluru,12.9716,77.5946,State Representative,2026-09-30T12:29:27.348810+00:00,False
2026-10-06 12:00:00,,,,,,,,,Karnataka,Bengaluru,12.9716,77.5946,State Representative,2026-09-30T12:29:27.348810+00:00,False
2026-10-06 13:00:00,,,,,,,,,Karnataka,Bengaluru,12.9716,77.5946,State Representative,2026-09-30T12:29:27.348810+00:00,False
2026-10-06 14:00:00,,,,,,,,,Karnataka,Bengaluru,12.9716,77.5946,State Representative,2026-09-30T12:29:27.348810+00:00,False
2026-10-06 15:00:00,,,,,,,,,Karnataka,Bengaluru,12.9716,77.5946,State Representative,2026-09-30T12:29:27.348810+00:00,False
2026-10-06 16:00:00,,,,,,,,,Karnataka,Bengaluru,12.9716,77.5946,State Representative,2026-09-30T12:29:27.348810+00:00,False
2026-10-06 17:00:00,,,,,,,,,Karnataka,Bengaluru,12.9716,77.5946,State Representative,2026-09-30T12:29:27.348810+00:00,False
2026-10-06 18:00:00,,,,,,,,,Karnataka,Bengaluru,12.9716,77.5946,State Representative,2026-09-30T12:29:27.348810+00:00,False
2026-10-06 19:00:00,,,,,,,,,Karnataka,Bengaluru,12.9716,77.5946,State Representative,2026-09-30T12:29:27.348810+00:00,False
2026-10-06 20:00:00,,,,,,,,,Karnataka,Bengaluru,12.9716,77.5946,State Representative,2026-09-30T12:29:27.348810+00:00,False
2026-10-06 21:00:00,,,,,,,,,Karnataka,Bengaluru,12.9716,77.5946,State Representative,2026-09-30T12:29:27.348810+00:00,False
2026-10-06 22:00:00,,,,,,,,,Karnataka,Bengaluru,12.9716,77.5946,State Representative,2026-09-30T12:29:27.348810+00:00,False
2026-10-06 23:00:00,,,,,,,,,Karnataka,Bengaluru,12.9716,77.5946,State Representative,2026-09-30T12:29:27.348810+00:00,False
2026-09-30 00:00:00,10.0,16.2,250.0,3.2,1.7,47.0,56.0,30.0,Kerala,Thiruvananthapuram,8.5241,76.9366,State Representative,2026-09-30T12:29:28.046504+00:00,True
2026-09-30 01:00:00,9.9,15.9,221.0,3.5,1.9,46.0,56.0,30.0,Kerala,Thiruvananthapuram,8.5241,76.9366,State Representative,2026-09-30T12:29:28.046504+00:00,True
2026-09-30 02:00:00,9.9,15.8,196.0,3.7,2.0,45.0,56.0,30.0,Kerala,Thiruvananthapuram,8.5241,76.9366,State Representative,2026-09-30T12:29:28.046504+00:00,True
2026-09-30 03:00:00,9.7,15.4,182.0,3.8,2.1,44.0,56.0,29.0,Kerala,Thiruvananthapuram,8.5241,76.9366,State Representative,2026-09-30T12:29:28.046504+00:00,True
2026-09-30 04:00:00,9.2,14.8,172.0,3.7,2.2,43.0,55.0,28.0,Kerala,Thiruvananthapuram,8.5241,76.9366,State Representative,2026-09-30T12:29:28.046504+00:00,True
2026-09-30 05:00:00,9.9,14.8,170.0,4.7,2.8,42.0,55.0,30.0,Kerala,Thiruvananthapuram,8.5241,76.9366,State Representative,2026-09-30T12:29:28.046504+00:00,True
2026-09-30 06:00:00,11.0,15.7,186.0,4.9,3.3,45.0,55.0,32.0,Kerala,Thiruvananthapuram,8.5241,76.9366,State Representative,2026-09-30T12:29:28.046504+00:00,True
2026-09-30 07:00:00,12.1,16.8,209.0,5.1,4.0,50.0,55.0,34.0,Kerala,Thiruvananthapuram,8.5241,76.9366,State Representative,2026-09-30T12:29:28.046504+00:00,True
2026-09-30 08:00:00,12.6,17.3,217.0,5.0,4.3,57.0,55.0,35.0,Kerala,Thiruvananthapuram,8.5241,76.9366,State Representative,2026-09-30T12:29:28.046504+00:00,True
2026-09-30 09:00:00,12.9,18.0,193.0,4.1,3.9,69.0,54.0,36.0,Kerala,Thiruvananthapuram,8.5241,76.9366,State Representative,2026-09-30T12:29:28.046504+00:00,True
2026-09-30 10:00:00,12.6,17.9,153.0,2.8,3.1,82.0,54.0,35.0,Kerala,Thiruvananthapuram,8.5241,76.9366,State Representative,2026-09-30T12:29:28.046504+00:00,True
2026-09-30 11:00:00,12.1,17.5,122.0,1.8,2.4,91.0,54.0,36.0,Kerala,Thiruvananthapuram,8.5241,76.9366,State Representative,2026-09-30T12:29:28.046504+00:00,True
2026-09-30 12:00:00,12.1,17.7,109.0,1.6,1.9,91.0,54.0,36.0,Kerala,Thiruvananthapuram,8.5241,76.9366,State Representative,2026-09-30T12:29:28.046504+00:00,True
2026-09-30 13:00:00,11.8,17.9,104.0,1.7,1.6,86.0,54.0,34.0,Kerala,Thiruvananthapuram,8.5241,76.9366,State Representative,2026-09-30T12:29:28.046504+00:00,True
2026-09-30 14:00:00,11.3,17.7,103.0,1.8,1.3,80.0,53.0,33.0,Kerala,Thiruvananthapuram,8.5241,76.9366,State Representative,2026-09-30T12:29:28.046504+00:00,True
2026-09-30 15:00:00,10.4,17.6,102.0,1.8,1.1,74.0,53.0,31.0,Kerala,Thiruvananthapuram,8.5241,76.9366,State Representative,2026-09-30T12:29:28.046504+00:00,True
2026-09-30 16:00:00,10.3,18.0,104.0,1.8,1.0,68.0,53.0,31.0,Kerala,Thiruvananthapuram,8.5241,76.9366,State Representative,2026-09-30T12:29:28.046504+00:00,True
2026-09-30 17:00:00,10.4,18.5,112.0,1.9,1.0,63.0,53.0,31.0,Kerala,Thiruvananthapuram,8.5241,76.9366,State Representative,2026-09-30T12:29:28.046504+00:00,True
2026-09-30 18:00:00,10.3,18.5,126.0,2.0,1.0,60.0,53.0,31.0,Kerala,Thiruvananthapuram,8.5241,76.9366,State Representative,2026-09-30T12:29:28.046504+00:00,True
2026-09-30 19:00:00,10.3,18.7,146.0,2.2,1.2,58.0,53.0,31.0,Kerala,Thiruvananthapuram,8.5241,76.9366,State Representative,2026-09-30T12:29:28.046504+00:00,True
2026-09-30 20:00:00,10.0,18.4,174.0,2.5,1.3,56.0,53.0,30.0,Kerala,Thiruvananthapuram,8.5241,76.9366,State Representative,2026-09-30T12:29:28.046504+00:00,True
2026-09-30 21:00:00,9.7,18.0,222.0,2.9,1.5,54.0,53.0,29.0,Kerala,Thiruvananthapuram,8.5241,76.9366,State Representative,2026-09-30T12:29:28.046504+00:00,True
2026-09-30 22:00:00,9.6,17.6,279.0,3.3,1.7,52.0,53.0,29.0,Kerala,Thiruvananthapuram,8.5241,76.9366,State Representative,2026-09-30T12:29:28.046504+00:00,True
2026-09-30 23:00:00,9.7,17.4,315.0,3.7,1.9,51.0,53.0,29.0,Kerala,Thiruvananthapuram,8.5241,76.9366,State Representative,2026-09-30T12:29:28.046504+00:00,True
2026-10-01 00:00:00,10.0,17.2,317.0,3.8,2.1,50.0,53.0,30.0,Kerala,Thiruvananthapuram,8.5241,76.9366,State Representative,2026-09-30T12:29:28.046504+00:00,True
2026-10-01 01:00:00,10.0,17.1,298.0,3.9,2.2,50.0,53.0,30.0,Kerala,Thiruvananthapuram,8.5241,76.9366,State Representative,2026-09-30T12:29:28.046504+00:00,True
2026-10-01 02:00:00,9.7,16.6,274.0,4.0,2.4,49.0,53.0,29.0,Kerala,Thiruvananthapuram,8.5241,76.9366,State Representative,2026-09-30T12:29:28.046504+00:00,True
2026-10-01 03:00:00,9.5,16.5,243.0,4.3,2.5,48.0,53.0,29.0,Kerala,Thiruvananthapuram,8.5241,76.9366,State Representative,2026-09-30T12:29:28.046504+00:00,True
2026-10-01 04:00:00,9.8,16.7,207.0,4.6,2.7,46.0,53.0,30.0,Kerala,Thiruvananthapuram,8.5241,76.9366,State Representative,2026-09-30T12:29:28.046504+00:00,True
2026-10-01 05:00:00,10.3,17.1,184.0,4.9,3.0,46.0,53.0,31.0,Kerala,Thiruvananthapuram,8.5241,76.9366,State Representative,2026-09-30T12:29:28.046504+00:00,True
2026-10-01 06:00:00,11.2,17.8,186.0,5.4,3.7,47.0,53.0,32.0,Kerala,Thiruvananthapuram,8.5241,76.9366,State Representative,2026-09-30T12:29:28.046504+00:00,True
2026-10-01 07:00:00,12.9,19.3,200.0,5.9,4.5,50.0,53.0,36.0,Kerala,Thiruvananthapuram,8.5241,76.9366,State Representative,2026-09-30T12:29:28.046504+00:00,True
2026-10-01 08:00:00,14.2,21.1,212.0,5.9,4.9,57.0,53.0,38.0,Kerala,Thiruvananthapuram,8.5241,76.9366,State Representative,2026-09-30T12:29:28.046504+00:00,True
2026-10-01 09:00:00,15.4,22.8,218.0,5.0,4.6,73.0,54.0,40.0,Kerala,Thiruvananthapuram,8.5241,76.9366,State Representative,2026-09-30T12:29:28.046504+00:00,True
2026-10-01 10:00:00,16.3,24.3,221.0,3.6,4.0,94.0,54.0,41.0,Kerala,Thiruvananthapuram,8.5241,76.9366,State Representative,2026-09-30T12:29:28.046504+00:00,True
2026-10-01 11:00:00,16.9,24.6,215.0,2.5,3.3,107.0,54.0,47.0,Kerala,Thiruvananthapuram,8.5241,76.9366,State Representative,2026-09-30T12:29:28.046504+00:00,True
2026-10-01 12:00:00,16.6,24.6,189.0,2.0,2.8,107.0,54.0,47.0,Kerala,Thiruvananthapuram,8.5241,76.9366,State Representative,2026-09-30T12:29:28.046504+00:00,True
2026-10-01 13:00:00,15.3,23.3,153.0,1.7,2.2,101.0,55.0,41.0,Kerala,Thiruvananthapuram,8.5241,76.9366,State Representative,2026-09-30T12:29:28.046504+00:00,True
2026-10-01 14:00:00,14.0,21.9,131.0,1.7,1.8,93.0,55.0,38.0,Kerala,Thiruvananthapuram,8.5241,76.9366,State Representative,2026-09-30T12:29:28.046504+00:00,True
2026-10-01 15:00:00,13.0,21.0,130.0,1.8,1.5,85.0,55.0,36.0,Kerala,Thiruvananthapuram,8.5241,76.9366,State Representative,2026-09-30T12:29:28.046504+00:00,True
2026-10-01 16:00:00,11.8,19.8,142.0,2.2,1.2,77.0,55.0,34.0,Kerala,Thiruvananthapuram,8.5241,76.9366,State Representative,2026-09-30T12:29:28.046504+00:00,True
2026-10-01 17:00:00,10.9,18.8,168.0,2.6,1.1,70.0,56.0,32.0,Kerala,Thiruvananthapuram,8.5241,76.9366,State Representative,2026-09-30T12:29:28.046504+00:00,True
2026-10-01 18:00:00,10.8,18.3,217.0,3.0,1.2,66.0,56.0,32.0,Kerala,Thiruvananthapuram,8.5241,76.9366,State Representative,2026-09-30T12:29:28.046504+00:00,True
2026-10-01 19:00:00,10.9,18.7,280.0,3.6,1.5,64.0,56.0,32.0,Kerala,Thiruvananthapuram,8.5241,76.9366,State Representative,2026-09-30T12:29:28.046504+00:00,True
2026-10-01 20:00:00,11.2,19.0,328.0,4.6,1.9,61.0,56.0,32.0,Kerala,Thiruvananthapuram,8.5241,76.9366,State Representative,2026-09-30T12:29:28.046504+00:00,True
2026-10-01 21:00:00,12.2,19.7,351.0,6.4,2.4,57.0,56.0,34.0,Kerala,Thiruvananthapuram,8.5241,76.9366,State Representative,2026-09-30T12:29:28.046504+00:00,True
2026-10-01 22:00:00,13.2,19.6,360.0,8.6,3.0,54.0,56.0,36.0,Kerala,Thiruvananthapuram,8.5241,76.9366,State Representative,2026-09-30T12:29:28.046504+00:00,True
2026-10-01 23:00:00,13.9,19.8,359.0,10.4,3.5,50.0,56.0,38.0,Kerala,Thiruvananthapuram,8.5241,76.9366,State Representative,2026-09-30T12:29:28.046504+00:00,True
2026-10-02 00:00:00,14.7,20.3,345.0,11.3,4.0,47.0,57.0,39.0,Kerala,Thiruvananthapuram,8.5241,76.9366,State Representative,2026-09-30T12:29:28.046504+00:00,True
2026-10-02 01:00:00,15.8,21.3,320.0,11.7,4.4,44.0,57.0,40.0,Kerala,Thiruvananthapuram,8.5241,76.9366,State Representative,2026-09-30T12:29:28.046504+00:00,True
2026-10-02 02:00:00,16.9,22.4,297.0,12.1,4.8,41.0,57.0,41.0,Kerala,Thiruvananthapuram,8.5241,76.9366,State Representative,2026-09-30T12:29:28.046504+00:00,True
2026-10-02 03:00:00,17.7,23.1,279.0,12.7,5.2,38.0,58.0,42.0,Kerala,Thiruvananthapuram,8.5241,76.9366,State Representative,2026-09-30T12:29:28.046504+00:00,True
2026-10-02 04:00:00,18.6,24.0,263.0,13.2,5.7,35.0,59.0,42.0,Kerala,Thiruvananthapuram,8.5241,76.9366,State Representative,2026-09-30T12:29:28.046504+00:00,True
2026-10-02 05:00:00,19.3,24.5,252.0,13.1,6.1,36.0,59.0,42.0,Kerala,Thiruvananthapuram,8.5241,76.9366,State Representative,2026-09-30T12:29:28.046504+00:00,True
2026-10-02 06:00:00,19.8,24.9,253.0,12.1,6.7,43.0,60.0,43.0,Kerala,Thiruvananthapuram,8.5241,76.9366,State Representative,2026-09-30T12:29:28.046504+00:00,True
2026-10-02 07:00:00,21.0,26.3,259.0,10.6,7.3,55.0,61.0,43.0,Kerala,Thiruvananthapuram,8.5241,76.9366,State Representative,2026-09-30T12:29:28.046504+00:00,True
2026-10-02 08:00:00,21.0,27.4,259.0,8.8,7.5,71.0,61.0,43.0,Kerala,Thiruvananthapuram,8.5241,76.9366,State Representative,2026-09-30T12:29:28.046504+00:00,True
2026-10-02 09:00:00,21.9,29.2,246.0,6.6,7.1,96.0,62.0,44.0,Kerala,Thiruvananthapuram,8.5241,76.9366,State Representative,2026-09-30T12:29:28.046504+00:00,True
2026-10-02 10:00:00,22.5,30.4,227.0,4.2,6.4,125.0,62.0,63.0,Kerala,Thiruvananthapuram,8.5241,76.9366,State Representative,2026-09-30T12:29:28.046504+00:00,True
2026-10-02 11:00:00,22.5,30.5,210.0,2.5,5.6,143.0,63.0,72.0,Kerala,Thiruvananthapuram,8.5241,76.9366,State Representative,2026-09-30T12:29:28.046504+00:00,True
2026-10-02 12:00:00,21.4,29.3,196.0,1.8,4.6,142.0,63.0,71.0,Kerala,Thiruvananthapuram,8.5241,76.9366,State Representative,2026-09-30T12:29:28.046504+00:00,True
2026-10-02 13:00:00,19.4,26.9,185.0,1.8,3.5,131.0,64.0,66.0,Kerala,Thiruvananthapuram,8.5241,76.9366,State Representative,2026-09-30T12:29:28.046504+00:00,True
2026-10-02 14:00:00,16.8,24.0,184.0,2.1,2.7,120.0,64.0,60.0,Kerala,Thiruvananthapuram,8.5241,76.9366,State Representative,2026-09-30T12:29:28.046504+00:00,True
2026-10-02 15:00:00,15.4,22.5,193.0,2.6,2.3,113.0,64.0,53.0,Kerala,Thiruvananthapuram,8.5241,76.9366,State Representative,2026-09-30T12:29:28.046504+00:00,True
2026-10-02 16:00:00,14.4,21.2,213.0,3.4,2.2,106.0,67.0,46.0,Kerala,Thiruvananthapuram,8.5241,76.9366,State Representative,2026-09-30T12:29:28.046504+00:00,True
2026-10-02 17:00:00,13.6,20.1,247.0,4.2,2.2,102.0,74.0,42.0,Kerala,Thiruvananthapuram,8.5241,76.9366,State Representative,2026-09-30T12:29:28.046504+00:00,True
2026-10-02 18:00:00,13.9,20.3,307.0,5.0,2.4,102.0,75.0,42.0,Kerala,Thiruvananthapuram,8.5241,76.9366,State Representative,2026-09-30T12:29:28.046504+00:00,True
2026-10-02 19:00:00,13.6,19.0,382.0,5.8,2.8,104.0,71.0,44.0,Kerala,Thiruvananthapuram,8.5241,76.9366,State Representative,2026-09-30T12:29:28.046504+00:00,True
2026-10-02 20:00:00,12.1,16.2,444.0,6.5,3.1,105.0,65.0,45.0,Kerala,Thiruvananthapuram,8.5241,76.9366,State Representative,2026-09-30T12:29:28.046504+00:00,True
2026-10-02 21:00:00,11.5,14.8,483.0,7.0,3.3,104.0,65.0,44.0,Kerala,Thiruvananthapuram,8.5241,76.9366,State Representative,2026-09-30T12:29:28.046504+00:00,True
2026-10-02 22:00:00,11.3,14.3,510.0,7.3,3.5,102.0,65.0,42.0,Kerala,Thiruvananthapuram,8.5241,76.9366,State Representative,2026-09-30T12:29:28.046504+00:00,True
2026-10-02 23:00:00,11.6,14.3,529.0,7.3,3.6,100.0,65.0,40.0,Kerala,Thiruvananthapuram,8.5241,76.9366,State Representative,2026-09-30T12:29:28.046504+00:00,True
2026-10-03 00:00:00,11.2,13.8,541.0,6.8,3.6,99.0,65.0,40.0,Kerala,Thiruvananthapuram,8.5241,76.9366,State Representative,2026-09-30T12:29:28.046504+00:00,True
2026-10-03 01:00:00,10.6,13.2,546.0,5.9,3.7,99.0,65.0,40.0,Kerala,Thiruvananthapuram,8.5241,76.9366,State Representative,2026-09-30T12:29:28.046504+00:00,True
2026-10-03 02:00:00,10.3,13.0,543.0,5.2,3.7,98.0,64.0,39.0,Kerala,Thiruvananthapuram,8.5241,76.9366,State Representative,2026-09-30T12:29:28.046504+00:00,True
2026-10-03 03:00:00,10.5,13.5,538.0,4.9,3.9,96.0,64.0,38.0,Kerala,Thiruvananthapuram,8.5241,76.9366,State Representative,2026-09-30T12:29:28.046504+00:00,True
2026-10-03 04:00:00,10.7,13.8,526.0,4.9,4.1,94.0,63.0,37.0,Kerala,Thiruvananthapuram,8.5241,76.9366,State Representative,2026-09-30T12:29:28.046504+00:00,True
2026-10-03 05:00:00,10.9,14.0,495.0,4.8,4.2,94.0,63.0,37.0,Kerala,Thiruvananthapuram,8.5241,76.9366,State Representative,2026-09-30T12:29:28.046504+00:00,True
2026-10-03 06:00:00,11.1,14.4,432.0,4.7,4.1,96.0,62.0,38.0,Kerala,Thiruvananthapuram,8.5241,76.9366,State Representative,2026-09-30T12:29:28.046504+00:00,True
2026-10-03 07:00:00,10.9,14.0,350.0,4.7,3.8,99.0,61.0,40.0,Kerala,Thiruvananthapuram,8.5241,76.9366,State Representative,2026-09-30T12:29:28.046504+00:00,True
2026-10-03 08:00:00,10.9,14.3,279.0,4.4,3.6,105.0,60.0,45.0,Kerala,Thiruvananthapuram,8.5241,76.9366,State Representative,2026-09-30T12:29:28.046504+00:00,True
2026-10-03 09:00:00,11.4,15.1,231.0,3.6,3.5,117.0,60.0,57.0,Kerala,Thiruvananthapuram,8.5241,76.9366,State Representative,2026-09-30T12:29:28.046504+00:00,True
2026-10-03 10:00:00,11.6,15.1,194.0,2.6,3.3,131.0,59.0,66.0,Kerala,Thiruvananthapuram,8.5241,76.9366,State Representative,2026-09-30T12:29:28.046504+00:00,True
2026-10-03 11:00:00,11.7,15.4,165.0,1.8,3.1,140.0,58.0,70.0,Kerala,Thiruvananthapuram,8.5241,76.9366,State Representative,2026-09-30T12:29:28.046504+00:00,True
2026-10-03 12:00:00,11.8,16.2,142.0,1.5,2.6,138.0,57.0,69.0,Kerala,Thiruvananthapuram,8.5241,76.9366,State Representative,2026-09-30T12:29:28.046504+00:00,True
2026-10-03 13:00:00,11.6,16.5,127.0,1.3,2.0,130.0,62.0,65.0,Kerala,Thiruvananthapuram,8.5241,76.9366,State Representative,2026-09-30T12:29:28.046504+00:00,True
2026-10-03 14:00:00,10.8,15.7,125.0,1.4,1.5,121.0,70.0,61.0,Kerala,Thiruvananthapuram,8.5241,76.9366,State Representative,2026-09-30T12:29:28.046504+00:00,True
2026-10-03 15:00:00,10.1,15.0,134.0,1.6,1.3,113.0,75.0,53.0,Kerala,Thiruvananthapuram,8.5241,76.9366,State Representative,2026-09-30T12:29:28.046504+00:00,True
2026-10-03 16:00:00,9.3,14.1,156.0,1.9,1.2,104.0,78.0,44.0,Kerala,Thiruvananthapuram,8.5241,76.9366,State Representative,2026-09-30T12:29:28.046504+00:00,True
2026-10-03 17:00:00,9.3,14.2,200.0,2.4,1.2,97.0,78.0,39.0,Kerala,Thiruvananthapuram,8.5241,76.9366,State Representative,2026-09-30T12:29:28.046504+00:00,True
2026-10-03 18:00:00,9.0,13.6,287.0,3.0,1.4,93.0,74.0,37.0,Kerala,Thiruvananthapuram,8.5241,76.9366,State Representative,2026-09-30T12:29:28.046504+00:00,True
2026-10-03 19:00:00,8.9,13.3,395.0,3.8,1.7,90.0,66.0,35.0,Kerala,Thiruvananthapuram,8.5241,76.9366,State Representative,2026-09-30T12:29:28.046504+00:00,True
2026-10-03 20:00:00,9.0,13.2,472.0,4.4,2.1,88.0,55.0,34.0,Kerala,Thiruvananthapuram,8.5241,76.9366,State Representative,2026-09-30T12:29:28.046504+00:00,True
2026-10-03 21:00:00,9.3,13.3,490.0,4.9,2.5,87.0,53.0,34.0,Kerala,Thiruvananthapuram,8.5241,76.9366,State Representative,2026-09-30T12:29:28.046504+00:00,True
2026-10-03 22:00:00,9.5,13.2,477.0,5.2,2.8,87.0,53.0,34.0,Kerala,Thiruvananthapuram,8.5241,76.9366,State Representative,2026-09-30T12:29:28.046504+00:00,True
2026-10-03 23:00:00,9.3,13.0,457.0,5.3,3.1,86.0,53.0,33.0,Kerala,Thiruvananthapuram,8.5241,76.9366,State Representative,2026-09-30T12:29:28.046504+00:00,True
2026-10-04 00:00:00,8.8,12.4,440.0,5.1,3.2,85.0,53.0,33.0,Kerala,Thiruvananthapuram,8.5241,76.9366,State Representative,2026-09-30T12:29:28.046504+00:00,True
2026-10-04 01:00:00,8.5,11.9,416.0,4.6,3.1,83.0,52.0,32.0,Kerala,Thiruvananthapuram,8.5241,76.9366,State Representative,2026-09-30T12:29:28.046504+00:00,True
2026-10-04 02:00:00,8.2,11.4,385.0,4.2,3.0,82.0,52.0,31.0,Kerala,Thiruvananthapuram,8.5241,76.9366,State Representative,2026-09-30T12:29:28.046504+00:00,True
2026-10-04 03:00:00,8.0,11.1,332.0,3.8,2.9,81.0,52.0,31.0,Kerala,Thiruvananthapuram,8.5241,76.9366,State Representative,2026-09-30T12:29:28.046504+00:00,True
2026-10-04 04:00:00,7.3,10.2,272.0,3.5,2.7,80.0,52.0,30.0,Kerala,Thiruvananthapuram,8.5241,76.9366,State Representative,2026-09-30T12:29:28.046504+00:00,True
2026-10-04 05:00:00,6.9,9.6,222.3,3.2,2.6,80.0,52.0,30.0,Kerala,Thiruvananthapuram,8.5241,76.9366,State Representative,2026-09-30T12:29:28.046504+00:00,True
2026-10-04 06:00:00,7.1,9.7,198.0,3.2,2.6,81.0,51.0,31.0,Kerala,Thiruvananthapuram,8.5241,76.9366,State Representative,2026-09-30T12:29:28.046504+00:00,True
2026-10-04 07:00:00,7.5,10.0,187.8,3.2,2.7,84.0,51.0,32.0,Kerala,Thiruvananthapuram,8.5241,76.9366,State Representative,2026-09-30T12:29:28.046504+00:00,True
2026-10-04 08:00:00,7.5,10.2,173.0,3.1,2.7,87.0,51.0,34.0,Kerala,Thiruvananthapuram,8.5241,76.9366,State Representative,2026-09-30T12:29:28.046504+00:00,True
2026-10-04 09:00:00,6.7,9.5,167.0,2.6,2.4,92.0,51.0,36.0,Kerala,Thiruvananthapuram,8.5241,76.9366,State Representative,2026-09-30T12:29:28.046504+00:00,True
2026-10-04 10:00:00,6.5,9.4,156.0,1.9,2.0,97.0,50.0,39.0,Kerala,Thiruvananthapuram,8.5241,76.9366,State Representative,2026-09-30T12:29:28.046504+00:00,True
2026-10-04 11:00:00,6.9,9.8,146.0,1.3,1.7,101.0,49.0,41.0,Kerala,Thiruvananthapuram,8.5241,76.9366,State Representative,2026-09-30T12:29:28.046504+00:00,True
2026-10-04 12:00:00,6.9,10.1,136.0,1.0,1.5,102.0,48.0,42.0,Kerala,Thiruvananthapuram,8.5241,76.9366,State Representative,2026-09-30T12:29:28.046504+00:00,True
2026-10-04 13:00:00,6.9,10.2,126.0,1.0,1.3,101.0,47.0,41.0,Kerala,Thiruvananthapuram,8.5241,76.9366,State Representative,2026-09-30T12:29:28.046504+00:00,True
2026-10-04 14:00:00,6.5,9.7,119.0,1.0,1.2,99.0,46.0,40.0,Kerala,Thiruvananthapuram,8.5241,76.9366,State Representative,2026-09-30T12:29:28.046504+00:00,True
2026-10-04 15:00:00,6.1,9.0,117.0,1.2,1.1,96.0,45.0,38.0,Kerala,Thiruvananthapuram,8.5241,76.9366,State Representative,2026-09-30T12:29:28.046504+00:00,True
2026-10-04 16:00:00,5.7,8.4,117.0,1.6,1.0,91.0,45.0,36.0,Kerala,Thiruvananthapuram,8.5241,76.9366,State Representative,2026-09-30T12:29:28.046504+00:00,True
2026-10-04 17:00:00,5.6,8.3,118.0,1.9,1.0,87.0,45.0,34.0,Kerala,Thiruvananthapuram,8.5241,76.9366,State Representative,2026-09-30T12:29:28.046504+00:00,True
2026-10-04 18:00:00,5.5,8.1,117.0,1.9,1.0,85.0,45.0,33.0,Kerala,Thiruvananthapuram,8.5241,76.9366,State Representative,2026-09-30T12:29:28.046504+00:00,True
2026-10-04 19:00:00,5.4,7.9,117.0,1.9,1.1,83.0,44.0,32.0,Kerala,Thiruvananthapuram,8.5241,76.9366,State Representative,2026-09-30T12:29:28.046504+00:00,True
2026-10-04 20:00:00,5.5,8.0,120.0,2.0,1.2,81.0,43.0,31.0,Kerala,Thiruvananthapuram,8.5241,76.9366,State Representative,2026-09-30T12:29:28.046504+00:00,True
2026-10-04 21:00:00,5.8,8.3,128.0,2.4,1.5,79.0,42.0,30.0,Kerala,Thiruvananthapuram,8.5241,76.9366,State Representative,2026-09-30T12:29:28.046504+00:00,True
2026-10-04 22:00:00,6.2,8.6,139.0,3.1,1.8,76.0,41.0,28.0,Kerala,Thiruvananthapuram,8.5241,76.9366,State Representative,2026-09-30T12:29:28.046504+00:00,True
2026-10-04 23:00:00,6.8,9.1,151.0,3.6,2.2,74.0,39.0,27.0,Kerala,Thiruvananthapuram,8.5241,76.9366,State Representative,2026-09-30T12:29:28.046504+00:00,True
2026-10-05 00:00:00,7.4,9.5,163.0,4.0,2.6,72.0,38.0,26.0,Kerala,Thiruvananthapuram,8.5241,76.9366,State Representative,2026-09-30T12:29:28.046504+00:00,True
2026-10-05 01:00:00,7.7,9.7,176.0,4.3,3.0,70.0,37.0,25.0,Kerala,Thiruvananthapuram,8.5241,76.9366,State Representative,2026-09-30T12:29:28.046504+00:00,True
2026-10-05 02:00:00,7.8,9.7,186.0,4.5,3.3,68.0,37.0,26.0,Kerala,Thiruvananthapuram,8.5241,76.9366,State Representative,2026-09-30T12:29:28.046504+00:00,True
2026-10-05 03:00:00,7.9,9.8,192.0,4.6,3.5,67.0,37.0,26.0,Kerala,Thiruvananthapuram,8.5241,76.9366,State Representative,2026-09-30T12:29:28.046504+00:00,True
2026-10-05 04:00:00,8.0,9.8,196.0,4.6,3.6,66.0,37.0,26.0,Kerala,Thiruvananthapuram,8.5241,76.9366,State Representative,2026-09-30T12:29:28.046504+00:00,True
2026-10-05 05:00:00,8.0,9.7,198.0,4.6,3.7,65.0,37.0,26.0,Kerala,Thiruvananthapuram,8.5241,76.9366,State Representative,2026-09-30T12:29:28.046504+00:00,True
2026-10-05 06:00:00,,,,,,,37.0,,Kerala,Thiruvananthapuram,8.5241,76.9366,State Representative,2026-09-30T12:29:28.046504+00:00,False
2026-10-05 07:00:00,,,,,,,,,Kerala,Thiruvananthapuram,8.5241,76.9366,State Representative,2026-09-30T12:29:28.046504+00:00,False
2026-10-05 08:00:00,,,,,,,,,Kerala,Thiruvananthapuram,8.5241,76.9366,State Representative,2026-09-30T12:29:28.046504+00:00,False
2026-10-05 09:00:00,,,,,,,,,Kerala,Thiruvananthapuram,8.5241,76.9366,State Representative,2026-09-30T12:29:28.046504+00:00,False
2026-10-05 10:00:00,,,,,,,,,Kerala,Thiruvananthapuram,8.5241,76.9366,State Representative,2026-09-30T12:29:28.046504+00:00,False
2026-10-05 11:00:00,,,,,,,,,Kerala,Thiruvananthapuram,8.5241,76.9366,State Representative,2026-09-30T12:29:28.046504+00:00,False
2026-10-05 12:00:00,,,,,,,,,Kerala,Thiruvananthapuram,8.5241,76.9366,State Representative,2026-09-30T12:29:28.046504+00:00,False
2026-10-05 13:00:00,,,,,,,,,Kerala,Thiruvananthapuram,8.5241,76.9366,State Representative,2026-09-30T12:29:28.046504+00:00,False
2026-10-05 14:00:00,,,,,,,,,Kerala,Thiruvananthapuram,8.5241,76.9366,State Representative,2026-09-30T12:29:28.046504+00:00,False
2026-10-05 15:00:00,,,,,,,,,Kerala,Thiruvananthapuram,8.5241,76.9366,State Representative,2026-09-30T12:29:28.046504+00:00,False
2026-10-05 16:00:00,,,,,,,,,Kerala,Thiruvananthapuram,8.5241,76.9366,State Representative,2026-09-30T12:29:28.046504+00:00,False
2026-10-05 17:00:00,,,,,,,,,Kerala,Thiruvananthapuram,8.5241,76.9366,State Representative,2026-09-30T12:29:28.046504+00:00,False
2026-10-05 18:00:00,,,,,,,,,Kerala,Thiruvananthapuram,8.5241,76.9366,State Representative,2026-09-30T12:29:28.046504+00:00,False
2026-10-05 19:00:00,,,,,,,,,Kerala,Thiruvananthapuram,8.5241,76.9366,State Representative,2026-09-30T12:29:28.046504+00:00,False
2026-10-05 20:00:00,,,,,,,,,Kerala,Thiruvananthapuram,8.5241,76.9366,State Representative,2026-09-30T12:29:28.046504+00:00,False
2026-10-05 21:00:00,,,,,,,,,Kerala,Thiruvananthapuram,8.5241,76.9366,State Representative,2026-09-30T12:29:28.046504+00:00,False
2026-10-05 22:00:00,,,,,,,,,Kerala,Thiruvananthapuram,8.5241,76.9366,State Representative,2026-09-30T12:29:28.046504+00:00,False
2026-10-05 23:00:00,,,,,,,,,Kerala,Thiruvananthapuram,8.5241,76.9366,State Representative,2026-09-30T12:29:28.046504+00:00,False
2026-10-06 00:00:00,,,,,,,,,Kerala,Thiruvananthapuram,8.5241,76.9366,State Representative,2026-09-30T12:29:28.046504+00:00,False
2026-10-06 01:00:00,,,,,,,,,Kerala,Thiruvananthapuram,8.5241,76.9366,State Representative,2026-09-30T12:29:28.046504+00:00,False
2026-10-06 02:00:00,,,,,,,,,Kerala,Thiruvananthapuram,8.5241,76.9366,State Representative,2026-09-30T12:29:28.046504+00:00,False
2026-10-06 03:00:00,,,,,,,,,Kerala,Thiruvananthapuram,8.5241,76.9366,State Representative,2026-09-30T12:29:28.046504+00:00,False
2026-10-06 04:00:00,,,,,,,,,Kerala,Thiruvananthapuram,8.5241,76.9366,State Representative,2026-09-30T12:29:28.046504+00:00,False
2026-10-06 05:00:00,,,,,,,,,Kerala,Thiruvananthapuram,8.5241,76.9366,State Representative,2026-09-30T12:29:28.046504+00:00,False
2026-10-06 06:00:00,,,,,,,,,Kerala,Thiruvananthapuram,8.5241,76.9366,State Representative,2026-09-30T12:29:28.046504+00:00,False
2026-10-06 07:00:00,,,,,,,,,Kerala,Thiruvananthapuram,8.5241,76.9366,State Representative,2026-09-30T12:29:28.046504+00:00,False
2026-10-06 08:00:00,,,,,,,,,Kerala,Thiruvananthapuram,8.5241,76.9366,State Representative,2026-09-30T12:29:28.046504+00:00,False
2026-10-06 09:00:00,,,,,,,,,Kerala,Thiruvananthapuram,8.5241,76.9366,State Representative,2026-09-30T12:29:28.046504+00:00,False
2026-10-06 10:00:00,,,,,,,,,Kerala,Thiruvananthapuram,8.5241,76.9366,State Representative,2026-09-30T12:29:28.046504+00:00,False
2026-10-06 11:00:00,,,,,,,,,Kerala,Thiruvananthapuram,8.5241,76.9366,State Representative,2026-09-30T12:29:28.046504+00:00,False
2026-10-06 12:00:00,,,,,,,,,Kerala,Thiruvananthapuram,8.5241,76.9366,State Representative,2026-09-30T12:29:28.046504+00:00,False
2026-10-06 13:00:00,,,,,,,,,Kerala,Thiruvananthapuram,8.5241,76.9366,State Representative,2026-09-30T12:29:28.046504+00:00,False
2026-10-06 14:00:00,,,,,,,,,Kerala,Thiruvananthapuram,8.5241,76.9366,State Representative,2026-09-30T12:29:28.046504+00:00,False
2026-10-06 15:00:00,,,,,,,,,Kerala,Thiruvananthapuram,8.5241,76.9366,State Representative,2026-09-30T12:29:28.046504+00:00,False
2026-10-06 16:00:00,,,,,,,,,Kerala,Thiruvananthapuram,8.5241,76.9366,State Representative,2026-09-30T12:29:28.046504+00:00,False
2026-10-06 17:00:00,,,,,,,,,Kerala,Thiruvananthapuram,8.5241,76.9366,State Representative,2026-09-30T12:29:28.046504+00:00,False
2026-10-06 18:00:00,,,,,,,,,Kerala,Thiruvananthapuram,8.5241,76.9366,State Representative,2026-09-30T12:29:28.046504+00:00,False
2026-10-06 19:00:00,,,,,,,,,Kerala,Thiruvananthapuram,8.5241,76.9366,State Representative,2026-09-30T12:29:28.046504+00:00,False
2026-10-06 20:00:00,,,,,,,,,Kerala,Thiruvananthapuram,8.5241,76.9366,State Representative,2026-09-30T12:29:28.046504+00:00,False
2026-10-06 21:00:00,,,,,,,,,Kerala,Thiruvananthapuram,8.5241,76.9366,State Representative,2026-09-30T12:29:28.046504+00:00,False
2026-10-06 22:00:00,,,,,,,,,Kerala,Thiruvananthapuram,8.5241,76.9366,State Representative,2026-09-30T12:29:28.046504+00:00,False
2026-10-06 23:00:00,,,,,,,,,Kerala,Thiruvananthapuram,8.5241,76.9366,State Representative,2026-09-30T12:29:28.046504+00:00,False
2026-09-30 00:00:00,39.9,76.1,509.0,24.4,9.6,47.0,93.0,54.0,Madhya Pradesh,Bhopal,23.2599,77.4126,State Representative,2026-09-30T12:29:28.725988+00:00,True
2026-09-30 01:00:00,39.7,74.5,438.0,25.4,9.1,41.0,93.0,54.0,Madhya Pradesh,Bhopal,23.2599,77.4126,State Representative,2026-09-30T12:29:28.725988+00:00,True
2026-09-30 02:00:00,39.1,73.6,383.0,26.2,8.8,37.0,93.0,54.0,Madhya Pradesh,Bhopal,23.2599,77.4126,State Representative,2026-09-30T12:29:28.725988+00:00,True
2026-09-30 03:00:00,39.3,75.4,357.0,27.4,8.9,33.0,92.0,54.0,Madhya Pradesh,Bhopal,23.2599,77.4126,State Representative,2026-09-30T12:29:28.725988+00:00,True
2026-09-30 04:00:00,40.0,77.8,347.0,28.3,9.3,30.0,93.0,54.0,Madhya Pradesh,Bhopal,23.2599,77.4126,State Representative,2026-09-30T12:29:28.725988+00:00,True
2026-09-30 05:00:00,37.8,77.1,349.0,23.1,9.1,42.0,93.0,53.0,Madhya Pradesh,Bhopal,23.2599,77.4126,State Representative,2026-09-30T12:29:28.725988+00:00,True
2026-09-30 06:00:00,38.4,76.4,375.0,18.7,9.7,57.0,94.0,53.0,Madhya Pradesh,Bhopal,23.2599,77.4126,State Representative,2026-09-30T12:29:28.725988+00:00,True
2026-09-30 07:00:00,35.6,66.1,412.0,12.5,10.5,78.0,95.0,52.0,Madhya Pradesh,Bhopal,23.2599,77.4126,State Representative,2026-09-30T12:29:28.725988+00:00,True
2026-09-30 08:00:00,36.9,75.4,416.0,7.4,10.7,97.0,96.0,53.0,Madhya Pradesh,Bhopal,23.2599,77.4126,State Representative,2026-09-30T12:29:28.725988+00:00,True
2026-09-30 09:00:00,37.6,85.9,353.0,4.4,9.8,110.0,97.0,53.0,Madhya Pradesh,Bhopal,23.2599,77.4126,State Representative,2026-09-30T12:29:28.725988+00:00,True
2026-09-30 10:00:00,35.0,86.6,258.0,2.5,8.3,121.0,98.0,61.0,Madhya Pradesh,Bhopal,23.2599,77.4126,State Representative,2026-09-30T12:29:28.725988+00:00,True
2026-09-30 11:00:00,32.1,85.7,186.0,1.2,6.9,128.0,99.0,64.0,Madhya Pradesh,Bhopal,23.2599,77.4126,State Representative,2026-09-30T12:29:28.725988+00:00,True
2026-09-30 12:00:00,29.5,81.7,156.0,0.5,5.8,130.0,100.0,65.0,Madhya Pradesh,Bhopal,23.2599,77.4126,State Representative,2026-09-30T12:29:28.725988+00:00,True
2026-09-30 13:00:00,27.2,76.1,150.0,0.4,4.7,127.0,100.0,64.0,Madhya Pradesh,Bhopal,23.2599,77.4126,State Representative,2026-09-30T12:29:28.725988+00:00,True
2026-09-30 14:00:00,25.3,70.5,168.0,1.1,4.0,122.0,99.0,61.0,Madhya Pradesh,Bhopal,23.2599,77.4126,State Representative,2026-09-30T12:29:28.725988+00:00,True
2026-09-30 15:00:00,23.7,65.4,224.0,2.4,3.6,113.0,99.0,53.0,Madhya Pradesh,Bhopal,23.2599,77.4126,State Representative,2026-09-30T12:29:28.725988+00:00,True
2026-09-30 16:00:00,22.5,55.4,304.0,4.4,3.5,101.0,98.0,44.0,Madhya Pradesh,Bhopal,23.2599,77.4126,State Representative,2026-09-30T12:29:28.725988+00:00,True
2026-09-30 17:00:00,22.9,49.6,368.0,7.2,3.7,89.0,98.0,45.0,Madhya Pradesh,Bhopal,23.2599,77.4126,State Representative,2026-09-30T12:29:28.725988+00:00,True
2026-09-30 18:00:00,25.0,50.6,399.0,11.3,4.4,76.0,97.0,46.0,Madhya Pradesh,Bhopal,23.2599,77.4126,State Representative,2026-09-30T12:29:28.725988+00:00,True
2026-09-30 19:00:00,26.9,51.1,415.0,16.2,5.4,63.0,97.0,47.0,Madhya Pradesh,Bhopal,23.2599,77.4126,State Representative,2026-09-30T12:29:28.725988+00:00,True
2026-09-30 20:00:00,28.8,52.3,425.0,20.6,6.4,52.0,96.0,48.0,Madhya Pradesh,Bhopal,23.2599,77.4126,State Representative,2026-09-30T12:29:28.725988+00:00,True
2026-09-30 21:00:00,30.9,54.4,438.0,24.2,7.3,44.0,96.0,49.0,Madhya Pradesh,Bhopal,23.2599,77.4126,State Representative,2026-09-30T12:29:28.725988+00:00,True
2026-09-30 22:00:00,33.2,57.4,445.0,27.3,8.2,39.0,95.0,50.0,Madhya Pradesh,Bhopal,23.2599,77.4126,State Representative,2026-09-30T12:29:28.725988+00:00,True
2026-09-30 23:00:00,35.2,60.3,434.0,29.7,8.8,34.0,95.0,52.0,Madhya Pradesh,Bhopal,23.2599,77.4126,State Representative,2026-09-30T12:29:28.725988+00:00,True
2026-10-01 00:00:00,36.2,62.4,388.0,31.7,8.9,30.0,95.0,52.0,Madhya Pradesh,Bhopal,23.2599,77.4126,State Representative,2026-09-30T12:29:28.725988+00:00,True
2026-10-01 01:00:00,36.8,64.0,323.0,33.0,8.8,27.0,94.0,52.0,Madhya Pradesh,Bhopal,23.2599,77.4126,State Representative,2026-09-30T12:29:28.725988+00:00,True
2026-10-01 02:00:00,36.8,64.5,281.0,33.0,8.5,25.0,94.0,52.0,Madhya Pradesh,Bhopal,23.2599,77.4126,State Representative,2026-09-30T12:29:28.725988+00:00,True
2026-10-01 03:00:00,36.2,63.8,277.0,31.4,8.0,24.0,94.0,52.0,Madhya Pradesh,Bhopal,23.2599,77.4126,State Representative,2026-09-30T12:29:28.725988+00:00,True
2026-10-01 04:00:00,34.1,59.8,296.0,28.5,7.4,25.0,94.0,51.0,Madhya Pradesh,Bhopal,23.2599,77.4126,State Representative,2026-09-30T12:29:28.725988+00:00,True
2026-10-01 05:00:00,31.9,55.6,326.0,24.7,6.9,31.0,93.0,50.0,Madhya Pradesh,Bhopal,23.2599,77.4126,State Representative,2026-09-30T12:29:28.725988+00:00,True
2026-10-01 06:00:00,31.0,53.4,385.0,19.7,6.8,43.0,93.0,49.0,Madhya Pradesh,Bhopal,23.2599,77.4126,State Representative,2026-09-30T12:29:28.725988+00:00,True
2026-10-01 07:00:00,29.7,49.0,456.0,13.8,6.8,61.0,92.0,48.0,Madhya Pradesh,Bhopal,23.2599,77.4126,State Representative,2026-09-30T12:29:28.725988+00:00,True
2026-10-01 08:00:00,29.5,52.2,477.0,8.8,6.7,78.0,92.0,48.0,Madhya Pradesh,Bhopal,23.2599,77.4126,State Representative,2026-09-30T12:29:28.725988+00:00,True
2026-10-01 09:00:00,29.3,58.8,400.0,5.4,6.1,97.0,91.0,48.0,Madhya Pradesh,Bhopal,23.2599,77.4126,State Representative,2026-09-30T12:29:28.725988+00:00,True
2026-10-01 10:00:00,27.5,60.5,272.0,3.0,5.4,116.0,90.0,56.0,Madhya Pradesh,Bhopal,23.2599,77.4126,State Representative,2026-09-30T12:29:28.725988+00:00,True
2026-10-01 11:00:00,25.4,61.2,176.0,1.3,4.7,129.0,90.0,65.0,Madhya Pradesh,Bhopal,23.2599,77.4126,State Representative,2026-09-30T12:29:28.725988+00:00,True
2026-10-01 12:00:00,23.6,57.6,141.0,0.4,4.2,132.0,89.0,66.0,Madhya Pradesh,Bhopal,23.2599,77.4126,State Representative,2026-09-30T12:29:28.725988+00:00,True
2026-10-01 13:00:00,21.5,51.9,137.0,0.3,3.7,128.0,89.0,64.0,Madhya Pradesh,Bhopal,23.2599,77.4126,State Representative,2026-09-30T12:29:28.725988+00:00,True
2026-10-01 14:00:00,19.9,46.9,160.0,1.0,3.4,122.0,88.0,61.0,Madhya Pradesh,Bhopal,23.2599,77.4126,State Representative,2026-09-30T12:29:28.725988+00:00,True
2026-10-01 15:00:00,18.8,43.2,214.0,2.4,3.2,113.0,88.0,53.0,Madhya Pradesh,Bhopal,23.2599,77.4126,State Representative,2026-09-30T12:29:28.725988+00:00,True
2026-10-01 16:00:00,18.0,36.7,295.0,4.6,3.1,100.0,88.0,42.0,Madhya Pradesh,Bhopal,23.2599,77.4126,State Representative,2026-09-30T12:29:28.725988+00:00,True
2026-10-01 17:00:00,19.2,35.3,382.0,7.4,3.3,88.0,87.0,42.0,Madhya Pradesh,Bhopal,23.2599,77.4126,State Representative,2026-09-30T12:29:28.725988+00:00,True
2026-10-01 18:00:00,22.2,38.5,486.0,11.5,4.1,76.0,87.0,44.0,Madhya Pradesh,Bhopal,23.2599,77.4126,State Representative,2026-09-30T12:29:28.725988+00:00,True
2026-10-01 19:00:00,24.4,40.0,596.0,16.2,5.2,64.0,87.0,45.0,Madhya Pradesh,Bhopal,23.2599,77.4126,State Representative,2026-09-30T12:29:28.725988+00:00,True
2026-10-01 20:00:00,25.7,41.1,660.0,19.7,6.1,55.0,86.0,46.0,Madhya Pradesh,Bhopal,23.2599,77.4126,State Representative,2026-09-30T12:29:28.725988+00:00,True
2026-10-01 21:00:00,26.7,42.6,644.0,21.1,6.6,50.0,86.0,47.0,Madhya Pradesh,Bhopal,23.2599,77.4126,State Representative,2026-09-30T12:29:28.725988+00:00,True
2026-10-01 22:00:00,27.8,44.4,582.0,21.4,6.8,49.0,86.0,47.0,Madhya Pradesh,Bhopal,23.2599,77.4126,State Representative,2026-09-30T12:29:28.725988+00:00,True
2026-10-01 23:00:00,28.2,45.9,519.0,21.3,6.9,48.0,85.0,48.0,Madhya Pradesh,Bhopal,23.2599,77.4126,State Representative,2026-09-30T12:29:28.725988+00:00,True
2026-10-02 00:00:00,28.1,46.8,465.0,20.9,6.7,48.0,85.0,47.0,Madhya Pradesh,Bhopal,23.2599,77.4126,State Representative,2026-09-30T12:29:28.725988+00:00,True
2026-10-02 01:00:00,27.9,47.5,411.0,20.2,6.4,49.0,84.0,47.0,Madhya Pradesh,Bhopal,23.2599,77.4126,State Representative,2026-09-30T12:29:28.725988+00:00,True
2026-10-02 02:00:00,27.7,48.2,368.0,19.9,6.2,49.0,84.0,47.0,Madhya Pradesh,Bhopal,23.2599,77.4126,State Representative,2026-09-30T12:29:28.725988+00:00,True
2026-10-02 03:00:00,27.7,49.4,336.0,21.0,6.3,46.0,83.0,47.0,Madhya Pradesh,Bhopal,23.2599,77.4126,State Representative,2026-09-30T12:29:28.725988+00:00,True
2026-10-02 04:00:00,28.1,50.9,316.0,22.6,6.5,43.0,82.0,47.0,Madhya Pradesh,Bhopal,23.2599,77.4126,State Representative,2026-09-30T12:29:28.725988+00:00,True
2026-10-02 05:00:00,29.2,53.3,323.0,22.5,6.7,46.0,82.0,48.0,Madhya Pradesh,Bhopal,23.2599,77.4126,State Representative,2026-09-30T12:29:28.725988+00:00,True
2026-10-02 06:00:00,31.5,56.8,390.0,19.2,6.8,61.0,82.0,49.0,Madhya Pradesh,Bhopal,23.2599,77.4126,State Representative,2026-09-30T12:29:28.725988+00:00,True
2026-10-02 07:00:00,33.4,53.8,483.0,14.1,6.9,82.0,82.0,51.0,Madhya Pradesh,Bhopal,23.2599,77.4126,State Representative,2026-09-30T12:29:28.725988+00:00,True
2026-10-02 08:00:00,29.2,50.6,517.0,9.5,6.8,101.0,82.0,48.0,Madhya Pradesh,Bhopal,23.2599,77.4126,State Representative,2026-09-30T12:29:28.725988+00:00,True
2026-10-02 09:00:00,27.2,54.4,429.0,6.1,6.3,115.0,82.0,55.0,Madhya Pradesh,Bhopal,23.2599,77.4126,State Representative,2026-09-30T12:29:28.725988+00:00,True
2026-10-02 10:00:00,24.6,55.2,282.0,3.1,5.6,127.0,82.0,64.0,Madhya Pradesh,Bhopal,23.2599,77.4126,State Representative,2026-09-30T12:29:28.725988+00:00,True
2026-10-02 11:00:00,22.8,52.6,172.0,1.1,5.0,135.0,81.0,68.0,Madhya Pradesh,Bhopal,23.2599,77.4126,State Representative,2026-09-30T12:29:28.725988+00:00,True
2026-10-02 12:00:00,22.1,50.4,136.0,0.1,4.6,138.0,81.0,69.0,Madhya Pradesh,Bhopal,23.2599,77.4126,State Representative,2026-09-30T12:29:28.725988+00:00,True
2026-10-02 13:00:00,21.7,48.9,138.0,0.1,4.2,138.0,81.0,69.0,Madhya Pradesh,Bhopal,23.2599,77.4126,State Representative,2026-09-30T12:29:28.725988+00:00,True
2026-10-02 14:00:00,21.6,47.8,164.0,1.0,4.0,133.0,81.0,67.0,Madhya Pradesh,Bhopal,23.2599,77.4126,State Representative,2026-09-30T12:29:28.725988+00:00,True
2026-10-02 15:00:00,21.7,47.0,217.0,2.7,3.7,123.0,81.0,62.0,Madhya Pradesh,Bhopal,23.2599,77.4126,State Representative,2026-09-30T12:29:28.725988+00:00,True
2026-10-02 16:00:00,22.0,46.1,295.0,5.3,3.6,108.0,82.0,48.0,Madhya Pradesh,Bhopal,23.2599,77.4126,State Representative,2026-09-30T12:29:28.725988+00:00,True
2026-10-02 17:00:00,23.5,41.2,379.0,9.4,4.0,94.0,83.0,45.0,Madhya Pradesh,Bhopal,23.2599,77.4126,State Representative,2026-09-30T12:29:28.725988+00:00,True
2026-10-02 18:00:00,28.1,47.3,476.0,16.3,5.5,81.0,82.0,47.0,Madhya Pradesh,Bhopal,23.2599,77.4126,State Representative,2026-09-30T12:29:28.725988+00:00,True
2026-10-02 19:00:00,32.6,52.5,579.0,24.6,7.7,68.0,83.0,50.0,Madhya Pradesh,Bhopal,23.2599,77.4126,State Representative,2026-09-30T12:29:28.725988+00:00,True
2026-10-02 20:00:00,36.3,56.6,651.0,30.6,9.2,57.0,83.0,52.0,Madhya Pradesh,Bhopal,23.2599,77.4126,State Representative,2026-09-30T12:29:28.725988+00:00,True
2026-10-02 21:00:00,38.9,58.6,677.0,32.6,9.7,49.0,84.0,54.0,Madhya Pradesh,Bhopal,23.2599,77.4126,State Representative,2026-09-30T12:29:28.725988+00:00,True
2026-10-02 22:00:00,39.6,58.4,672.0,32.3,9.5,44.0,85.0,54.0,Madhya Pradesh,Bhopal,23.2599,77.4126,State Representative,2026-09-30T12:29:28.725988+00:00,True
2026-10-02 23:00:00,38.8,57.3,646.0,31.2,9.2,40.0,86.0,54.0,Madhya Pradesh,Bhopal,23.2599,77.4126,State Representative,2026-09-30T12:29:28.725988+00:00,True
2026-10-03 00:00:00,37.1,55.5,591.0,29.3,8.6,39.0,87.0,53.0,Madhya Pradesh,Bhopal,23.2599,77.4126,State Representative,2026-09-30T12:29:28.725988+00:00,True
2026-10-03 01:00:00,35.5,53.4,515.0,26.5,7.8,40.0,88.0,52.0,Madhya Pradesh,Bhopal,23.2599,77.4126,State Representative,2026-09-30T12:29:28.725988+00:00,True
2026-10-03 02:00:00,34.2,51.9,449.0,24.3,7.2,41.0,88.0,51.0,Madhya Pradesh,Bhopal,23.2599,77.4126,State Representative,2026-09-30T12:29:28.725988+00:00,True
2026-10-03 03:00:00,33.1,50.8,396.0,23.7,6.9,39.0,89.0,50.0,Madhya Pradesh,Bhopal,23.2599,77.4126,State Representative,2026-09-30T12:29:28.725988+00:00,True
2026-10-03 04:00:00,32.4,50.2,353.0,23.6,6.9,37.0,89.0,50.0,Madhya Pradesh,Bhopal,23.2599,77.4126,State Representative,2026-09-30T12:29:28.725988+00:00,True
2026-10-03 05:00:00,32.1,50.3,338.0,22.4,6.8,39.0,89.0,50.0,Madhya Pradesh,Bhopal,23.2599,77.4126,State Representative,2026-09-30T12:29:28.725988+00:00,True
2026-10-03 06:00:00,32.1,50.3,384.0,19.1,6.8,48.0,90.0,50.0,Madhya Pradesh,Bhopal,23.2599,77.4126,State Representative,2026-09-30T12:29:28.725988+00:00,True
2026-10-03 07:00:00,30.5,45.4,457.0,14.7,6.8,63.0,90.0,49.0,Madhya Pradesh,Bhopal,23.2599,77.4126,State Representative,2026-09-30T12:29:28.725988+00:00,True
2026-10-03 08:00:00,29.0,44.7,481.0,10.6,6.7,79.0,89.0,48.0,Madhya Pradesh,Bhopal,23.2599,77.4126,State Representative,2026-09-30T12:29:28.725988+00:00,True
2026-10-03 09:00:00,28.5,49.5,401.0,6.9,6.4,100.0,89.0,48.0,Madhya Pradesh,Bhopal,23.2599,77.4126,State Representative,2026-09-30T12:29:28.725988+00:00,True
2026-10-03 10:00:00,25.4,51.2,271.0,3.4,6.0,123.0,90.0,62.0,Madhya Pradesh,Bhopal,23.2599,77.4126,State Representative,2026-09-30T12:29:28.725988+00:00,True
2026-10-03 11:00:00,22.7,48.4,174.0,1.0,5.6,139.0,90.0,70.0,Madhya Pradesh,Bhopal,23.2599,77.4126,State Representative,2026-09-30T12:29:28.725988+00:00,True
2026-10-03 12:00:00,21.7,46.1,141.0,0.0,5.1,144.0,90.0,72.0,Madhya Pradesh,Bhopal,23.2599,77.4126,State Representative,2026-09-30T12:29:28.725988+00:00,True
2026-10-03 13:00:00,20.8,43.9,141.0,0.0,4.5,143.0,90.0,72.0,Madhya Pradesh,Bhopal,23.2599,77.4126,State Representative,2026-09-30T12:29:28.725988+00:00,True
2026-10-03 14:00:00,20.0,41.8,166.0,1.0,4.0,137.0,89.0,69.0,Madhya Pradesh,Bhopal,23.2599,77.4126,State Representative,2026-09-30T12:29:28.725988+00:00,True
2026-10-03 15:00:00,19.5,40.3,226.0,2.7,3.6,127.0,89.0,64.0,Madhya Pradesh,Bhopal,23.2599,77.4126,State Representative,2026-09-30T12:29:28.725988+00:00,True
2026-10-03 16:00:00,19.3,39.0,311.0,5.5,3.3,112.0,89.0,52.0,Madhya Pradesh,Bhopal,23.2599,77.4126,State Representative,2026-09-30T12:29:28.725988+00:00,True
2026-10-03 17:00:00,21.2,34.8,378.0,9.9,3.7,97.0,89.0,44.0,Madhya Pradesh,Bhopal,23.2599,77.4126,State Representative,2026-09-30T12:29:28.725988+00:00,True
2026-10-03 18:00:00,25.5,39.7,399.0,17.8,5.2,81.0,89.0,46.0,Madhya Pradesh,Bhopal,23.2599,77.4126,State Representative,2026-09-30T12:29:28.725988+00:00,True
2026-10-03 19:00:00,30.2,45.6,402.0,27.4,7.4,65.0,89.0,49.0,Madhya Pradesh,Bhopal,23.2599,77.4126,State Representative,2026-09-30T12:29:28.725988+00:00,True
2026-10-03 20:00:00,34.1,50.3,425.0,34.0,8.9,53.0,88.0,51.0,Madhya Pradesh,Bhopal,23.2599,77.4126,State Representative,2026-09-30T12:29:28.725988+00:00,True
2026-10-03 21:00:00,36.7,52.9,507.0,35.4,9.3,47.0,88.0,52.0,Madhya Pradesh,Bhopal,23.2599,77.4126,State Representative,2026-09-30T12:29:28.725988+00:00,True
2026-10-03 22:00:00,37.6,53.8,608.0,33.9,9.1,44.0,88.0,53.0,Madhya Pradesh,Bhopal,23.2599,77.4126,State Representative,2026-09-30T12:29:28.725988+00:00,True
2026-10-03 23:00:00,36.3,52.4,648.0,31.7,8.7,43.0,88.0,52.0,Madhya Pradesh,Bhopal,23.2599,77.4126,State Representative,2026-09-30T12:29:28.725988+00:00,True
2026-10-04 00:00:00,34.7,50.4,571.0,29.0,8.1,44.0,88.0,51.0,Madhya Pradesh,Bhopal,23.2599,77.4126,State Representative,2026-09-30T12:29:28.725988+00:00,True
2026-10-04 01:00:00,33.2,48.5,434.0,25.6,7.3,46.0,88.0,50.0,Madhya Pradesh,Bhopal,23.2599,77.4126,State Representative,2026-09-30T12:29:28.725988+00:00,True
2026-10-04 02:00:00,31.8,47.0,324.0,22.6,6.6,48.0,87.0,50.0,Madhya Pradesh,Bhopal,23.2599,77.4126,State Representative,2026-09-30T12:29:28.725988+00:00,True
2026-10-04 03:00:00,30.4,45.6,276.0,20.7,6.2,49.0,87.0,49.0,Madhya Pradesh,Bhopal,23.2599,77.4126,State Representative,2026-09-30T12:29:28.725988+00:00,True
2026-10-04 04:00:00,29.1,44.5,257.0,19.3,5.9,50.0,87.0,48.0,Madhya Pradesh,Bhopal,23.2599,77.4126,State Representative,2026-09-30T12:29:28.725988+00:00,True
2026-10-04 05:00:00,28.1,43.8,269.3,17.3,5.6,54.0,87.0,47.0,Madhya Pradesh,Bhopal,23.2599,77.4126,State Representative,2026-09-30T12:29:28.725988+00:00,True
2026-10-04 06:00:00,27.8,43.9,277.0,14.1,5.4,64.0,86.0,47.0,Madhya Pradesh,Bhopal,23.2599,77.4126,State Representative,2026-09-30T12:29:28.725988+00:00,True
2026-10-04 07:00:00,27.2,41.4,285.3,10.3,5.3,79.0,86.0,47.0,Madhya Pradesh,Bhopal,23.2599,77.4126,State Representative,2026-09-30T12:29:28.725988+00:00,True
2026-10-04 08:00:00,25.4,38.4,281.0,7.0,5.1,93.0,86.0,46.0,Madhya Pradesh,Bhopal,23.2599,77.4126,State Representative,2026-09-30T12:29:28.725988+00:00,True
2026-10-04 09:00:00,23.9,40.5,248.0,4.5,4.7,108.0,85.0,48.0,Madhya Pradesh,Bhopal,23.2599,77.4126,State Representative,2026-09-30T12:29:28.725988+00:00,True
2026-10-04 10:00:00,22.2,41.7,209.0,2.4,4.2,123.0,85.0,62.0,Madhya Pradesh,Bhopal,23.2599,77.4126,State Representative,2026-09-30T12:29:28.725988+00:00,True
2026-10-04 11:00:00,21.7,42.5,180.0,1.0,3.8,134.0,85.0,67.0,Madhya Pradesh,Bhopal,23.2599,77.4126,State Representative,2026-09-30T12:29:28.725988+00:00,True
2026-10-04 12:00:00,21.7,43.2,169.0,0.3,3.6,138.0,85.0,69.0,Madhya Pradesh,Bhopal,23.2599,77.4126,State Representative,2026-09-30T12:29:28.725988+00:00,True
2026-10-04 13:00:00,21.9,44.1,170.0,0.2,3.4,137.0,85.0,69.0,Madhya Pradesh,Bhopal,23.2599,77.4126,State Representative,2026-09-30T12:29:28.725988+00:00,True
2026-10-04 14:00:00,22.4,45.1,177.0,0.9,3.4,132.0,85.0,66.0,Madhya Pradesh,Bhopal,23.2599,77.4126,State Representative,2026-09-30T12:29:28.725988+00:00,True
2026-10-04 15:00:00,22.5,45.4,188.0,2.2,3.2,123.0,85.0,62.0,Madhya Pradesh,Bhopal,23.2599,77.4126,State Representative,2026-09-30T12:29:28.725988+00:00,True
2026-10-04 16:00:00,22.6,44.9,207.0,4.3,3.2,109.0,85.0,49.0,Madhya Pradesh,Bhopal,23.2599,77.4126,State Representative,2026-09-30T12:29:28.725988+00:00,True
2026-10-04 17:00:00,23.6,39.0,238.0,7.8,3.7,97.0,86.0,45.0,Madhya Pradesh,Bhopal,23.2599,77.4126,State Representative,2026-09-30T12:29:28.725988+00:00,True
2026-10-04 18:00:00,27.3,43.8,292.0,14.0,5.4,86.0,86.0,47.0,Madhya Pradesh,Bhopal,23.2599,77.4126,State Representative,2026-09-30T12:29:28.725988+00:00,True
2026-10-04 19:00:00,31.7,49.2,358.0,21.6,7.6,76.0,86.0,50.0,Madhya Pradesh,Bhopal,23.2599,77.4126,State Representative,2026-09-30T12:29:28.725988+00:00,True
2026-10-04 20:00:00,35.7,54.5,412.0,27.6,9.4,68.0,86.0,52.0,Madhya Pradesh,Bhopal,23.2599,77.4126,State Representative,2026-09-30T12:29:28.725988+00:00,True
2026-10-04 21:00:00,39.3,58.7,448.0,30.9,10.3,61.0,86.0,54.0,Madhya Pradesh,Bhopal,23.2599,77.4126,State Representative,2026-09-30T12:29:28.725988+00:00,True
2026-10-04 22:00:00,41.2,60.5,471.0,32.6,10.7,55.0,86.0,55.0,Madhya Pradesh,Bhopal,23.2599,77.4126,State Representative,2026-09-30T12:29:28.725988+00:00,True
2026-10-04 23:00:00,39.6,57.0,471.0,32.2,10.5,52.0,87.0,54.0,Madhya Pradesh,Bhopal,23.2599,77.4126,State Representative,2026-09-30T12:29:28.725988+00:00,True
2026-10-05 00:00:00,35.2,50.5,433.0,28.6,9.4,55.0,87.0,52.0,Madhya Pradesh,Bhopal,23.2599,77.4126,State Representative,2026-09-30T12:29:28.725988+00:00,True
2026-10-05 01:00:00,31.1,45.8,373.0,22.9,7.6,61.0,87.0,49.0,Madhya Pradesh,Bhopal,23.2599,77.4126,State Representative,2026-09-30T12:29:28.725988+00:00,True
2026-10-05 02:00:00,28.7,43.0,324.0,18.5,6.3,66.0,87.0,48.0,Madhya Pradesh,Bhopal,23.2599,77.4126,State Representative,2026-09-30T12:29:28.725988+00:00,True
2026-10-05 03:00:00,27.4,41.0,301.0,16.7,5.8,66.0,87.0,47.0,Madhya Pradesh,Bhopal,23.2599,77.4126,State Representative,2026-09-30T12:29:28.725988+00:00,True
2026-10-05 04:00:00,26.6,39.7,290.0,16.2,5.6,65.0,86.0,47.0,Madhya Pradesh,Bhopal,23.2599,77.4126,State Representative,2026-09-30T12:29:28.725988+00:00,True
2026-10-05 05:00:00,26.2,39.0,283.0,16.0,5.5,64.0,86.0,46.0,Madhya Pradesh,Bhopal,23.2599,77.4126,State Representative,2026-09-30T12:29:28.725988+00:00,True
2026-10-05 06:00:00,,,,,,,86.0,,Madhya Pradesh,Bhopal,23.2599,77.4126,State Representative,2026-09-30T12:29:28.725988+00:00,False
2026-10-05 07:00:00,,,,,,,,,Madhya Pradesh,Bhopal,23.2599,77.4126,State Representative,2026-09-30T12:29:28.725988+00:00,False
2026-10-05 08:00:00,,,,,,,,,Madhya Pradesh,Bhopal,23.2599,77.4126,State Representative,2026-09-30T12:29:28.725988+00:00,False
2026-10-05 09:00:00,,,,,,,,,Madhya Pradesh,Bhopal,23.2599,77.4126,State Representative,2026-09-30T12:29:28.725988+00:00,False
2026-10-05 10:00:00,,,,,,,,,Madhya Pradesh,Bhopal,23.2599,77.4126,State Representative,2026-09-30T12:29:28.725988+00:00,False
2026-10-05 11:00:00,,,,,,,,,Madhya Pradesh,Bhopal,23.2599,77.4126,State Representative,2026-09-30T12:29:28.725988+00:00,False
2026-10-05 12:00:00,,,,,,,,,Madhya Pradesh,Bhopal,23.2599,77.4126,State Representative,2026-09-30T12:29:28.725988+00:00,False
2026-10-05 13:00:00,,,,,,,,,Madhya Pradesh,Bhopal,23.2599,77.4126,State Representative,2026-09-30T12:29:28.725988+00:00,False
2026-10-05 14:00:00,,,,,,,,,Madhya Pradesh,Bhopal,23.2599,77.4126,State Representative,2026-09-30T12:29:28.725988+00:00,False
2026-10-05 15:00:00,,,,,,,,,Madhya Pradesh,Bhopal,23.2599,77.4126,State Representative,2026-09-30T12:29:28.725988+00:00,False
2026-10-05 16:00:00,,,,,,,,,Madhya Pradesh,Bhopal,23.2599,77.4126,State Representative,2026-09-30T12:29:28.725988+00:00,False
2026-10-05 17:00:00,,,,,,,,,Madhya Pradesh,Bhopal,23.2599,77.4126,State Representative,2026-09-30T12:29:28.725988+00:00,False
2026-10-05 18:00:00,,,,,,,,,Madhya Pradesh,Bhopal,23.2599,77.4126,State Representative,2026-09-30T12:29:28.725988+00:00,False
2026-10-05 19:00:00,,,,,,,,,Madhya Pradesh,Bhopal,23.2599,77.4126,State Representative,2026-09-30T12:29:28.725988+00:00,False
2026-10-05 20:00:00,,,,,,,,,Madhya Pradesh,Bhopal,23.2599,77.4126,State Representative,2026-09-30T12:29:28.725988+00:00,False
2026-10-05 21:00:00,,,,,,,,,Madhya Pradesh,Bhopal,23.2599,77.4126,State Representative,2026-09-30T12:29:28.725988+00:00,False
2026-10-05 22:00:00,,,,,,,,,Madhya Pradesh,Bhopal,23.2599,77.4126,State Representative,2026-09-30T12:29:28.725988+00:00,False
2026-10-05 23:00:00,,,,,,,,,Madhya Pradesh,Bhopal,23.2599,77.4126,State Representative,2026-09-30T12:29:28.725988+00:00,False
2026-10-06 00:00:00,,,,,,,,,Madhya Pradesh,Bhopal,23.2599,77.4126,State Representative,2026-09-30T12:29:28.725988+00:00,False
2026-10-06 01:00:00,,,,,,,,,Madhya Pradesh,Bhopal,23.2599,77.4126,State Representative,2026-09-30T12:29:28.725988+00:00,False
2026-10-06 02:00:00,,,,,,,,,Madhya Pradesh,Bhopal,23.2599,77.4126,State Representative,2026-09-30T12:29:28.725988+00:00,False
2026-10-06 03:00:00,,,,,,,,,Madhya Pradesh,Bhopal,23.2599,77.4126,State Representative,2026-09-30T12:29:28.725988+00:00,False
2026-10-06 04:00:00,,,,,,,,,Madhya Pradesh,Bhopal,23.2599,77.4126,State Representative,2026-09-30T12:29:28.725988+00:00,False
2026-10-06 05:00:00,,,,,,,,,Madhya Pradesh,Bhopal,23.2599,77.4126,State Representative,2026-09-30T12:29:28.725988+00:00,False
2026-10-06 06:00:00,,,,,,,,,Madhya Pradesh,Bhopal,23.2599,77.4126,State Representative,2026-09-30T12:29:28.725988+00:00,False
2026-10-06 07:00:00,,,,,,,,,Madhya Pradesh,Bhopal,23.2599,77.4126,State Representative,2026-09-30T12:29:28.725988+00:00,False
2026-10-06 08:00:00,,,,,,,,,Madhya Pradesh,Bhopal,23.2599,77.4126,State Representative,2026-09-30T12:29:28.725988+00:00,False
2026-10-06 09:00:00,,,,,,,,,Madhya Pradesh,Bhopal,23.2599,77.4126,State Representative,2026-09-30T12:29:28.725988+00:00,False
2026-10-06 10:00:00,,,,,,,,,Madhya Pradesh,Bhopal,23.2599,77.4126,State Representative,2026-09-30T12:29:28.725988+00:00,False
2026-10-06 11:00:00,,,,,,,,,Madhya Pradesh,Bhopal,23.2599,77.4126,State Representative,2026-09-30T12:29:28.725988+00:00,False
2026-10-06 12:00:00,,,,,,,,,Madhya Pradesh,Bhopal,23.2599,77.4126,State Representative,2026-09-30T12:29:28.725988+00:00,False
2026-10-06 13:00:00,,,,,,,,,Madhya Pradesh,Bhopal,23.2599,77.4126,State Representative,2026-09-30T12:29:28.725988+00:00,False
2026-10-06 14:00:00,,,,,,,,,Madhya Pradesh,Bhopal,23.2599,77.4126,State Representative,2026-09-30T12:29:28.725988+00:00,False
2026-10-06 15:00:00,,,,,,,,,Madhya Pradesh,Bhopal,23.2599,77.4126,State Representative,2026-09-30T12:29:28.725988+00:00,False
2026-10-06 16:00:00,,,,,,,,,Madhya Pradesh,Bhopal,23.2599,77.4126,State Representative,2026-09-30T12:29:28.725988+00:00,False
2026-10-06 17:00:00,,,,,,,,,Madhya Pradesh,Bhopal,23.2599,77.4126,State Representative,2026-09-30T12:29:28.725988+00:00,False
2026-10-06 18:00:00,,,,,,,,,Madhya Pradesh,Bhopal,23.2599,77.4126,State Representative,2026-09-30T12:29:28.725988+00:00,False
2026-10-06 19:00:00,,,,,,,,,Madhya Pradesh,Bhopal,23.2599,77.4126,State Representative,2026-09-30T12:29:28.725988+00:00,False
2026-10-06 20:00:00,,,,,,,,,Madhya Pradesh,Bhopal,23.2599,77.4126,State Representative,2026-09-30T12:29:28.725988+00:00,False
2026-10-06 21:00:00,,,,,,,,,Madhya Pradesh,Bhopal,23.2599,77.4126,State Representative,2026-09-30T12:29:28.725988+00:00,False
2026-10-06 22:00:00,,,,,,,,,Madhya Pradesh,Bhopal,23.2599,77.4126,State Representative,2026-09-30T12:29:28.725988+00:00,False
2026-10-06 23:00:00,,,,,,,,,Madhya Pradesh,Bhopal,23.2599,77.4126,State Representative,2026-09-30T12:29:28.725988+00:00,False
2026-09-30 00:00:00,25.7,34.1,576.0,20.7,10.8,50.0,76.0,46.0,Maharashtra,Mumbai,19.076,72.8777,State Representative,2026-09-30T12:29:29.417243+00:00,True
2026-09-30 01:00:00,24.2,32.5,508.0,19.4,9.4,51.0,76.0,45.0,Maharashtra,Mumbai,19.076,72.8777,State Representative,2026-09-30T12:29:29.417243+00:00,True
2026-09-30 02:00:00,24.5,33.1,458.0,18.2,8.5,52.0,77.0,45.0,Maharashtra,Mumbai,19.076,72.8777,State Representative,2026-09-30T12:29:29.417243+00:00,True
2026-09-30 03:00:00,26.6,35.5,438.0,17.2,8.6,52.0,77.0,47.0,Maharashtra,Mumbai,19.076,72.8777,State Representative,2026-09-30T12:29:29.417243+00:00,True
2026-09-30 04:00:00,24.0,32.5,435.0,16.3,9.4,52.0,78.0,45.0,Maharashtra,Mumbai,19.076,72.8777,State Representative,2026-09-30T12:29:29.417243+00:00,True
2026-09-30 05:00:00,26.4,36.7,447.0,17.0,15.1,53.0,78.0,47.0,Maharashtra,Mumbai,19.076,72.8777,State Representative,2026-09-30T12:29:29.417243+00:00,True
2026-09-30 06:00:00,27.5,38.2,491.0,18.3,17.4,55.0,79.0,47.0,Maharashtra,Mumbai,19.076,72.8777,State Representative,2026-09-30T12:29:29.417243+00:00,True
2026-09-30 07:00:00,30.5,41.6,549.0,19.9,20.7,61.0,80.0,49.0,Maharashtra,Mumbai,19.076,72.8777,State Representative,2026-09-30T12:29:29.417243+00:00,True
2026-09-30 08:00:00,33.4,45.5,571.0,20.1,23.9,77.0,81.0,51.0,Maharashtra,Mumbai,19.076,72.8777,State Representative,2026-09-30T12:29:29.417243+00:00,True
2026-09-30 09:00:00,37.7,51.1,520.0,17.6,27.5,115.0,82.0,55.0,Maharashtra,Mumbai,19.076,72.8777,State Representative,2026-09-30T12:29:29.417243+00:00,True
2026-09-30 10:00:00,41.9,55.8,431.0,13.8,31.0,165.0,83.0,85.0,Maharashtra,Mumbai,19.076,72.8777,State Representative,2026-09-30T12:29:29.417243+00:00,True
2026-09-30 11:00:00,43.9,56.9,361.0,10.7,32.4,202.0,84.0,122.0,Maharashtra,Mumbai,19.076,72.8777,State Representative,2026-09-30T12:29:29.417243+00:00,True
2026-09-30 12:00:00,44.2,55.2,327.0,9.0,30.1,219.0,85.0,139.0,Maharashtra,Mumbai,19.076,72.8777,State Representative,2026-09-30T12:29:29.417243+00:00,True
2026-09-30 13:00:00,43.7,55.2,312.0,8.1,25.7,224.0,87.0,144.0,Maharashtra,Mumbai,19.076,72.8777,State Representative,2026-09-30T12:29:29.417243+00:00,True
2026-09-30 14:00:00,41.4,54.6,317.0,8.3,21.4,216.0,104.0,136.0,Maharashtra,Mumbai,19.076,72.8777,State Representative,2026-09-30T12:29:29.417243+00:00,True
2026-09-30 15:00:00,33.1,43.0,350.0,10.0,17.4,188.0,139.0,108.0,Maharashtra,Mumbai,19.076,72.8777,State Representative,2026-09-30T12:29:29.417243+00:00,True
2026-09-30 16:00:00,28.3,37.0,403.0,12.8,13.5,147.0,162.0,74.0,Maharashtra,Mumbai,19.076,72.8777,State Representative,2026-09-30T12:29:29.417243+00:00,True
2026-09-30 17:00:00,28.0,36.2,456.0,16.3,11.7,115.0,173.0,55.0,Maharashtra,Mumbai,19.076,72.8777,State Representative,2026-09-30T12:29:29.417243+00:00,True
2026-09-30 18:00:00,29.2,37.5,502.0,21.1,13.3,99.0,173.0,48.0,Maharashtra,Mumbai,19.076,72.8777,State Representative,2026-09-30T12:29:29.417243+00:00,True
2026-09-30 19:00:00,32.6,41.3,547.0,26.6,16.9,92.0,162.0,50.0,Maharashtra,Mumbai,19.076,72.8777,State Representative,2026-09-30T12:29:29.417243+00:00,True
2026-09-30 20:00:00,38.0,47.1,587.0,30.7,20.2,88.0,143.0,53.0,Maharashtra,Mumbai,19.076,72.8777,State Representative,2026-09-30T12:29:29.417243+00:00,True
2026-09-30 21:00:00,42.8,52.6,621.0,32.5,22.6,87.0,115.0,56.0,Maharashtra,Mumbai,19.076,72.8777,State Representative,2026-09-30T12:29:29.417243+00:00,True
2026-09-30 22:00:00,47.1,57.4,649.0,32.9,24.7,88.0,95.0,58.0,Maharashtra,Mumbai,19.076,72.8777,State Representative,2026-09-30T12:29:29.417243+00:00,True
2026-09-30 23:00:00,50.1,61.0,667.0,32.1,26.0,92.0,96.0,60.0,Maharashtra,Mumbai,19.076,72.8777,State Representative,2026-09-30T12:29:29.417243+00:00,True
2026-10-01 00:00:00,50.3,61.5,672.0,29.5,25.7,97.0,98.0,60.0,Maharashtra,Mumbai,19.076,72.8777,State Representative,2026-09-30T12:29:29.417243+00:00,True
2026-10-01 01:00:00,50.5,62.2,667.0,25.7,24.6,103.0,100.0,60.0,Maharashtra,Mumbai,19.076,72.8777,State Representative,2026-09-30T12:29:29.417243+00:00,True
2026-10-01 02:00:00,51.6,63.8,662.0,22.4,24.3,110.0,102.0,61.0,Maharashtra,Mumbai,19.076,72.8777,State Representative,2026-09-30T12:29:29.417243+00:00,True
2026-10-01 03:00:00,52.5,63.8,651.0,19.7,25.2,116.0,105.0,61.0,Maharashtra,Mumbai,19.076,72.8777,State Representative,2026-09-30T12:29:29.417243+00:00,True
2026-10-01 04:00:00,52.5,62.2,638.0,17.5,26.9,122.0,108.0,61.0,Maharashtra,Mumbai,19.076,72.8777,State Representative,2026-09-30T12:29:29.417243+00:00,True
2026-10-01 05:00:00,54.2,64.3,651.0,16.7,29.4,128.0,111.0,64.0,Maharashtra,Mumbai,19.076,72.8777,State Representative,2026-09-30T12:29:29.417243+00:00,True
2026-10-01 06:00:00,56.5,66.8,727.0,18.8,33.2,130.0,114.0,65.0,Maharashtra,Mumbai,19.076,72.8777,State Representative,2026-09-30T12:29:29.417243+00:00,True
2026-10-01 07:00:00,58.6,68.9,828.0,22.3,37.9,132.0,117.0,66.0,Maharashtra,Mumbai,19.076,72.8777,State Representative,2026-09-30T12:29:29.417243+00:00,True
2026-10-01 08:00:00,60.5,71.0,863.0,23.6,41.5,146.0,120.0,73.0,Maharashtra,Mumbai,19.076,72.8777,State Representative,2026-09-30T12:29:29.417243+00:00,True
2026-10-01 09:00:00,60.3,71.7,772.0,20.5,44.1,184.0,123.0,104.0,Maharashtra,Mumbai,19.076,72.8777,State Representative,2026-09-30T12:29:29.417243+00:00,True
2026-10-01 10:00:00,64.7,77.3,615.0,15.3,45.7,234.0,125.0,154.0,Maharashtra,Mumbai,19.076,72.8777,State Representative,2026-09-30T12:29:29.417243+00:00,True
2026-10-01 11:00:00,68.2,82.0,485.0,11.2,44.9,269.0,127.0,189.0,Maharashtra,Mumbai,19.076,72.8777,State Representative,2026-09-30T12:29:29.417243+00:00,True
2026-10-01 12:00:00,68.7,83.6,417.0,9.3,40.1,278.0,152.0,198.0,Maharashtra,Mumbai,19.076,72.8777,State Representative,2026-09-30T12:29:29.417243+00:00,True
2026-10-01 13:00:00,64.7,80.1,376.0,8.4,32.9,271.0,177.0,191.0,Maharashtra,Mumbai,19.076,72.8777,State Representative,2026-09-30T12:29:29.417243+00:00,True
2026-10-01 14:00:00,58.1,73.1,354.0,8.8,26.9,259.0,200.0,179.0,Maharashtra,Mumbai,19.076,72.8777,State Representative,2026-09-30T12:29:29.417243+00:00,True
2026-10-01 15:00:00,52.0,67.1,344.0,11.1,23.1,239.0,208.0,159.0,Maharashtra,Mumbai,19.076,72.8777,State Representative,2026-09-30T12:29:29.417243+00:00,True
2026-10-01 16:00:00,51.1,67.5,352.0,14.6,20.5,212.0,216.0,132.0,Maharashtra,Mumbai,19.076,72.8777,State Representative,2026-09-30T12:29:29.417243+00:00,True
2026-10-01 17:00:00,52.9,68.0,394.0,17.2,19.8,195.0,220.0,115.0,Maharashtra,Mumbai,19.076,72.8777,State Representative,2026-09-30T12:29:29.417243+00:00,True
2026-10-01 18:00:00,55.3,68.9,482.0,17.8,22.0,197.0,221.0,117.0,Maharashtra,Mumbai,19.076,72.8777,State Representative,2026-09-30T12:29:29.417243+00:00,True
2026-10-01 19:00:00,58.2,70.5,603.0,17.6,26.2,209.0,218.0,129.0,Maharashtra,Mumbai,19.076,72.8777,State Representative,2026-09-30T12:29:29.417243+00:00,True
2026-10-01 20:00:00,61.2,73.8,735.0,17.8,30.3,215.0,214.0,135.0,Maharashtra,Mumbai,19.076,72.8777,State Representative,2026-09-30T12:29:29.417243+00:00,True
2026-10-01 21:00:00,62.9,75.4,904.0,19.2,33.8,210.0,210.0,130.0,Maharashtra,Mumbai,19.076,72.8777,State Representative,2026-09-30T12:29:29.417243+00:00,True
2026-10-01 22:00:00,64.7,76.8,1084.0,21.0,37.2,200.0,206.0,120.0,Maharashtra,Mumbai,19.076,72.8777,State Representative,2026-09-30T12:29:29.417243+00:00,True
2026-10-01 23:00:00,65.7,77.3,1176.0,22.3,39.8,186.0,202.0,106.0,Maharashtra,Mumbai,19.076,72.8777,State Representative,2026-09-30T12:29:29.417243+00:00,True
2026-10-02 00:00:00,65.2,76.1,1116.0,22.8,41.3,168.0,196.0,88.0,Maharashtra,Mumbai,19.076,72.8777,State Representative,2026-09-30T12:29:29.417243+00:00,True
2026-10-02 01:00:00,63.8,74.3,969.0,22.9,42.0,148.0,189.0,74.0,Maharashtra,Mumbai,19.076,72.8777,State Representative,2026-09-30T12:29:29.417243+00:00,True
2026-10-02 02:00:00,60.8,70.8,827.0,22.7,42.0,128.0,182.0,65.0,Maharashtra,Mumbai,19.076,72.8777,State Representative,2026-09-30T12:29:29.417243+00:00,True
2026-10-02 03:00:00,56.7,66.1,706.0,21.7,41.2,109.0,171.0,63.0,Maharashtra,Mumbai,19.076,72.8777,State Representative,2026-09-30T12:29:29.417243+00:00,True
2026-10-02 04:00:00,52.2,61.2,592.0,20.3,39.6,91.0,155.0,61.0,Maharashtra,Mumbai,19.076,72.8777,State Representative,2026-09-30T12:29:29.417243+00:00,True
2026-10-02 05:00:00,48.4,58.0,528.0,20.3,37.9,81.0,153.0,59.0,Maharashtra,Mumbai,19.076,72.8777,State Representative,2026-09-30T12:29:29.417243+00:00,True
2026-10-02 06:00:00,46.8,56.8,565.0,23.4,36.1,76.0,153.0,58.0,Maharashtra,Mumbai,19.076,72.8777,State Representative,2026-09-30T12:29:29.417243+00:00,True
2026-10-02 07:00:00,47.6,58.2,653.0,27.8,34.0,78.0,153.0,59.0,Maharashtra,Mumbai,19.076,72.8777,State Representative,2026-09-30T12:29:29.417243+00:00,True
2026-10-02 08:00:00,49.2,60.3,692.0,29.6,32.0,100.0,152.0,60.0,Maharashtra,Mumbai,19.076,72.8777,State Representative,2026-09-30T12:29:29.417243+00:00,True
2026-10-02 09:00:00,49.0,61.9,626.0,26.2,30.1,157.0,152.0,79.0,Maharashtra,Mumbai,19.076,72.8777,State Representative,2026-09-30T12:29:29.417243+00:00,True
2026-10-02 10:00:00,49.8,64.0,512.0,20.3,28.3,234.0,152.0,154.0,Maharashtra,Mumbai,19.076,72.8777,State Representative,2026-09-30T12:29:29.417243+00:00,True
2026-10-02 11:00:00,51.6,66.1,419.0,16.0,26.3,294.0,151.0,214.0,Maharashtra,Mumbai,19.076,72.8777,State Representative,2026-09-30T12:29:29.417243+00:00,True
2026-10-02 12:00:00,52.4,67.3,368.0,14.3,23.9,326.0,152.0,246.0,Maharashtra,Mumbai,19.076,72.8777,State Representative,2026-09-30T12:29:29.417243+00:00,True
2026-10-02 13:00:00,50.6,65.4,338.0,14.1,21.4,341.0,161.0,261.0,Maharashtra,Mumbai,19.076,72.8777,State Representative,2026-09-30T12:29:29.417243+00:00,True
2026-10-02 14:00:00,48.1,63.6,339.0,16.4,19.2,337.0,194.0,257.0,Maharashtra,Mumbai,19.076,72.8777,State Representative,2026-09-30T12:29:29.417243+00:00,True
2026-10-02 15:00:00,48.4,66.1,379.0,23.7,17.2,304.0,215.0,224.0,Maharashtra,Mumbai,19.076,72.8777,State Representative,2026-09-30T12:29:29.417243+00:00,True
2026-10-02 16:00:00,47.5,64.5,448.0,33.6,15.6,253.0,230.0,173.0,Maharashtra,Mumbai,19.076,72.8777,State Representative,2026-09-30T12:29:29.417243+00:00,True
2026-10-02 17:00:00,48.5,63.8,531.0,39.3,15.3,211.0,240.0,131.0,Maharashtra,Mumbai,19.076,72.8777,State Representative,2026-09-30T12:29:29.417243+00:00,True
2026-10-02 18:00:00,50.3,63.3,636.0,37.2,17.2,191.0,244.0,111.0,Maharashtra,Mumbai,19.076,72.8777,State Representative,2026-09-30T12:29:29.417243+00:00,True
2026-10-02 19:00:00,49.1,61.0,753.0,30.9,20.4,181.0,241.0,101.0,Maharashtra,Mumbai,19.076,72.8777,State Representative,2026-09-30T12:29:29.417243+00:00,True
2026-10-02 20:00:00,48.8,58.3,837.0,25.1,23.5,176.0,233.0,96.0,Maharashtra,Mumbai,19.076,72.8777,State Representative,2026-09-30T12:29:29.417243+00:00,True
2026-10-02 21:00:00,50.2,59.6,872.0,21.2,25.9,177.0,223.0,97.0,Maharashtra,Mumbai,19.076,72.8777,State Representative,2026-09-30T12:29:29.417243+00:00,True
2026-10-02 22:00:00,50.1,59.4,875.0,17.8,28.2,182.0,212.0,102.0,Maharashtra,Mumbai,19.076,72.8777,State Representative,2026-09-30T12:29:29.417243+00:00,True
2026-10-02 23:00:00,48.0,57.3,846.0,15.3,30.0,180.0,202.0,100.0,Maharashtra,Mumbai,19.076,72.8777,State Representative,2026-09-30T12:29:29.417243+00:00,True
2026-10-03 00:00:00,44.7,53.4,772.0,14.1,31.5,162.0,185.0,82.0,Maharashtra,Mumbai,19.076,72.8777,State Representative,2026-09-30T12:29:29.417243+00:00,True
2026-10-03 01:00:00,41.2,49.6,667.0,13.8,32.5,137.0,170.0,69.0,Maharashtra,Mumbai,19.076,72.8777,State Representative,2026-09-30T12:29:29.417243+00:00,True
2026-10-03 02:00:00,38.1,46.1,578.0,13.7,32.6,115.0,158.0,55.0,Maharashtra,Mumbai,19.076,72.8777,State Representative,2026-09-30T12:29:29.417243+00:00,True
2026-10-03 03:00:00,35.2,43.3,514.0,13.4,31.2,99.0,145.0,52.0,Maharashtra,Mumbai,19.076,72.8777,State Representative,2026-09-30T12:29:29.417243+00:00,True
2026-10-03 04:00:00,32.2,40.6,465.0,13.3,28.9,86.0,131.0,50.0,Maharashtra,Mumbai,19.076,72.8777,State Representative,2026-09-30T12:29:29.417243+00:00,True
2026-10-03 05:00:00,29.6,38.2,450.0,14.2,26.3,78.0,129.0,48.0,Maharashtra,Mumbai,19.076,72.8777,State Representative,2026-09-30T12:29:29.417243+00:00,True
2026-10-03 06:00:00,27.1,36.1,502.0,17.2,23.4,74.0,127.0,47.0,Maharashtra,Mumbai,19.076,72.8777,State Representative,2026-09-30T12:29:29.417243+00:00,True
2026-10-03 07:00:00,26.9,36.2,588.0,21.2,20.4,76.0,125.0,47.0,Maharashtra,Mumbai,19.076,72.8777,State Representative,2026-09-30T12:29:29.417243+00:00,True
2026-10-03 08:00:00,28.0,37.1,623.0,23.1,18.0,92.0,122.0,47.0,Maharashtra,Mumbai,19.076,72.8777,State Representative,2026-09-30T12:29:29.417243+00:00,True
2026-10-03 09:00:00,28.3,38.3,553.0,20.9,17.0,136.0,120.0,68.0,Maharashtra,Mumbai,19.076,72.8777,State Representative,2026-09-30T12:29:29.417243+00:00,True
2026-10-03 10:00:00,29.5,39.9,433.0,16.7,16.6,195.0,118.0,115.0,Maharashtra,Mumbai,19.076,72.8777,State Representative,2026-09-30T12:29:29.417243+00:00,True
2026-10-03 11:00:00,31.4,41.7,336.0,13.8,16.1,240.0,116.0,160.0,Maharashtra,Mumbai,19.076,72.8777,State Representative,2026-09-30T12:29:29.417243+00:00,True
2026-10-03 12:00:00,35.3,45.9,289.0,13.6,14.9,260.0,114.0,180.0,Maharashtra,Mumbai,19.076,72.8777,State Representative,2026-09-30T12:29:29.417243+00:00,True
2026-10-03 13:00:00,39.2,51.2,265.0,14.9,13.5,266.0,113.0,186.0,Maharashtra,Mumbai,19.076,72.8777,State Representative,2026-09-30T12:29:29.417243+00:00,True
2026-10-03 14:00:00,41.6,56.0,263.0,16.9,12.6,261.0,151.0,181.0,Maharashtra,Mumbai,19.076,72.8777,State Representative,2026-09-30T12:29:29.417243+00:00,True
2026-10-03 15:00:00,43.0,57.5,283.0,20.6,12.2,241.0,181.0,161.0,Maharashtra,Mumbai,19.076,72.8777,State Representative,2026-09-30T12:29:29.417243+00:00,True
2026-10-03 16:00:00,43.2,57.4,324.0,25.1,12.2,211.0,203.0,131.0,Maharashtra,Mumbai,19.076,72.8777,State Representative,2026-09-30T12:29:29.417243+00:00,True
2026-10-03 17:00:00,43.7,57.5,380.0,27.3,13.0,188.0,211.0,108.0,Maharashtra,Mumbai,19.076,72.8777,State Representative,2026-09-30T12:29:29.417243+00:00,True
2026-10-03 18:00:00,45.4,59.1,459.0,24.8,15.3,182.0,214.0,102.0,Maharashtra,Mumbai,19.076,72.8777,State Representative,2026-09-30T12:29:29.417243+00:00,True
2026-10-03 19:00:00,44.9,57.4,553.0,20.0,18.4,184.0,214.0,104.0,Maharashtra,Mumbai,19.076,72.8777,State Representative,2026-09-30T12:29:29.417243+00:00,True
2026-10-03 20:00:00,45.3,56.9,629.0,16.4,20.9,184.0,210.0,104.0,Maharashtra,Mumbai,19.076,72.8777,State Representative,2026-09-30T12:29:29.417243+00:00,True
2026-10-03 21:00:00,45.4,56.7,683.0,15.8,22.1,178.0,205.0,98.0,Maharashtra,Mumbai,19.076,72.8777,State Representative,2026-09-30T12:29:29.417243+00:00,True
2026-10-03 22:00:00,45.3,56.2,719.0,16.6,22.7,171.0,197.0,91.0,Maharashtra,Mumbai,19.076,72.8777,State Representative,2026-09-30T12:29:29.417243+00:00,True
2026-10-03 23:00:00,44.9,55.6,715.0,17.0,23.1,162.0,183.0,82.0,Maharashtra,Mumbai,19.076,72.8777,State Representative,2026-09-30T12:29:29.417243+00:00,True
2026-10-04 00:00:00,43.4,53.9,637.0,16.5,23.1,153.0,170.0,77.0,Maharashtra,Mumbai,19.076,72.8777,State Representative,2026-09-30T12:29:29.417243+00:00,True
2026-10-04 01:00:00,41.8,52.2,518.0,15.6,22.8,142.0,161.0,71.0,Maharashtra,Mumbai,19.076,72.8777,State Representative,2026-09-30T12:29:29.417243+00:00,True
2026-10-04 02:00:00,41.0,51.2,438.0,15.0,23.1,133.0,154.0,67.0,Maharashtra,Mumbai,19.076,72.8777,State Representative,2026-09-30T12:29:29.417243+00:00,True
2026-10-04 03:00:00,40.4,50.8,439.0,14.7,24.2,125.0,145.0,63.0,Maharashtra,Mumbai,19.076,72.8777,State Representative,2026-09-30T12:29:29.417243+00:00,True
2026-10-04 04:00:00,39.8,50.4,479.0,14.6,25.9,117.0,132.0,57.0,Maharashtra,Mumbai,19.076,72.8777,State Representative,2026-09-30T12:29:29.417243+00:00,True
2026-10-04 05:00:00,39.5,50.3,473.3,14.8,28.1,113.0,118.0,54.0,Maharashtra,Mumbai,19.076,72.8777,State Representative,2026-09-30T12:29:29.417243+00:00,True
2026-10-04 06:00:00,39.5,50.6,454.5,15.8,31.2,111.0,109.0,54.0,Maharashtra,Mumbai,19.076,72.8777,State Representative,2026-09-30T12:29:29.417243+00:00,True
2026-10-04 07:00:00,41.4,52.7,444.5,17.1,34.8,112.0,110.0,55.0,Maharashtra,Mumbai,19.076,72.8777,State Representative,2026-09-30T12:29:29.417243+00:00,True
2026-10-04 08:00:00,42.3,53.7,436.0,17.1,37.2,122.0,111.0,61.0,Maharashtra,Mumbai,19.076,72.8777,State Representative,2026-09-30T12:29:29.417243+00:00,True
2026-10-04 09:00:00,43.7,56.1,426.0,14.4,37.9,150.0,113.0,75.0,Maharashtra,Mumbai,19.076,72.8777,State Representative,2026-09-30T12:29:29.417243+00:00,True
2026-10-04 10:00:00,46.0,58.9,403.0,10.4,37.5,187.0,114.0,107.0,Maharashtra,Mumbai,19.076,72.8777,State Representative,2026-09-30T12:29:29.417243+00:00,True
2026-10-04 11:00:00,46.8,59.8,379.0,7.3,35.5,214.0,116.0,134.0,Maharashtra,Mumbai,19.076,72.8777,State Representative,2026-09-30T12:29:29.417243+00:00,True
2026-10-04 12:00:00,45.9,58.7,354.0,6.0,31.0,221.0,118.0,141.0,Maharashtra,Mumbai,19.076,72.8777,State Representative,2026-09-30T12:29:29.417243+00:00,True
2026-10-04 13:00:00,43.4,55.6,328.0,5.7,24.9,217.0,128.0,137.0,Maharashtra,Mumbai,19.076,72.8777,State Representative,2026-09-30T12:29:29.417243+00:00,True
2026-10-04 14:00:00,41.1,53.3,309.0,6.1,19.9,210.0,150.0,130.0,Maharashtra,Mumbai,19.076,72.8777,State Representative,2026-09-30T12:29:29.417243+00:00,True
2026-10-04 15:00:00,41.7,55.9,305.0,7.5,16.8,201.0,166.0,121.0,Maharashtra,Mumbai,19.076,72.8777,State Representative,2026-09-30T12:29:29.417243+00:00,True
2026-10-04 16:00:00,40.0,53.2,310.0,9.6,14.6,188.0,180.0,108.0,Maharashtra,Mumbai,19.076,72.8777,State Representative,2026-09-30T12:29:29.417243+00:00,True
2026-10-04 17:00:00,40.2,52.4,309.0,11.1,13.4,177.0,191.0,97.0,Maharashtra,Mumbai,19.076,72.8777,State Representative,2026-09-30T12:29:29.417243+00:00,True
2026-10-04 18:00:00,39.9,52.4,296.0,11.1,13.6,169.0,195.0,89.0,Maharashtra,Mumbai,19.076,72.8777,State Representative,2026-09-30T12:29:29.417243+00:00,True
2026-10-04 19:00:00,38.4,50.9,279.0,10.5,14.6,162.0,192.0,82.0,Maharashtra,Mumbai,19.076,72.8777,State Representative,2026-09-30T12:29:29.417243+00:00,True
2026-10-04 20:00:00,35.3,47.3,265.0,10.1,15.2,154.0,184.0,77.0,Maharashtra,Mumbai,19.076,72.8777,State Representative,2026-09-30T12:29:29.417243+00:00,True
2026-10-04 21:00:00,33.9,47.1,258.0,10.5,14.6,143.0,173.0,72.0,Maharashtra,Mumbai,19.076,72.8777,State Representative,2026-09-30T12:29:29.417243+00:00,True
2026-10-04 22:00:00,32.0,45.2,255.0,11.2,13.5,130.0,161.0,65.0,Maharashtra,Mumbai,19.076,72.8777,State Representative,2026-09-30T12:29:29.417243+00:00,True
2026-10-04 23:00:00,30.7,43.7,253.0,11.8,12.3,119.0,148.0,59.0,Maharashtra,Mumbai,19.076,72.8777,State Representative,2026-09-30T12:29:29.417243+00:00,True
2026-10-05 00:00:00,29.7,42.1,250.0,12.0,10.9,111.0,131.0,51.0,Maharashtra,Mumbai,19.076,72.8777,State Representative,2026-09-30T12:29:29.417243+00:00,True
2026-10-05 01:00:00,29.8,41.8,248.0,12.0,9.5,104.0,114.0,48.0,Maharashtra,Mumbai,19.076,72.8777,State Representative,2026-09-30T12:29:29.417243+00:00,True
2026-10-05 02:00:00,30.0,41.6,249.0,12.2,8.7,99.0,109.0,49.0,Maharashtra,Mumbai,19.076,72.8777,State Representative,2026-09-30T12:29:29.417243+00:00,True
2026-10-05 03:00:00,31.3,42.6,256.0,12.9,9.1,94.0,108.0,49.0,Maharashtra,Mumbai,19.076,72.8777,State Representative,2026-09-30T12:29:29.417243+00:00,True
2026-10-05 04:00:00,32.1,43.3,265.0,13.8,10.2,91.0,107.0,50.0,Maharashtra,Mumbai,19.076,72.8777,State Representative,2026-09-30T12:29:29.417243+00:00,True
2026-10-05 05:00:00,32.6,43.8,272.0,14.4,11.0,88.0,107.0,50.0,Maharashtra,Mumbai,19.076,72.8777,State Representative,2026-09-30T12:29:29.417243+00:00,True
2026-10-05 06:00:00,,,,,,,106.0,,Maharashtra,Mumbai,19.076,72.8777,State Representative,2026-09-30T12:29:29.417243+00:00,False
2026-10-05 07:00:00,,,,,,,,,Maharashtra,Mumbai,19.076,72.8777,State Representative,2026-09-30T12:29:29.417243+00:00,False
2026-10-05 08:00:00,,,,,,,,,Maharashtra,Mumbai,19.076,72.8777,State Representative,2026-09-30T12:29:29.417243+00:00,False
2026-10-05 09:00:00,,,,,,,,,Maharashtra,Mumbai,19.076,72.8777,State Representative,2026-09-30T12:29:29.417243+00:00,False
2026-10-05 10:00:00,,,,,,,,,Maharashtra,Mumbai,19.076,72.8777,State Representative,2026-09-30T12:29:29.417243+00:00,False
2026-10-05 11:00:00,,,,,,,,,Maharashtra,Mumbai,19.076,72.8777,State Representative,2026-09-30T12:29:29.417243+00:00,False
2026-10-05 12:00:00,,,,,,,,,Maharashtra,Mumbai,19.076,72.8777,State Representative,2026-09-30T12:29:29.417243+00:00,False
2026-10-05 13:00:00,,,,,,,,,Maharashtra,Mumbai,19.076,72.8777,State Representative,2026-09-30T12:29:29.417243+00:00,False
2026-10-05 14:00:00,,,,,,,,,Maharashtra,Mumbai,19.076,72.8777,State Representative,2026-09-30T12:29:29.417243+00:00,False
2026-10-05 15:00:00,,,,,,,,,Maharashtra,Mumbai,19.076,72.8777,State Representative,2026-09-30T12:29:29.417243+00:00,False
2026-10-05 16:00:00,,,,,,,,,Maharashtra,Mumbai,19.076,72.8777,State Representative,2026-09-30T12:29:29.417243+00:00,False
2026-10-05 17:00:00,,,,,,,,,Maharashtra,Mumbai,19.076,72.8777,State Representative,2026-09-30T12:29:29.417243+00:00,False
2026-10-05 18:00:00,,,,,,,,,Maharashtra,Mumbai,19.076,72.8777,State Representative,2026-09-30T12:29:29.417243+00:00,False
2026-10-05 19:00:00,,,,,,,,,Maharashtra,Mumbai,19.076,72.8777,State Representative,2026-09-30T12:29:29.417243+00:00,False
2026-10-05 20:00:00,,,,,,,,,Maharashtra,Mumbai,19.076,72.8777,State Representative,2026-09-30T12:29:29.417243+00:00,False
2026-10-05 21:00:00,,,,,,,,,Maharashtra,Mumbai,19.076,72.8777,State Representative,2026-09-30T12:29:29.417243+00:00,False
2026-10-05 22:00:00,,,,,,,,,Maharashtra,Mumbai,19.076,72.8777,State Representative,2026-09-30T12:29:29.417243+00:00,False
2026-10-05 23:00:00,,,,,,,,,Maharashtra,Mumbai,19.076,72.8777,State Representative,2026-09-30T12:29:29.417243+00:00,False
2026-10-06 00:00:00,,,,,,,,,Maharashtra,Mumbai,19.076,72.8777,State Representative,2026-09-30T12:29:29.417243+00:00,False
2026-10-06 01:00:00,,,,,,,,,Maharashtra,Mumbai,19.076,72.8777,State Representative,2026-09-30T12:29:29.417243+00:00,False
2026-10-06 02:00:00,,,,,,,,,Maharashtra,Mumbai,19.076,72.8777,State Representative,2026-09-30T12:29:29.417243+00:00,False
2026-10-06 03:00:00,,,,,,,,,Maharashtra,Mumbai,19.076,72.8777,State Representative,2026-09-30T12:29:29.417243+00:00,False
2026-10-06 04:00:00,,,,,,,,,Maharashtra,Mumbai,19.076,72.8777,State Representative,2026-09-30T12:29:29.417243+00:00,False
2026-10-06 05:00:00,,,,,,,,,Maharashtra,Mumbai,19.076,72.8777,State Representative,2026-09-30T12:29:29.417243+00:00,False
2026-10-06 06:00:00,,,,,,,,,Maharashtra,Mumbai,19.076,72.8777,State Representative,2026-09-30T12:29:29.417243+00:00,False
2026-10-06 07:00:00,,,,,,,,,Maharashtra,Mumbai,19.076,72.8777,State Representative,2026-09-30T12:29:29.417243+00:00,False
2026-10-06 08:00:00,,,,,,,,,Maharashtra,Mumbai,19.076,72.8777,State Representative,2026-09-30T12:29:29.417243+00:00,False
2026-10-06 09:00:00,,,,,,,,,Maharashtra,Mumbai,19.076,72.8777,State Representative,2026-09-30T12:29:29.417243+00:00,False
2026-10-06 10:00:00,,,,,,,,,Maharashtra,Mumbai,19.076,72.8777,State Representative,2026-09-30T12:29:29.417243+00:00,False
2026-10-06 11:00:00,,,,,,,,,Maharashtra,Mumbai,19.076,72.8777,State Representative,2026-09-30T12:29:29.417243+00:00,False
2026-10-06 12:00:00,,,,,,,,,Maharashtra,Mumbai,19.076,72.8777,State Representative,2026-09-30T12:29:29.417243+00:00,False
2026-10-06 13:00:00,,,,,,,,,Maharashtra,Mumbai,19.076,72.8777,State Representative,2026-09-30T12:29:29.417243+00:00,False
2026-10-06 14:00:00,,,,,,,,,Maharashtra,Mumbai,19.076,72.8777,State Representative,2026-09-30T12:29:29.417243+00:00,False
2026-10-06 15:00:00,,,,,,,,,Maharashtra,Mumbai,19.076,72.8777,State Representative,2026-09-30T12:29:29.417243+00:00,False
2026-10-06 16:00:00,,,,,,,,,Maharashtra,Mumbai,19.076,72.8777,State Representative,2026-09-30T12:29:29.417243+00:00,False
2026-10-06 17:00:00,,,,,,,,,Maharashtra,Mumbai,19.076,72.8777,State Representative,2026-09-30T12:29:29.417243+00:00,False
2026-10-06 18:00:00,,,,,,,,,Maharashtra,Mumbai,19.076,72.8777,State Representative,2026-09-30T12:29:29.417243+00:00,False
2026-10-06 19:00:00,,,,,,,,,Maharashtra,Mumbai,19.076,72.8777,State Representative,2026-09-30T12:29:29.417243+00:00,False
2026-10-06 20:00:00,,,,,,,,,Maharashtra,Mumbai,19.076,72.8777,State Representative,2026-09-30T12:29:29.417243+00:00,False
2026-10-06 21:00:00,,,,,,,,,Maharashtra,Mumbai,19.076,72.8777,State Representative,2026-09-30T12:29:29.417243+00:00,False
2026-10-06 22:00:00,,,,,,,,,Maharashtra,Mumbai,19.076,72.8777,State Representative,2026-09-30T12:29:29.417243+00:00,False
2026-10-06 23:00:00,,,,,,,,,Maharashtra,Mumbai,19.076,72.8777,State Representative,2026-09-30T12:29:29.417243+00:00,False
2026-09-30 00:00:00,7.2,7.3,376.0,10.2,2.1,23.0,62.0,24.0,Manipur,Imphal,24.817,93.9368,State Representative,2026-09-30T12:29:30.091553+00:00,True
2026-09-30 01:00:00,6.5,6.5,336.0,7.0,1.9,28.0,60.0,23.0,Manipur,Imphal,24.817,93.9368,State Representative,2026-09-30T12:29:30.091553+00:00,True
2026-09-30 02:00:00,4.7,4.8,304.0,4.8,1.8,32.0,57.0,19.0,Manipur,Imphal,24.817,93.9368,State Representative,2026-09-30T12:29:30.091553+00:00,True
2026-09-30 03:00:00,4.5,4.5,292.0,4.7,1.9,31.0,55.0,18.0,Manipur,Imphal,24.817,93.9368,State Representative,2026-09-30T12:29:30.091553+00:00,True
2026-09-30 04:00:00,4.2,4.3,288.0,5.6,2.2,28.0,52.0,17.0,Manipur,Imphal,24.817,93.9368,State Representative,2026-09-30T12:29:30.091553+00:00,True
2026-09-30 05:00:00,3.9,4.0,282.0,7.3,2.3,26.0,50.0,16.0,Manipur,Imphal,24.817,93.9368,State Representative,2026-09-30T12:29:30.091553+00:00,True
2026-09-30 06:00:00,3.4,3.5,270.0,6.3,2.2,35.0,47.0,14.0,Manipur,Imphal,24.817,93.9368,State Representative,2026-09-30T12:29:30.091553+00:00,True
2026-09-30 07:00:00,3.2,3.2,257.0,4.8,2.0,47.0,43.0,16.0,Manipur,Imphal,24.817,93.9368,State Representative,2026-09-30T12:29:30.091553+00:00,True
2026-09-30 08:00:00,3.5,3.6,242.0,3.5,1.8,57.0,41.0,19.0,Manipur,Imphal,24.817,93.9368,State Representative,2026-09-30T12:29:30.091553+00:00,True
2026-09-30 09:00:00,2.3,2.4,223.0,2.5,1.5,62.0,40.0,21.0,Manipur,Imphal,24.817,93.9368,State Representative,2026-09-30T12:29:30.091553+00:00,True
2026-09-30 10:00:00,1.7,1.7,202.0,1.7,1.1,65.0,39.0,23.0,Manipur,Imphal,24.817,93.9368,State Representative,2026-09-30T12:29:30.091553+00:00,True
2026-09-30 11:00:00,1.4,1.5,189.0,1.2,0.8,66.0,37.0,23.0,Manipur,Imphal,24.817,93.9368,State Representative,2026-09-30T12:29:30.091553+00:00,True
2026-09-30 12:00:00,1.4,1.4,186.0,1.0,0.8,67.0,36.0,24.0,Manipur,Imphal,24.817,93.9368,State Representative,2026-09-30T12:29:30.091553+00:00,True
2026-09-30 13:00:00,1.8,1.8,190.0,1.2,0.9,67.0,35.0,24.0,Manipur,Imphal,24.817,93.9368,State Representative,2026-09-30T12:29:30.091553+00:00,True
2026-09-30 14:00:00,2.2,2.2,203.0,2.1,1.0,65.0,34.0,23.0,Manipur,Imphal,24.817,93.9368,State Representative,2026-09-30T12:29:30.091553+00:00,True
2026-09-30 15:00:00,2.9,2.9,226.0,4.2,1.1,60.0,33.0,20.0,Manipur,Imphal,24.817,93.9368,State Representative,2026-09-30T12:29:30.091553+00:00,True
2026-09-30 16:00:00,3.6,3.6,258.0,7.0,1.2,53.0,32.0,18.0,Manipur,Imphal,24.817,93.9368,State Representative,2026-09-30T12:29:30.091553+00:00,True
2026-09-30 17:00:00,4.6,4.6,297.0,9.2,1.4,47.0,31.0,18.0,Manipur,Imphal,24.817,93.9368,State Representative,2026-09-30T12:29:30.091553+00:00,True
2026-09-30 18:00:00,6.4,6.5,354.0,10.3,1.7,43.0,31.0,23.0,Manipur,Imphal,24.817,93.9368,State Representative,2026-09-30T12:29:30.091553+00:00,True
2026-09-30 19:00:00,7.0,7.1,417.0,10.8,2.0,39.0,30.0,24.0,Manipur,Imphal,24.817,93.9368,State Representative,2026-09-30T12:29:30.091553+00:00,True
2026-09-30 20:00:00,7.2,7.3,452.0,10.9,2.2,37.0,29.0,24.0,Manipur,Imphal,24.817,93.9368,State Representative,2026-09-30T12:29:30.091553+00:00,True
2026-09-30 21:00:00,7.6,7.7,436.0,10.5,2.2,36.0,28.0,25.0,Manipur,Imphal,24.817,93.9368,State Representative,2026-09-30T12:29:30.091553+00:00,True
2026-09-30 22:00:00,6.5,6.6,390.0,9.6,2.0,37.0,26.0,23.0,Manipur,Imphal,24.817,93.9368,State Representative,2026-09-30T12:29:30.091553+00:00,True
2026-09-30 23:00:00,5.8,6.0,345.0,8.6,1.8,38.0,25.0,22.0,Manipur,Imphal,24.817,93.9368,State Representative,2026-09-30T12:29:30.091553+00:00,True
2026-10-01 00:00:00,5.0,5.1,305.0,7.3,1.6,39.0,24.0,20.0,Manipur,Imphal,24.817,93.9368,State Representative,2026-09-30T12:29:30.091553+00:00,True
2026-10-01 01:00:00,4.1,4.2,266.0,5.9,1.4,40.0,23.0,16.0,Manipur,Imphal,24.817,93.9368,State Representative,2026-09-30T12:29:30.091553+00:00,True
2026-10-01 02:00:00,3.4,3.4,241.0,5.0,1.3,41.0,23.0,14.0,Manipur,Imphal,24.817,93.9368,State Representative,2026-09-30T12:29:30.091553+00:00,True
2026-10-01 03:00:00,2.7,2.8,242.0,5.1,1.4,39.0,23.0,13.0,Manipur,Imphal,24.817,93.9368,State Representative,2026-09-30T12:29:30.091553+00:00,True
2026-10-01 04:00:00,2.9,3.0,258.0,5.8,1.6,37.0,22.0,12.0,Manipur,Imphal,24.817,93.9368,State Representative,2026-09-30T12:29:30.091553+00:00,True
2026-10-01 05:00:00,3.5,3.6,269.0,6.2,1.8,38.0,22.0,14.0,Manipur,Imphal,24.817,93.9368,State Representative,2026-09-30T12:29:30.091553+00:00,True
2026-10-01 06:00:00,4.0,4.1,267.0,6.0,1.9,44.0,22.0,16.0,Manipur,Imphal,24.817,93.9368,State Representative,2026-09-30T12:29:30.091553+00:00,True
2026-10-01 07:00:00,4.2,4.3,261.0,5.6,2.0,53.0,22.0,18.0,Manipur,Imphal,24.817,93.9368,State Representative,2026-09-30T12:29:30.091553+00:00,True
2026-10-01 08:00:00,4.8,5.0,256.0,5.0,2.0,64.0,22.0,22.0,Manipur,Imphal,24.817,93.9368,State Representative,2026-09-30T12:29:30.091553+00:00,True
2026-10-01 09:00:00,5.5,5.5,253.0,4.0,1.9,77.0,22.0,29.0,Manipur,Imphal,24.817,93.9368,State Representative,2026-09-30T12:29:30.091553+00:00,True
2026-10-01 10:00:00,5.7,5.8,252.0,2.7,1.8,92.0,23.0,36.0,Manipur,Imphal,24.817,93.9368,State Representative,2026-09-30T12:29:30.091553+00:00,True
2026-10-01 11:00:00,5.0,5.0,254.0,1.9,1.7,101.0,26.0,41.0,Manipur,Imphal,24.817,93.9368,State Representative,2026-09-30T12:29:30.091553+00:00,True
2026-10-01 12:00:00,5.1,5.2,256.0,1.6,1.6,103.0,29.0,43.0,Manipur,Imphal,24.817,93.9368,State Representative,2026-09-30T12:29:30.091553+00:00,True
2026-10-01 13:00:00,5.2,5.2,261.0,1.8,1.6,100.0,33.0,40.0,Manipur,Imphal,24.817,93.9368,State Representative,2026-09-30T12:29:30.091553+00:00,True
2026-10-01 14:00:00,5.1,5.2,280.0,2.9,1.6,94.0,37.0,37.0,Manipur,Imphal,24.817,93.9368,State Representative,2026-09-30T12:29:30.091553+00:00,True
2026-10-01 15:00:00,5.4,5.5,321.0,5.3,1.8,86.0,40.0,33.0,Manipur,Imphal,24.817,93.9368,State Representative,2026-09-30T12:29:30.091553+00:00,True
2026-10-01 16:00:00,6.0,6.0,375.0,8.6,2.1,75.0,42.0,28.0,Manipur,Imphal,24.817,93.9368,State Representative,2026-09-30T12:29:30.091553+00:00,True
2026-10-01 17:00:00,8.5,8.6,427.0,11.6,2.5,64.0,42.0,27.0,Manipur,Imphal,24.817,93.9368,State Representative,2026-09-30T12:29:30.091553+00:00,True
2026-10-01 18:00:00,10.9,11.0,476.0,14.4,3.1,54.0,41.0,32.0,Manipur,Imphal,24.817,93.9368,State Representative,2026-09-30T12:29:30.091553+00:00,True
2026-10-01 19:00:00,14.2,14.3,524.0,16.9,3.8,44.0,39.0,38.0,Manipur,Imphal,24.817,93.9368,State Representative,2026-09-30T12:29:30.091553+00:00,True
2026-10-01 20:00:00,17.2,17.5,556.0,18.2,4.2,38.0,36.0,41.0,Manipur,Imphal,24.817,93.9368,State Representative,2026-09-30T12:29:30.091553+00:00,True
2026-10-01 21:00:00,19.7,20.0,567.0,17.5,4.1,36.0,34.0,43.0,Manipur,Imphal,24.817,93.9368,State Representative,2026-09-30T12:29:30.091553+00:00,True
2026-10-01 22:00:00,20.5,20.8,562.0,15.6,3.7,38.0,37.0,43.0,Manipur,Imphal,24.817,93.9368,State Representative,2026-09-30T12:29:30.091553+00:00,True
2026-10-01 23:00:00,19.8,20.0,547.0,13.4,3.4,41.0,40.0,43.0,Manipur,Imphal,24.817,93.9368,State Representative,2026-09-30T12:29:30.091553+00:00,True
2026-10-02 00:00:00,19.6,19.8,521.0,11.0,3.3,46.0,44.0,43.0,Manipur,Imphal,24.817,93.9368,State Representative,2026-09-30T12:29:30.091553+00:00,True
2026-10-02 01:00:00,18.9,19.2,485.0,8.3,3.3,52.0,47.0,42.0,Manipur,Imphal,24.817,93.9368,State Representative,2026-09-30T12:29:30.091553+00:00,True
2026-10-02 02:00:00,18.3,18.7,447.0,6.3,3.4,57.0,50.0,42.0,Manipur,Imphal,24.817,93.9368,State Representative,2026-09-30T12:29:30.091553+00:00,True
2026-10-02 03:00:00,16.3,16.6,407.0,5.7,3.5,57.0,51.0,41.0,Manipur,Imphal,24.817,93.9368,State Representative,2026-09-30T12:29:30.091553+00:00,True
2026-10-02 04:00:00,15.0,15.2,364.0,5.8,3.7,56.0,52.0,40.0,Manipur,Imphal,24.817,93.9368,State Representative,2026-09-30T12:29:30.091553+00:00,True
2026-10-02 05:00:00,14.4,14.6,332.0,5.6,3.8,60.0,53.0,39.0,Manipur,Imphal,24.817,93.9368,State Representative,2026-09-30T12:29:30.091553+00:00,True
2026-10-02 06:00:00,11.2,11.5,316.0,4.6,3.9,75.0,54.0,32.0,Manipur,Imphal,24.817,93.9368,State Representative,2026-09-30T12:29:30.091553+00:00,True
2026-10-02 07:00:00,8.7,8.9,310.0,3.3,4.0,94.0,55.0,37.0,Manipur,Imphal,24.817,93.9368,State Representative,2026-09-30T12:29:30.091553+00:00,True
2026-10-02 08:00:00,6.5,6.7,304.0,2.2,4.1,110.0,55.0,50.0,Manipur,Imphal,24.817,93.9368,State Representative,2026-09-30T12:29:30.091553+00:00,True
2026-10-02 09:00:00,5.4,5.7,293.0,1.6,4.0,118.0,55.0,58.0,Manipur,Imphal,24.817,93.9368,State Representative,2026-09-30T12:29:30.091553+00:00,True
2026-10-02 10:00:00,5.2,5.7,281.0,1.2,3.9,122.0,55.0,61.0,Manipur,Imphal,24.817,93.9368,State Representative,2026-09-30T12:29:30.091553+00:00,True
2026-10-02 11:00:00,5.8,6.3,273.0,1.0,3.8,123.0,55.0,62.0,Manipur,Imphal,24.817,93.9368,State Representative,2026-09-30T12:29:30.091553+00:00,True
2026-10-02 12:00:00,6.4,6.9,266.0,0.8,3.8,122.0,55.0,61.0,Manipur,Imphal,24.817,93.9368,State Representative,2026-09-30T12:29:30.091553+00:00,True
2026-10-02 13:00:00,6.6,7.1,264.0,0.7,3.8,119.0,55.0,59.0,Manipur,Imphal,24.817,93.9368,State Representative,2026-09-30T12:29:30.091553+00:00,True
2026-10-02 14:00:00,7.7,8.1,277.0,1.6,3.9,113.0,55.0,53.0,Manipur,Imphal,24.817,93.9368,State Representative,2026-09-30T12:29:30.091553+00:00,True
2026-10-02 15:00:00,8.5,9.0,314.0,3.9,4.1,106.0,62.0,46.0,Manipur,Imphal,24.817,93.9368,State Representative,2026-09-30T12:29:30.091553+00:00,True
2026-10-02 16:00:00,10.0,10.5,367.0,7.1,4.5,96.0,65.0,38.0,Manipur,Imphal,24.817,93.9368,State Representative,2026-09-30T12:29:30.091553+00:00,True
2026-10-02 17:00:00,13.3,13.9,426.0,10.5,4.8,85.0,62.0,37.0,Manipur,Imphal,24.817,93.9368,State Representative,2026-09-30T12:29:30.091553+00:00,True
2026-10-02 18:00:00,17.9,18.5,497.0,14.5,5.2,69.0,57.0,42.0,Manipur,Imphal,24.817,93.9368,State Representative,2026-09-30T12:29:30.091553+00:00,True
2026-10-02 19:00:00,22.2,22.8,575.0,18.7,5.5,51.0,57.0,44.0,Manipur,Imphal,24.817,93.9368,State Representative,2026-09-30T12:29:30.091553+00:00,True
2026-10-02 20:00:00,26.8,27.3,629.0,21.3,5.6,38.0,58.0,47.0,Manipur,Imphal,24.817,93.9368,State Representative,2026-09-30T12:29:30.091553+00:00,True
2026-10-02 21:00:00,30.9,31.3,646.0,21.4,5.0,32.0,59.0,49.0,Manipur,Imphal,24.817,93.9368,State Representative,2026-09-30T12:29:30.091553+00:00,True
2026-10-02 22:00:00,31.3,31.9,640.0,19.8,4.2,31.0,59.0,49.0,Manipur,Imphal,24.817,93.9368,State Representative,2026-09-30T12:29:30.091553+00:00,True
2026-10-02 23:00:00,30.7,31.3,621.0,17.5,3.6,33.0,60.0,49.0,Manipur,Imphal,24.817,93.9368,State Representative,2026-09-30T12:29:30.091553+00:00,True
2026-10-03 00:00:00,27.3,27.9,585.0,14.2,3.6,39.0,61.0,47.0,Manipur,Imphal,24.817,93.9368,State Representative,2026-09-30T12:29:30.091553+00:00,True
2026-10-03 01:00:00,24.4,25.1,536.0,10.1,3.8,48.0,62.0,45.0,Manipur,Imphal,24.817,93.9368,State Representative,2026-09-30T12:29:30.091553+00:00,True
2026-10-03 02:00:00,22.2,22.8,495.0,7.0,4.1,56.0,62.0,44.0,Manipur,Imphal,24.817,93.9368,State Representative,2026-09-30T12:29:30.091553+00:00,True
2026-10-03 03:00:00,20.2,20.8,472.0,5.9,4.3,58.0,62.0,43.0,Manipur,Imphal,24.817,93.9368,State Representative,2026-09-30T12:29:30.091553+00:00,True
2026-10-03 04:00:00,19.6,20.3,457.0,5.9,4.6,59.0,63.0,43.0,Manipur,Imphal,24.817,93.9368,State Representative,2026-09-30T12:29:30.091553+00:00,True
2026-10-03 05:00:00,19.0,19.7,439.0,5.6,4.8,66.0,63.0,42.0,Manipur,Imphal,24.817,93.9368,State Representative,2026-09-30T12:29:30.091553+00:00,True
2026-10-03 06:00:00,17.1,18.0,416.0,4.4,4.9,84.0,64.0,41.0,Manipur,Imphal,24.817,93.9368,State Representative,2026-09-30T12:29:30.091553+00:00,True
2026-10-03 07:00:00,12.7,13.6,390.0,3.0,5.0,108.0,64.0,48.0,Manipur,Imphal,24.817,93.9368,State Representative,2026-09-30T12:29:30.091553+00:00,True
2026-10-03 08:00:00,9.7,10.4,363.0,1.9,5.0,126.0,64.0,63.0,Manipur,Imphal,24.817,93.9368,State Representative,2026-09-30T12:29:30.091553+00:00,True
2026-10-03 09:00:00,7.6,8.1,330.0,1.3,5.0,133.0,65.0,67.0,Manipur,Imphal,24.817,93.9368,State Representative,2026-09-30T12:29:30.091553+00:00,True
2026-10-03 10:00:00,6.7,7.1,295.0,1.0,5.1,134.0,65.0,67.0,Manipur,Imphal,24.817,93.9368,State Representative,2026-09-30T12:29:30.091553+00:00,True
2026-10-03 11:00:00,6.7,7.1,268.0,0.9,5.1,133.0,65.0,67.0,Manipur,Imphal,24.817,93.9368,State Representative,2026-09-30T12:29:30.091553+00:00,True
2026-10-03 12:00:00,7.2,7.7,250.0,0.5,5.2,132.0,65.0,66.0,Manipur,Imphal,24.817,93.9368,State Representative,2026-09-30T12:29:30.091553+00:00,True
2026-10-03 13:00:00,8.2,8.8,240.0,0.3,5.2,129.0,65.0,65.0,Manipur,Imphal,24.817,93.9368,State Representative,2026-09-30T12:29:30.091553+00:00,True
2026-10-03 14:00:00,9.8,10.6,250.0,1.2,5.3,123.0,75.0,62.0,Manipur,Imphal,24.817,93.9368,State Representative,2026-09-30T12:29:30.091553+00:00,True
2026-10-03 15:00:00,12.3,13.6,283.0,3.7,5.3,112.0,83.0,52.0,Manipur,Imphal,24.817,93.9368,State Representative,2026-09-30T12:29:30.091553+00:00,True
2026-10-03 16:00:00,14.9,16.3,336.0,7.3,5.3,97.0,84.0,40.0,Manipur,Imphal,24.817,93.9368,State Representative,2026-09-30T12:29:30.091553+00:00,True
2026-10-03 17:00:00,18.6,20.0,406.0,11.4,5.5,82.0,78.0,42.0,Manipur,Imphal,24.817,93.9368,State Representative,2026-09-30T12:29:30.091553+00:00,True
2026-10-03 18:00:00,23.9,25.3,512.0,16.8,6.1,66.0,67.0,45.0,Manipur,Imphal,24.817,93.9368,State Representative,2026-09-30T12:29:30.091553+00:00,True
2026-10-03 19:00:00,29.6,31.1,635.0,22.7,6.8,50.0,67.0,48.0,Manipur,Imphal,24.817,93.9368,State Representative,2026-09-30T12:29:30.091553+00:00,True
2026-10-03 20:00:00,34.6,36.0,715.0,26.5,6.9,37.0,67.0,51.0,Manipur,Imphal,24.817,93.9368,State Representative,2026-09-30T12:29:30.091553+00:00,True
2026-10-03 21:00:00,40.0,41.2,719.0,27.0,6.0,29.0,68.0,54.0,Manipur,Imphal,24.817,93.9368,State Representative,2026-09-30T12:29:30.091553+00:00,True
2026-10-03 22:00:00,41.7,42.8,681.0,25.5,4.5,25.0,69.0,55.0,Manipur,Imphal,24.817,93.9368,State Representative,2026-09-30T12:29:30.091553+00:00,True
2026-10-03 23:00:00,39.5,40.4,639.0,22.8,3.4,25.0,70.0,54.0,Manipur,Imphal,24.817,93.9368,State Representative,2026-09-30T12:29:30.091553+00:00,True
2026-10-04 00:00:00,36.3,37.3,602.0,18.5,3.2,31.0,70.0,52.0,Manipur,Imphal,24.817,93.9368,State Representative,2026-09-30T12:29:30.091553+00:00,True
2026-10-04 01:00:00,32.4,33.3,562.0,13.0,3.4,41.0,71.0,50.0,Manipur,Imphal,24.817,93.9368,State Representative,2026-09-30T12:29:30.091553+00:00,True
2026-10-04 02:00:00,27.8,28.8,534.0,9.0,3.6,48.0,72.0,47.0,Manipur,Imphal,24.817,93.9368,State Representative,2026-09-30T12:29:30.091553+00:00,True
2026-10-04 03:00:00,25.4,26.4,530.0,7.8,3.5,45.0,72.0,46.0,Manipur,Imphal,24.817,93.9368,State Representative,2026-09-30T12:29:30.091553+00:00,True
2026-10-04 04:00:00,23.9,24.8,538.0,8.1,3.3,40.0,72.0,45.0,Manipur,Imphal,24.817,93.9368,State Representative,2026-09-30T12:29:30.091553+00:00,True
2026-10-04 05:00:00,23.1,24.1,532.3,7.8,3.5,44.0,73.0,45.0,Manipur,Imphal,24.817,93.9368,State Representative,2026-09-30T12:29:30.091553+00:00,True
2026-10-04 06:00:00,22.8,24.0,503.0,5.9,4.2,67.0,73.0,44.0,Manipur,Imphal,24.817,93.9368,State Representative,2026-09-30T12:29:30.091553+00:00,True
2026-10-04 07:00:00,19.8,22.0,448.0,3.5,5.3,100.0,74.0,43.0,Manipur,Imphal,24.817,93.9368,State Representative,2026-09-30T12:29:30.091553+00:00,True
2026-10-04 08:00:00,17.6,20.5,382.0,1.7,6.1,126.0,74.0,63.0,Manipur,Imphal,24.817,93.9368,State Representative,2026-09-30T12:29:30.091553+00:00,True
2026-10-04 09:00:00,16.1,19.2,370.0,1.0,6.5,138.0,75.0,69.0,Manipur,Imphal,24.817,93.9368,State Representative,2026-09-30T12:29:30.091553+00:00,True
2026-10-04 10:00:00,16.0,19.2,370.0,0.8,6.8,142.0,75.0,71.0,Manipur,Imphal,24.817,93.9368,State Representative,2026-09-30T12:29:30.091553+00:00,True
2026-10-04 11:00:00,15.5,18.5,371.0,0.8,6.9,143.0,76.0,72.0,Manipur,Imphal,24.817,93.9368,State Representative,2026-09-30T12:29:30.091553+00:00,True
2026-10-04 12:00:00,15.4,18.2,365.0,0.4,6.9,143.0,77.0,72.0,Manipur,Imphal,24.817,93.9368,State Representative,2026-09-30T12:29:30.091553+00:00,True
2026-10-04 13:00:00,15.4,18.2,360.0,0.0,6.7,139.0,77.0,70.0,Manipur,Imphal,24.817,93.9368,State Representative,2026-09-30T12:29:30.091553+00:00,True
2026-10-04 14:00:00,15.9,18.9,368.0,1.0,6.6,131.0,79.0,66.0,Manipur,Imphal,24.817,93.9368,State Representative,2026-09-30T12:29:30.091553+00:00,True
2026-10-04 15:00:00,16.5,19.6,394.0,4.0,6.5,115.0,92.0,55.0,Manipur,Imphal,24.817,93.9368,State Representative,2026-09-30T12:29:30.091553+00:00,True
2026-10-04 16:00:00,18.9,21.7,433.0,8.4,6.4,95.0,96.0,42.0,Manipur,Imphal,24.817,93.9368,State Representative,2026-09-30T12:29:30.091553+00:00,True
2026-10-04 17:00:00,24.0,26.7,484.0,12.7,6.6,77.0,89.0,45.0,Manipur,Imphal,24.817,93.9368,State Representative,2026-09-30T12:29:30.091553+00:00,True
2026-10-04 18:00:00,29.8,32.6,554.0,17.0,7.5,64.0,80.0,48.0,Manipur,Imphal,24.817,93.9368,State Representative,2026-09-30T12:29:30.091553+00:00,True
2026-10-04 19:00:00,35.9,38.9,635.0,21.3,8.8,54.0,80.0,52.0,Manipur,Imphal,24.817,93.9368,State Representative,2026-09-30T12:29:30.091553+00:00,True
2026-10-04 20:00:00,41.3,44.6,703.0,24.7,9.7,46.0,81.0,55.0,Manipur,Imphal,24.817,93.9368,State Representative,2026-09-30T12:29:30.091553+00:00,True
2026-10-04 21:00:00,46.3,49.8,748.0,27.2,9.9,41.0,81.0,58.0,Manipur,Imphal,24.817,93.9368,State Representative,2026-09-30T12:29:30.091553+00:00,True
2026-10-04 22:00:00,49.5,53.2,779.0,28.9,9.7,38.0,82.0,60.0,Manipur,Imphal,24.817,93.9368,State Representative,2026-09-30T12:29:30.091553+00:00,True
2026-10-04 23:00:00,54.0,58.0,797.0,29.0,8.9,35.0,82.0,62.0,Manipur,Imphal,24.817,93.9368,State Representative,2026-09-30T12:29:30.091553+00:00,True
2026-10-05 00:00:00,57.2,61.0,802.0,26.9,6.9,30.0,83.0,64.0,Manipur,Imphal,24.817,93.9368,State Representative,2026-09-30T12:29:30.091553+00:00,True
2026-10-05 01:00:00,61.2,65.0,794.0,23.4,4.3,24.0,85.0,66.0,Manipur,Imphal,24.817,93.9368,State Representative,2026-09-30T12:29:30.091553+00:00,True
2026-10-05 02:00:00,60.8,63.6,778.0,19.8,2.5,21.0,87.0,65.0,Manipur,Imphal,24.817,93.9368,State Representative,2026-09-30T12:29:30.091553+00:00,True
2026-10-05 03:00:00,56.9,58.9,749.0,16.4,2.4,24.0,90.0,63.0,Manipur,Imphal,24.817,93.9368,State Representative,2026-09-30T12:29:30.091553+00:00,True
2026-10-05 04:00:00,50.8,53.3,713.0,13.1,3.1,29.0,92.0,60.0,Manipur,Imphal,24.817,93.9368,State Representative,2026-09-30T12:29:30.091553+00:00,True
2026-10-05 05:00:00,48.8,51.2,686.0,10.7,3.7,33.0,94.0,59.0,Manipur,Imphal,24.817,93.9368,State Representative,2026-09-30T12:29:30.091553+00:00,True
2026-10-05 06:00:00,,,,,,,96.0,,Manipur,Imphal,24.817,93.9368,State Representative,2026-09-30T12:29:30.091553+00:00,False
2026-10-05 07:00:00,,,,,,,,,Manipur,Imphal,24.817,93.9368,State Representative,2026-09-30T12:29:30.091553+00:00,False
2026-10-05 08:00:00,,,,,,,,,Manipur,Imphal,24.817,93.9368,State Representative,2026-09-30T12:29:30.091553+00:00,False
2026-10-05 09:00:00,,,,,,,,,Manipur,Imphal,24.817,93.9368,State Representative,2026-09-30T12:29:30.091553+00:00,False
2026-10-05 10:00:00,,,,,,,,,Manipur,Imphal,24.817,93.9368,State Representative,2026-09-30T12:29:30.091553+00:00,False
2026-10-05 11:00:00,,,,,,,,,Manipur,Imphal,24.817,93.9368,State Representative,2026-09-30T12:29:30.091553+00:00,False
2026-10-05 12:00:00,,,,,,,,,Manipur,Imphal,24.817,93.9368,State Representative,2026-09-30T12:29:30.091553+00:00,False
2026-10-05 13:00:00,,,,,,,,,Manipur,Imphal,24.817,93.9368,State Representative,2026-09-30T12:29:30.091553+00:00,False
2026-10-05 14:00:00,,,,,,,,,Manipur,Imphal,24.817,93.9368,State Representative,2026-09-30T12:29:30.091553+00:00,False
2026-10-05 15:00:00,,,,,,,,,Manipur,Imphal,24.817,93.9368,State Representative,2026-09-30T12:29:30.091553+00:00,False
2026-10-05 16:00:00,,,,,,,,,Manipur,Imphal,24.817,93.9368,State Representative,2026-09-30T12:29:30.091553+00:00,False
2026-10-05 17:00:00,,,,,,,,,Manipur,Imphal,24.817,93.9368,State Representative,2026-09-30T12:29:30.091553+00:00,False
2026-10-05 18:00:00,,,,,,,,,Manipur,Imphal,24.817,93.9368,State Representative,2026-09-30T12:29:30.091553+00:00,False
2026-10-05 19:00:00,,,,,,,,,Manipur,Imphal,24.817,93.9368,State Representative,2026-09-30T12:29:30.091553+00:00,False
2026-10-05 20:00:00,,,,,,,,,Manipur,Imphal,24.817,93.9368,State Representative,2026-09-30T12:29:30.091553+00:00,False
2026-10-05 21:00:00,,,,,,,,,Manipur,Imphal,24.817,93.9368,State Representative,2026-09-30T12:29:30.091553+00:00,False
2026-10-05 22:00:00,,,,,,,,,Manipur,Imphal,24.817,93.9368,State Representative,2026-09-30T12:29:30.091553+00:00,False
2026-10-05 23:00:00,,,,,,,,,Manipur,Imphal,24.817,93.9368,State Representative,2026-09-30T12:29:30.091553+00:00,False
2026-10-06 00:00:00,,,,,,,,,Manipur,Imphal,24.817,93.9368,State Representative,2026-09-30T12:29:30.091553+00:00,False
2026-10-06 01:00:00,,,,,,,,,Manipur,Imphal,24.817,93.9368,State Representative,2026-09-30T12:29:30.091553+00:00,False
2026-10-06 02:00:00,,,,,,,,,Manipur,Imphal,24.817,93.9368,State Representative,2026-09-30T12:29:30.091553+00:00,False
2026-10-06 03:00:00,,,,,,,,,Manipur,Imphal,24.817,93.9368,State Representative,2026-09-30T12:29:30.091553+00:00,False
2026-10-06 04:00:00,,,,,,,,,Manipur,Imphal,24.817,93.9368,State Representative,2026-09-30T12:29:30.091553+00:00,False
2026-10-06 05:00:00,,,,,,,,,Manipur,Imphal,24.817,93.9368,State Representative,2026-09-30T12:29:30.091553+00:00,False
2026-10-06 06:00:00,,,,,,,,,Manipur,Imphal,24.817,93.9368,State Representative,2026-09-30T12:29:30.091553+00:00,False
2026-10-06 07:00:00,,,,,,,,,Manipur,Imphal,24.817,93.9368,State Representative,2026-09-30T12:29:30.091553+00:00,False
2026-10-06 08:00:00,,,,,,,,,Manipur,Imphal,24.817,93.9368,State Representative,2026-09-30T12:29:30.091553+00:00,False
2026-10-06 09:00:00,,,,,,,,,Manipur,Imphal,24.817,93.9368,State Representative,2026-09-30T12:29:30.091553+00:00,False
2026-10-06 10:00:00,,,,,,,,,Manipur,Imphal,24.817,93.9368,State Representative,2026-09-30T12:29:30.091553+00:00,False
2026-10-06 11:00:00,,,,,,,,,Manipur,Imphal,24.817,93.9368,State Representative,2026-09-30T12:29:30.091553+00:00,False
2026-10-06 12:00:00,,,,,,,,,Manipur,Imphal,24.817,93.9368,State Representative,2026-09-30T12:29:30.091553+00:00,False
2026-10-06 13:00:00,,,,,,,,,Manipur,Imphal,24.817,93.9368,State Representative,2026-09-30T12:29:30.091553+00:00,False
2026-10-06 14:00:00,,,,,,,,,Manipur,Imphal,24.817,93.9368,State Representative,2026-09-30T12:29:30.091553+00:00,False
2026-10-06 15:00:00,,,,,,,,,Manipur,Imphal,24.817,93.9368,State Representative,2026-09-30T12:29:30.091553+00:00,False
2026-10-06 16:00:00,,,,,,,,,Manipur,Imphal,24.817,93.9368,State Representative,2026-09-30T12:29:30.091553+00:00,False
2026-10-06 17:00:00,,,,,,,,,Manipur,Imphal,24.817,93.9368,State Representative,2026-09-30T12:29:30.091553+00:00,False
2026-10-06 18:00:00,,,,,,,,,Manipur,Imphal,24.817,93.9368,State Representative,2026-09-30T12:29:30.091553+00:00,False
2026-10-06 19:00:00,,,,,,,,,Manipur,Imphal,24.817,93.9368,State Representative,2026-09-30T12:29:30.091553+00:00,False
2026-10-06 20:00:00,,,,,,,,,Manipur,Imphal,24.817,93.9368,State Representative,2026-09-30T12:29:30.091553+00:00,False
2026-10-06 21:00:00,,,,,,,,,Manipur,Imphal,24.817,93.9368,State Representative,2026-09-30T12:29:30.091553+00:00,False
2026-10-06 22:00:00,,,,,,,,,Manipur,Imphal,24.817,93.9368,State Representative,2026-09-30T12:29:30.091553+00:00,False
2026-10-06 23:00:00,,,,,,,,,Manipur,Imphal,24.817,93.9368,State Representative,2026-09-30T12:29:30.091553+00:00,False
2026-09-30 00:00:00,9.6,9.9,360.0,5.5,1.6,59.0,66.0,29.0,Meghalaya,Shillong,25.5788,91.8933,State Representative,2026-09-30T12:29:30.760880+00:00,True
2026-09-30 01:00:00,9.2,9.6,345.0,4.9,1.5,56.0,65.0,28.0,Meghalaya,Shillong,25.5788,91.8933,State Representative,2026-09-30T12:29:30.760880+00:00,True
2026-09-30 02:00:00,9.9,10.3,333.0,4.6,1.4,54.0,64.0,30.0,Meghalaya,Shillong,25.5788,91.8933,State Representative,2026-09-30T12:29:30.760880+00:00,True
2026-09-30 03:00:00,9.6,10.1,323.0,4.9,1.4,51.0,63.0,29.0,Meghalaya,Shillong,25.5788,91.8933,State Representative,2026-09-30T12:29:30.760880+00:00,True
2026-09-30 04:00:00,9.8,10.3,315.0,5.5,1.4,48.0,63.0,30.0,Meghalaya,Shillong,25.5788,91.8933,State Representative,2026-09-30T12:29:30.760880+00:00,True
2026-09-30 05:00:00,6.9,7.1,302.0,4.7,2.2,66.0,62.0,24.0,Meghalaya,Shillong,25.5788,91.8933,State Representative,2026-09-30T12:29:30.760880+00:00,True
2026-09-30 06:00:00,9.1,9.7,279.0,3.9,2.4,79.0,61.0,30.0,Meghalaya,Shillong,25.5788,91.8933,State Representative,2026-09-30T12:29:30.760880+00:00,True
2026-09-30 07:00:00,11.6,12.7,251.0,2.8,2.7,96.0,61.0,38.0,Meghalaya,Shillong,25.5788,91.8933,State Representative,2026-09-30T12:29:30.760880+00:00,True
2026-09-30 08:00:00,13.1,14.3,230.0,1.9,2.9,110.0,61.0,50.0,Meghalaya,Shillong,25.5788,91.8933,State Representative,2026-09-30T12:29:30.760880+00:00,True
2026-09-30 09:00:00,12.7,13.8,221.0,1.3,2.7,116.0,60.0,56.0,Meghalaya,Shillong,25.5788,91.8933,State Representative,2026-09-30T12:29:30.760880+00:00,True
2026-09-30 10:00:00,12.0,13.0,219.0,0.9,2.4,117.0,60.0,57.0,Meghalaya,Shillong,25.5788,91.8933,State Representative,2026-09-30T12:29:30.760880+00:00,True
2026-09-30 11:00:00,11.6,12.5,221.0,0.8,2.2,117.0,60.0,57.0,Meghalaya,Shillong,25.5788,91.8933,State Representative,2026-09-30T12:29:30.760880+00:00,True
2026-09-30 12:00:00,12.1,13.0,221.0,1.0,2.3,117.0,60.0,57.0,Meghalaya,Shillong,25.5788,91.8933,State Representative,2026-09-30T12:29:30.760880+00:00,True
2026-09-30 13:00:00,13.2,13.9,225.0,1.5,2.6,115.0,59.0,55.0,Meghalaya,Shillong,25.5788,91.8933,State Representative,2026-09-30T12:29:30.760880+00:00,True
2026-09-30 14:00:00,14.3,15.0,244.0,2.7,2.8,111.0,59.0,51.0,Meghalaya,Shillong,25.5788,91.8933,State Representative,2026-09-30T12:29:30.760880+00:00,True
2026-09-30 15:00:00,14.6,15.4,290.0,5.0,2.9,102.0,59.0,42.0,Meghalaya,Shillong,25.5788,91.8933,State Representative,2026-09-30T12:29:30.760880+00:00,True
2026-09-30 16:00:00,15.9,16.6,352.0,8.0,3.0,91.0,59.0,41.0,Meghalaya,Shillong,25.5788,91.8933,State Representative,2026-09-30T12:29:30.760880+00:00,True
2026-09-30 17:00:00,17.7,18.2,407.0,10.4,3.0,79.0,59.0,42.0,Meghalaya,Shillong,25.5788,91.8933,State Representative,2026-09-30T12:29:30.760880+00:00,True
2026-09-30 18:00:00,17.3,17.8,454.0,11.7,3.0,67.0,58.0,41.0,Meghalaya,Shillong,25.5788,91.8933,State Representative,2026-09-30T12:29:30.760880+00:00,True
2026-09-30 19:00:00,18.3,18.7,494.0,12.4,3.0,56.0,58.0,42.0,Meghalaya,Shillong,25.5788,91.8933,State Representative,2026-09-30T12:29:30.760880+00:00,True
2026-09-30 20:00:00,19.1,19.4,513.0,12.5,3.0,48.0,58.0,42.0,Meghalaya,Shillong,25.5788,91.8933,State Representative,2026-09-30T12:29:30.760880+00:00,True
2026-09-30 21:00:00,19.5,19.8,498.0,11.8,3.0,46.0,58.0,43.0,Meghalaya,Shillong,25.5788,91.8933,State Representative,2026-09-30T12:29:30.760880+00:00,True
2026-09-30 22:00:00,18.6,19.0,461.0,10.6,3.0,48.0,58.0,42.0,Meghalaya,Shillong,25.5788,91.8933,State Representative,2026-09-30T12:29:30.760880+00:00,True
2026-09-30 23:00:00,18.9,19.3,422.0,9.2,3.0,52.0,58.0,42.0,Meghalaya,Shillong,25.5788,91.8933,State Representative,2026-09-30T12:29:30.760880+00:00,True
2026-10-01 00:00:00,18.2,18.6,381.0,7.7,3.1,57.0,59.0,42.0,Meghalaya,Shillong,25.5788,91.8933,State Representative,2026-09-30T12:29:30.760880+00:00,True
2026-10-01 01:00:00,17.1,17.6,337.0,6.2,3.2,64.0,59.0,41.0,Meghalaya,Shillong,25.5788,91.8933,State Representative,2026-09-30T12:29:30.760880+00:00,True
2026-10-01 02:00:00,15.0,15.5,308.0,5.2,3.2,68.0,60.0,40.0,Meghalaya,Shillong,25.5788,91.8933,State Representative,2026-09-30T12:29:30.760880+00:00,True
2026-10-01 03:00:00,14.2,14.7,305.0,5.5,3.1,64.0,60.0,38.0,Meghalaya,Shillong,25.5788,91.8933,State Representative,2026-09-30T12:29:30.760880+00:00,True
2026-10-01 04:00:00,11.9,12.3,316.0,6.4,2.9,57.0,61.0,34.0,Meghalaya,Shillong,25.5788,91.8933,State Representative,2026-09-30T12:29:30.760880+00:00,True
2026-10-01 05:00:00,12.5,12.9,321.0,6.6,2.8,59.0,61.0,35.0,Meghalaya,Shillong,25.5788,91.8933,State Representative,2026-09-30T12:29:30.760880+00:00,True
2026-10-01 06:00:00,13.3,13.8,310.0,5.3,2.8,77.0,61.0,37.0,Meghalaya,Shillong,25.5788,91.8933,State Representative,2026-09-30T12:29:30.760880+00:00,True
2026-10-01 07:00:00,14.0,14.7,294.0,3.2,2.7,104.0,62.0,44.0,Meghalaya,Shillong,25.5788,91.8933,State Representative,2026-09-30T12:29:30.760880+00:00,True
2026-10-01 08:00:00,15.2,16.1,281.0,1.7,2.7,124.0,62.0,62.0,Meghalaya,Shillong,25.5788,91.8933,State Representative,2026-09-30T12:29:30.760880+00:00,True
2026-10-01 09:00:00,16.5,17.6,276.0,1.2,2.6,131.0,62.0,66.0,Meghalaya,Shillong,25.5788,91.8933,State Representative,2026-09-30T12:29:30.760880+00:00,True
2026-10-01 10:00:00,16.4,17.4,276.0,1.1,2.4,133.0,62.0,67.0,Meghalaya,Shillong,25.5788,91.8933,State Representative,2026-09-30T12:29:30.760880+00:00,True
2026-10-01 11:00:00,15.8,16.8,276.0,1.2,2.4,132.0,63.0,66.0,Meghalaya,Shillong,25.5788,91.8933,State Representative,2026-09-30T12:29:30.760880+00:00,True
2026-10-01 12:00:00,14.7,15.5,271.0,1.3,2.5,131.0,63.0,66.0,Meghalaya,Shillong,25.5788,91.8933,State Representative,2026-09-30T12:29:30.760880+00:00,True
2026-10-01 13:00:00,13.5,14.2,266.0,1.6,2.8,128.0,63.0,64.0,Meghalaya,Shillong,25.5788,91.8933,State Representative,2026-09-30T12:29:30.760880+00:00,True
2026-10-01 14:00:00,13.1,13.8,278.0,2.2,3.0,124.0,71.0,62.0,Meghalaya,Shillong,25.5788,91.8933,State Representative,2026-09-30T12:29:30.760880+00:00,True
2026-10-01 15:00:00,11.8,12.3,321.0,3.3,3.1,118.0,81.0,58.0,Meghalaya,Shillong,25.5788,91.8933,State Representative,2026-09-30T12:29:30.760880+00:00,True
2026-10-01 16:00:00,10.7,11.1,380.0,4.6,3.1,111.0,84.0,51.0,Meghalaya,Shillong,25.5788,91.8933,State Representative,2026-09-30T12:29:30.760880+00:00,True
2026-10-01 17:00:00,8.5,8.7,430.0,5.8,3.2,104.0,81.0,44.0,Meghalaya,Shillong,25.5788,91.8933,State Representative,2026-09-30T12:29:30.760880+00:00,True
2026-10-01 18:00:00,7.7,7.9,470.0,6.7,3.5,95.0,75.0,38.0,Meghalaya,Shillong,25.5788,91.8933,State Representative,2026-09-30T12:29:30.760880+00:00,True
2026-10-01 19:00:00,8.5,8.6,501.0,7.3,3.9,86.0,67.0,33.0,Meghalaya,Shillong,25.5788,91.8933,State Representative,2026-09-30T12:29:30.760880+00:00,True
2026-10-01 20:00:00,9.7,9.9,501.0,7.5,4.2,80.0,60.0,30.0,Meghalaya,Shillong,25.5788,91.8933,State Representative,2026-09-30T12:29:30.760880+00:00,True
2026-10-01 21:00:00,10.5,10.7,448.0,7.0,4.4,81.0,59.0,31.0,Meghalaya,Shillong,25.5788,91.8933,State Representative,2026-09-30T12:29:30.760880+00:00,True
2026-10-01 22:00:00,10.1,10.3,364.0,6.0,4.6,86.0,59.0,33.0,Meghalaya,Shillong,25.5788,91.8933,State Representative,2026-09-30T12:29:30.760880+00:00,True
2026-10-01 23:00:00,8.4,8.6,298.0,5.1,4.7,89.0,58.0,35.0,Meghalaya,Shillong,25.5788,91.8933,State Representative,2026-09-30T12:29:30.760880+00:00,True
2026-10-02 00:00:00,7.3,7.6,268.0,4.5,4.7,89.0,57.0,35.0,Meghalaya,Shillong,25.5788,91.8933,State Representative,2026-09-30T12:29:30.760880+00:00,True
2026-10-02 01:00:00,7.2,7.6,255.0,4.1,4.6,87.0,56.0,34.0,Meghalaya,Shillong,25.5788,91.8933,State Representative,2026-09-30T12:29:30.760880+00:00,True
2026-10-02 02:00:00,7.5,7.8,252.0,4.0,4.5,84.0,56.0,32.0,Meghalaya,Shillong,25.5788,91.8933,State Representative,2026-09-30T12:29:30.760880+00:00,True
2026-10-02 03:00:00,7.7,8.1,261.0,4.4,4.4,79.0,55.0,30.0,Meghalaya,Shillong,25.5788,91.8933,State Representative,2026-09-30T12:29:30.760880+00:00,True
2026-10-02 04:00:00,7.7,8.1,280.0,5.1,4.3,73.0,54.0,27.0,Meghalaya,Shillong,25.5788,91.8933,State Representative,2026-09-30T12:29:30.760880+00:00,True
2026-10-02 05:00:00,8.8,9.3,292.0,5.3,4.3,74.0,54.0,28.0,Meghalaya,Shillong,25.5788,91.8933,State Representative,2026-09-30T12:29:30.760880+00:00,True
2026-10-02 06:00:00,10.4,11.0,290.0,4.6,4.5,89.0,54.0,35.0,Meghalaya,Shillong,25.5788,91.8933,State Representative,2026-09-30T12:29:30.760880+00:00,True
2026-10-02 07:00:00,11.7,12.6,282.0,3.4,4.8,111.0,54.0,51.0,Meghalaya,Shillong,25.5788,91.8933,State Representative,2026-09-30T12:29:30.760880+00:00,True
2026-10-02 08:00:00,14.6,16.1,273.0,2.4,5.1,128.0,53.0,64.0,Meghalaya,Shillong,25.5788,91.8933,State Representative,2026-09-30T12:29:30.760880+00:00,True
2026-10-02 09:00:00,16.6,18.6,263.0,1.8,5.2,136.0,53.0,68.0,Meghalaya,Shillong,25.5788,91.8933,State Representative,2026-09-30T12:29:30.760880+00:00,True
2026-10-02 10:00:00,17.6,19.7,253.0,1.4,5.2,140.0,53.0,70.0,Meghalaya,Shillong,25.5788,91.8933,State Representative,2026-09-30T12:29:30.760880+00:00,True
2026-10-02 11:00:00,18.1,20.1,246.0,1.1,5.2,142.0,53.0,71.0,Meghalaya,Shillong,25.5788,91.8933,State Representative,2026-09-30T12:29:30.760880+00:00,True
2026-10-02 12:00:00,18.1,20.0,239.0,0.8,5.3,144.0,57.0,72.0,Meghalaya,Shillong,25.5788,91.8933,State Representative,2026-09-30T12:29:30.760880+00:00,True
2026-10-02 13:00:00,17.5,19.4,236.0,0.7,5.4,144.0,72.0,72.0,Meghalaya,Shillong,25.5788,91.8933,State Representative,2026-09-30T12:29:30.760880+00:00,True
2026-10-02 14:00:00,17.8,19.6,252.0,1.4,5.4,139.0,86.0,70.0,Meghalaya,Shillong,25.5788,91.8933,State Representative,2026-09-30T12:29:30.760880+00:00,True
2026-10-02 15:00:00,18.3,19.8,301.0,3.5,5.3,126.0,97.0,63.0,Meghalaya,Shillong,25.5788,91.8933,State Representative,2026-09-30T12:29:30.760880+00:00,True
2026-10-02 16:00:00,19.4,20.6,370.0,6.4,5.0,108.0,100.0,48.0,Meghalaya,Shillong,25.5788,91.8933,State Representative,2026-09-30T12:29:30.760880+00:00,True
2026-10-02 17:00:00,19.0,19.8,434.0,8.6,4.9,92.0,96.0,42.0,Meghalaya,Shillong,25.5788,91.8933,State Representative,2026-09-30T12:29:30.760880+00:00,True
2026-10-02 18:00:00,21.6,22.4,496.0,9.7,4.9,81.0,87.0,44.0,Meghalaya,Shillong,25.5788,91.8933,State Representative,2026-09-30T12:29:30.760880+00:00,True
2026-10-02 19:00:00,22.6,23.3,553.0,10.2,5.1,73.0,74.0,44.0,Meghalaya,Shillong,25.5788,91.8933,State Representative,2026-09-30T12:29:30.760880+00:00,True
2026-10-02 20:00:00,22.6,23.2,569.0,10.2,5.2,69.0,59.0,44.0,Meghalaya,Shillong,25.5788,91.8933,State Representative,2026-09-30T12:29:30.760880+00:00,True
2026-10-02 21:00:00,23.1,23.7,511.0,9.6,5.4,70.0,60.0,45.0,Meghalaya,Shillong,25.5788,91.8933,State Representative,2026-09-30T12:29:30.760880+00:00,True
2026-10-02 22:00:00,22.3,23.1,413.0,8.6,5.5,76.0,61.0,44.0,Meghalaya,Shillong,25.5788,91.8933,State Representative,2026-09-30T12:29:30.760880+00:00,True
2026-10-02 23:00:00,18.7,19.4,340.0,7.6,5.7,80.0,62.0,42.0,Meghalaya,Shillong,25.5788,91.8933,State Representative,2026-09-30T12:29:30.760880+00:00,True
2026-10-03 00:00:00,14.3,15.0,320.0,6.9,5.7,81.0,63.0,39.0,Meghalaya,Shillong,25.5788,91.8933,State Representative,2026-09-30T12:29:30.760880+00:00,True
2026-10-03 01:00:00,13.2,13.7,325.0,6.3,5.8,82.0,63.0,36.0,Meghalaya,Shillong,25.5788,91.8933,State Representative,2026-09-30T12:29:30.760880+00:00,True
2026-10-03 02:00:00,10.5,11.1,336.0,5.7,5.9,85.0,64.0,33.0,Meghalaya,Shillong,25.5788,91.8933,State Representative,2026-09-30T12:29:30.760880+00:00,True
2026-10-03 03:00:00,10.2,10.9,349.0,5.0,6.3,92.0,64.0,36.0,Meghalaya,Shillong,25.5788,91.8933,State Representative,2026-09-30T12:29:30.760880+00:00,True
2026-10-03 04:00:00,9.3,9.9,368.0,4.3,6.8,101.0,64.0,41.0,Meghalaya,Shillong,25.5788,91.8933,State Representative,2026-09-30T12:29:30.760880+00:00,True
2026-10-03 05:00:00,8.9,9.5,380.0,3.6,7.3,111.0,64.0,51.0,Meghalaya,Shillong,25.5788,91.8933,State Representative,2026-09-30T12:29:30.760880+00:00,True
2026-10-03 06:00:00,9.6,10.3,380.0,3.0,7.9,123.0,64.0,62.0,Meghalaya,Shillong,25.5788,91.8933,State Representative,2026-09-30T12:29:30.760880+00:00,True
2026-10-03 07:00:00,11.9,13.3,374.0,2.4,8.5,137.0,64.0,69.0,Meghalaya,Shillong,25.5788,91.8933,State Representative,2026-09-30T12:29:30.760880+00:00,True
2026-10-03 08:00:00,14.6,16.6,363.0,1.9,8.9,147.0,64.0,74.0,Meghalaya,Shillong,25.5788,91.8933,State Representative,2026-09-30T12:29:30.760880+00:00,True
2026-10-03 09:00:00,15.9,18.3,346.0,1.5,8.9,151.0,64.0,76.0,Meghalaya,Shillong,25.5788,91.8933,State Representative,2026-09-30T12:29:30.760880+00:00,True
2026-10-03 10:00:00,17.3,20.1,326.0,1.2,8.6,152.0,68.0,76.0,Meghalaya,Shillong,25.5788,91.8933,State Representative,2026-09-30T12:29:30.760880+00:00,True
2026-10-03 11:00:00,18.4,21.8,310.0,1.0,8.3,152.0,82.0,76.0,Meghalaya,Shillong,25.5788,91.8933,State Representative,2026-09-30T12:29:30.760880+00:00,True
2026-10-03 12:00:00,19.4,23.5,298.0,0.7,8.0,152.0,95.0,76.0,Meghalaya,Shillong,25.5788,91.8933,State Representative,2026-09-30T12:29:30.760880+00:00,True
2026-10-03 13:00:00,20.2,24.7,290.0,0.6,7.7,151.0,106.0,76.0,Meghalaya,Shillong,25.5788,91.8933,State Representative,2026-09-30T12:29:30.760880+00:00,True
2026-10-03 14:00:00,20.8,25.6,301.0,1.3,7.4,145.0,114.0,73.0,Meghalaya,Shillong,25.5788,91.8933,State Representative,2026-09-30T12:29:30.760880+00:00,True
2026-10-03 15:00:00,21.8,26.8,346.0,3.6,7.0,130.0,119.0,65.0,Meghalaya,Shillong,25.5788,91.8933,State Representative,2026-09-30T12:29:30.760880+00:00,True
2026-10-03 16:00:00,23.9,28.3,409.0,6.9,6.4,109.0,118.0,49.0,Meghalaya,Shillong,25.5788,91.8933,State Representative,2026-09-30T12:29:30.760880+00:00,True
2026-10-03 17:00:00,27.0,30.5,453.0,9.6,6.0,91.0,109.0,47.0,Meghalaya,Shillong,25.5788,91.8933,State Representative,2026-09-30T12:29:30.760880+00:00,True
2026-10-03 18:00:00,28.8,31.7,463.0,11.5,5.6,77.0,97.0,48.0,Meghalaya,Shillong,25.5788,91.8933,State Representative,2026-09-30T12:29:30.760880+00:00,True
2026-10-03 19:00:00,30.0,32.2,454.0,12.8,5.3,65.0,81.0,49.0,Meghalaya,Shillong,25.5788,91.8933,State Representative,2026-09-30T12:29:30.760880+00:00,True
2026-10-03 20:00:00,31.4,33.6,434.0,13.4,5.1,57.0,67.0,49.0,Meghalaya,Shillong,25.5788,91.8933,State Representative,2026-09-30T12:29:30.760880+00:00,True
2026-10-03 21:00:00,32.9,35.2,397.0,12.7,5.0,56.0,68.0,50.0,Meghalaya,Shillong,25.5788,91.8933,State Representative,2026-09-30T12:29:30.760880+00:00,True
2026-10-03 22:00:00,33.6,36.1,350.0,11.3,4.9,58.0,68.0,51.0,Meghalaya,Shillong,25.5788,91.8933,State Representative,2026-09-30T12:29:30.760880+00:00,True
2026-10-03 23:00:00,33.9,36.8,315.0,9.8,4.9,61.0,69.0,51.0,Meghalaya,Shillong,25.5788,91.8933,State Representative,2026-09-30T12:29:30.760880+00:00,True
2026-10-04 00:00:00,33.8,37.0,303.0,8.6,4.8,62.0,71.0,51.0,Meghalaya,Shillong,25.5788,91.8933,State Representative,2026-09-30T12:29:30.760880+00:00,True
2026-10-04 01:00:00,33.9,37.5,303.0,7.3,4.8,63.0,72.0,51.0,Meghalaya,Shillong,25.5788,91.8933,State Representative,2026-09-30T12:29:30.760880+00:00,True
2026-10-04 02:00:00,33.4,37.6,311.0,6.4,4.8,64.0,74.0,51.0,Meghalaya,Shillong,25.5788,91.8933,State Representative,2026-09-30T12:29:30.760880+00:00,True
2026-10-04 03:00:00,32.7,37.4,333.0,6.1,4.8,62.0,76.0,50.0,Meghalaya,Shillong,25.5788,91.8933,State Representative,2026-09-30T12:29:30.760880+00:00,True
2026-10-04 04:00:00,32.1,36.8,362.0,6.0,4.8,61.0,77.0,50.0,Meghalaya,Shillong,25.5788,91.8933,State Representative,2026-09-30T12:29:30.760880+00:00,True
2026-10-04 05:00:00,32.2,37.4,386.8,5.6,5.1,67.0,79.0,50.0,Meghalaya,Shillong,25.5788,91.8933,State Representative,2026-09-30T12:29:30.760880+00:00,True
2026-10-04 06:00:00,31.0,38.0,389.5,4.3,6.2,88.0,81.0,49.0,Meghalaya,Shillong,25.5788,91.8933,State Representative,2026-09-30T12:29:30.760880+00:00,True
2026-10-04 07:00:00,31.4,41.1,375.3,2.7,7.5,117.0,83.0,57.0,Meghalaya,Shillong,25.5788,91.8933,State Representative,2026-09-30T12:29:30.760880+00:00,True
2026-10-04 08:00:00,31.4,42.0,356.0,1.4,8.5,139.0,84.0,70.0,Meghalaya,Shillong,25.5788,91.8933,State Representative,2026-09-30T12:29:30.760880+00:00,True
2026-10-04 09:00:00,31.9,42.6,350.0,0.9,8.6,146.0,85.0,73.0,Meghalaya,Shillong,25.5788,91.8933,State Representative,2026-09-30T12:29:30.760880+00:00,True
2026-10-04 10:00:00,31.0,41.3,350.0,0.9,8.2,144.0,87.0,72.0,Meghalaya,Shillong,25.5788,91.8933,State Representative,2026-09-30T12:29:30.760880+00:00,True
2026-10-04 11:00:00,30.5,40.0,351.0,0.9,7.9,143.0,88.0,72.0,Meghalaya,Shillong,25.5788,91.8933,State Representative,2026-09-30T12:29:30.760880+00:00,True
2026-10-04 12:00:00,30.5,39.3,350.0,0.6,7.7,146.0,89.0,73.0,Meghalaya,Shillong,25.5788,91.8933,State Representative,2026-09-30T12:29:30.760880+00:00,True
2026-10-04 13:00:00,29.9,38.3,349.0,0.5,7.6,148.0,90.0,74.0,Meghalaya,Shillong,25.5788,91.8933,State Representative,2026-09-30T12:29:30.760880+00:00,True
2026-10-04 14:00:00,29.7,37.8,355.0,1.1,7.3,143.0,94.0,72.0,Meghalaya,Shillong,25.5788,91.8933,State Representative,2026-09-30T12:29:30.760880+00:00,True
2026-10-04 15:00:00,29.9,37.5,371.0,3.2,6.7,126.0,106.0,63.0,Meghalaya,Shillong,25.5788,91.8933,State Representative,2026-09-30T12:29:30.760880+00:00,True
2026-10-04 16:00:00,27.4,33.2,393.0,6.2,6.0,102.0,108.0,47.0,Meghalaya,Shillong,25.5788,91.8933,State Representative,2026-09-30T12:29:30.760880+00:00,True
2026-10-04 17:00:00,26.7,30.5,416.0,8.8,5.4,81.0,100.0,47.0,Meghalaya,Shillong,25.5788,91.8933,State Representative,2026-09-30T12:29:30.760880+00:00,True
2026-10-04 18:00:00,27.0,29.9,442.0,10.7,5.0,65.0,92.0,47.0,Meghalaya,Shillong,25.5788,91.8933,State Representative,2026-09-30T12:29:30.760880+00:00,True
2026-10-04 19:00:00,28.7,31.5,470.0,12.2,4.7,51.0,92.0,48.0,Meghalaya,Shillong,25.5788,91.8933,State Representative,2026-09-30T12:29:30.760880+00:00,True
2026-10-04 20:00:00,31.0,34.1,488.0,13.0,4.6,43.0,92.0,49.0,Meghalaya,Shillong,25.5788,91.8933,State Representative,2026-09-30T12:29:30.760880+00:00,True
2026-10-04 21:00:00,32.9,36.9,492.0,12.8,4.6,43.0,92.0,50.0,Meghalaya,Shillong,25.5788,91.8933,State Representative,2026-09-30T12:29:30.760880+00:00,True
2026-10-04 22:00:00,34.0,38.3,486.0,11.9,4.8,48.0,92.0,51.0,Meghalaya,Shillong,25.5788,91.8933,State Representative,2026-09-30T12:29:30.760880+00:00,True
2026-10-04 23:00:00,31.0,35.3,477.0,10.8,4.9,52.0,92.0,49.0,Meghalaya,Shillong,25.5788,91.8933,State Representative,2026-09-30T12:29:30.760880+00:00,True
2026-10-05 00:00:00,29.0,33.3,465.0,9.5,4.8,53.0,92.0,48.0,Meghalaya,Shillong,25.5788,91.8933,State Representative,2026-09-30T12:29:30.760880+00:00,True
2026-10-05 01:00:00,28.2,32.4,450.0,8.1,4.7,53.0,91.0,48.0,Meghalaya,Shillong,25.5788,91.8933,State Representative,2026-09-30T12:29:30.760880+00:00,True
2026-10-05 02:00:00,28.0,32.0,436.0,6.9,4.6,54.0,91.0,47.0,Meghalaya,Shillong,25.5788,91.8933,State Representative,2026-09-30T12:29:30.760880+00:00,True
2026-10-05 03:00:00,27.8,31.9,426.0,6.3,4.7,56.0,90.0,47.0,Meghalaya,Shillong,25.5788,91.8933,State Representative,2026-09-30T12:29:30.760880+00:00,True
2026-10-05 04:00:00,27.2,31.3,418.0,6.0,4.8,58.0,90.0,47.0,Meghalaya,Shillong,25.5788,91.8933,State Representative,2026-09-30T12:29:30.760880+00:00,True
2026-10-05 05:00:00,28.2,32.8,412.0,5.8,4.9,60.0,89.0,48.0,Meghalaya,Shillong,25.5788,91.8933,State Representative,2026-09-30T12:29:30.760880+00:00,True
2026-10-05 06:00:00,,,,,,,89.0,,Meghalaya,Shillong,25.5788,91.8933,State Representative,2026-09-30T12:29:30.760880+00:00,False
2026-10-05 07:00:00,,,,,,,,,Meghalaya,Shillong,25.5788,91.8933,State Representative,2026-09-30T12:29:30.760880+00:00,False
2026-10-05 08:00:00,,,,,,,,,Meghalaya,Shillong,25.5788,91.8933,State Representative,2026-09-30T12:29:30.760880+00:00,False
2026-10-05 09:00:00,,,,,,,,,Meghalaya,Shillong,25.5788,91.8933,State Representative,2026-09-30T12:29:30.760880+00:00,False
2026-10-05 10:00:00,,,,,,,,,Meghalaya,Shillong,25.5788,91.8933,State Representative,2026-09-30T12:29:30.760880+00:00,False
2026-10-05 11:00:00,,,,,,,,,Meghalaya,Shillong,25.5788,91.8933,State Representative,2026-09-30T12:29:30.760880+00:00,False
2026-10-05 12:00:00,,,,,,,,,Meghalaya,Shillong,25.5788,91.8933,State Representative,2026-09-30T12:29:30.760880+00:00,False
2026-10-05 13:00:00,,,,,,,,,Meghalaya,Shillong,25.5788,91.8933,State Representative,2026-09-30T12:29:30.760880+00:00,False
2026-10-05 14:00:00,,,,,,,,,Meghalaya,Shillong,25.5788,91.8933,State Representative,2026-09-30T12:29:30.760880+00:00,False
2026-10-05 15:00:00,,,,,,,,,Meghalaya,Shillong,25.5788,91.8933,State Representative,2026-09-30T12:29:30.760880+00:00,False
2026-10-05 16:00:00,,,,,,,,,Meghalaya,Shillong,25.5788,91.8933,State Representative,2026-09-30T12:29:30.760880+00:00,False
2026-10-05 17:00:00,,,,,,,,,Meghalaya,Shillong,25.5788,91.8933,State Representative,2026-09-30T12:29:30.760880+00:00,False
2026-10-05 18:00:00,,,,,,,,,Meghalaya,Shillong,25.5788,91.8933,State Representative,2026-09-30T12:29:30.760880+00:00,False
2026-10-05 19:00:00,,,,,,,,,Meghalaya,Shillong,25.5788,91.8933,State Representative,2026-09-30T12:29:30.760880+00:00,False
2026-10-05 20:00:00,,,,,,,,,Meghalaya,Shillong,25.5788,91.8933,State Representative,2026-09-30T12:29:30.760880+00:00,False
2026-10-05 21:00:00,,,,,,,,,Meghalaya,Shillong,25.5788,91.8933,State Representative,2026-09-30T12:29:30.760880+00:00,False
2026-10-05 22:00:00,,,,,,,,,Meghalaya,Shillong,25.5788,91.8933,State Representative,2026-09-30T12:29:30.760880+00:00,False
2026-10-05 23:00:00,,,,,,,,,Meghalaya,Shillong,25.5788,91.8933,State Representative,2026-09-30T12:29:30.760880+00:00,False
2026-10-06 00:00:00,,,,,,,,,Meghalaya,Shillong,25.5788,91.8933,State Representative,2026-09-30T12:29:30.760880+00:00,False
2026-10-06 01:00:00,,,,,,,,,Meghalaya,Shillong,25.5788,91.8933,State Representative,2026-09-30T12:29:30.760880+00:00,False
2026-10-06 02:00:00,,,,,,,,,Meghalaya,Shillong,25.5788,91.8933,State Representative,2026-09-30T12:29:30.760880+00:00,False
2026-10-06 03:00:00,,,,,,,,,Meghalaya,Shillong,25.5788,91.8933,State Representative,2026-09-30T12:29:30.760880+00:00,False
2026-10-06 04:00:00,,,,,,,,,Meghalaya,Shillong,25.5788,91.8933,State Representative,2026-09-30T12:29:30.760880+00:00,False
2026-10-06 05:00:00,,,,,,,,,Meghalaya,Shillong,25.5788,91.8933,State Representative,2026-09-30T12:29:30.760880+00:00,False
2026-10-06 06:00:00,,,,,,,,,Meghalaya,Shillong,25.5788,91.8933,State Representative,2026-09-30T12:29:30.760880+00:00,False
2026-10-06 07:00:00,,,,,,,,,Meghalaya,Shillong,25.5788,91.8933,State Representative,2026-09-30T12:29:30.760880+00:00,False
2026-10-06 08:00:00,,,,,,,,,Meghalaya,Shillong,25.5788,91.8933,State Representative,2026-09-30T12:29:30.760880+00:00,False
2026-10-06 09:00:00,,,,,,,,,Meghalaya,Shillong,25.5788,91.8933,State Representative,2026-09-30T12:29:30.760880+00:00,False
2026-10-06 10:00:00,,,,,,,,,Meghalaya,Shillong,25.5788,91.8933,State Representative,2026-09-30T12:29:30.760880+00:00,False
2026-10-06 11:00:00,,,,,,,,,Meghalaya,Shillong,25.5788,91.8933,State Representative,2026-09-30T12:29:30.760880+00:00,False
2026-10-06 12:00:00,,,,,,,,,Meghalaya,Shillong,25.5788,91.8933,State Representative,2026-09-30T12:29:30.760880+00:00,False
2026-10-06 13:00:00,,,,,,,,,Meghalaya,Shillong,25.5788,91.8933,State Representative,2026-09-30T12:29:30.760880+00:00,False
2026-10-06 14:00:00,,,,,,,,,Meghalaya,Shillong,25.5788,91.8933,State Representative,2026-09-30T12:29:30.760880+00:00,False
2026-10-06 15:00:00,,,,,,,,,Meghalaya,Shillong,25.5788,91.8933,State Representative,2026-09-30T12:29:30.760880+00:00,False
2026-10-06 16:00:00,,,,,,,,,Meghalaya,Shillong,25.5788,91.8933,State Representative,2026-09-30T12:29:30.760880+00:00,False
2026-10-06 17:00:00,,,,,,,,,Meghalaya,Shillong,25.5788,91.8933,State Representative,2026-09-30T12:29:30.760880+00:00,False
2026-10-06 18:00:00,,,,,,,,,Meghalaya,Shillong,25.5788,91.8933,State Representative,2026-09-30T12:29:30.760880+00:00,False
2026-10-06 19:00:00,,,,,,,,,Meghalaya,Shillong,25.5788,91.8933,State Representative,2026-09-30T12:29:30.760880+00:00,False
2026-10-06 20:00:00,,,,,,,,,Meghalaya,Shillong,25.5788,91.8933,State Representative,2026-09-30T12:29:30.760880+00:00,False
2026-10-06 21:00:00,,,,,,,,,Meghalaya,Shillong,25.5788,91.8933,State Representative,2026-09-30T12:29:30.760880+00:00,False
2026-10-06 22:00:00,,,,,,,,,Meghalaya,Shillong,25.5788,91.8933,State Representative,2026-09-30T12:29:30.760880+00:00,False
2026-10-06 23:00:00,,,,,,,,,Meghalaya,Shillong,25.5788,91.8933,State Representative,2026-09-30T12:29:30.760880+00:00,False
2026-09-30 00:00:00,5.0,5.2,191.0,2.7,0.6,58.0,62.0,20.0,Mizoram,Aizawl,23.7271,92.7176,State Representative,2026-09-30T12:29:31.421236+00:00,True
2026-09-30 01:00:00,2.5,2.5,195.0,2.0,0.6,60.0,60.0,20.0,Mizoram,Aizawl,23.7271,92.7176,State Representative,2026-09-30T12:29:31.421236+00:00,True
2026-09-30 02:00:00,1.9,2.0,197.0,1.8,0.6,59.0,59.0,20.0,Mizoram,Aizawl,23.7271,92.7176,State Representative,2026-09-30T12:29:31.421236+00:00,True
2026-09-30 03:00:00,2.5,2.6,195.0,2.3,0.6,52.0,57.0,17.0,Mizoram,Aizawl,23.7271,92.7176,State Representative,2026-09-30T12:29:31.421236+00:00,True
2026-09-30 04:00:00,3.4,3.5,190.0,3.2,0.7,44.0,55.0,15.0,Mizoram,Aizawl,23.7271,92.7176,State Representative,2026-09-30T12:29:31.421236+00:00,True
2026-09-30 05:00:00,2.2,2.2,187.0,2.7,0.6,55.0,53.0,18.0,Mizoram,Aizawl,23.7271,92.7176,State Representative,2026-09-30T12:29:31.421236+00:00,True
2026-09-30 06:00:00,3.9,4.0,186.0,2.6,0.8,62.0,51.0,21.0,Mizoram,Aizawl,23.7271,92.7176,State Representative,2026-09-30T12:29:31.421236+00:00,True
2026-09-30 07:00:00,7.0,7.2,186.0,2.4,1.1,71.0,49.0,26.0,Mizoram,Aizawl,23.7271,92.7176,State Representative,2026-09-30T12:29:31.421236+00:00,True
2026-09-30 08:00:00,8.3,8.6,185.0,2.2,1.3,79.0,46.0,30.0,Mizoram,Aizawl,23.7271,92.7176,State Representative,2026-09-30T12:29:31.421236+00:00,True
2026-09-30 09:00:00,9.4,9.8,181.0,1.7,1.5,85.0,44.0,33.0,Mizoram,Aizawl,23.7271,92.7176,State Representative,2026-09-30T12:29:31.421236+00:00,True
2026-09-30 10:00:00,8.9,9.3,176.0,1.2,1.6,89.0,43.0,35.0,Mizoram,Aizawl,23.7271,92.7176,State Representative,2026-09-30T12:29:31.421236+00:00,True
2026-09-30 11:00:00,8.2,8.6,174.0,1.0,1.6,90.0,42.0,35.0,Mizoram,Aizawl,23.7271,92.7176,State Representative,2026-09-30T12:29:31.421236+00:00,True
2026-09-30 12:00:00,8.0,8.4,178.0,1.2,1.5,86.0,41.0,33.0,Mizoram,Aizawl,23.7271,92.7176,State Representative,2026-09-30T12:29:31.421236+00:00,True
2026-09-30 13:00:00,8.5,8.8,185.0,1.8,1.3,80.0,40.0,30.0,Mizoram,Aizawl,23.7271,92.7176,State Representative,2026-09-30T12:29:31.421236+00:00,True
2026-09-30 14:00:00,8.4,8.7,195.0,2.6,1.1,73.0,40.0,27.0,Mizoram,Aizawl,23.7271,92.7176,State Representative,2026-09-30T12:29:31.421236+00:00,True
2026-09-30 15:00:00,4.9,5.0,208.0,3.9,1.0,66.0,39.0,23.0,Mizoram,Aizawl,23.7271,92.7176,State Representative,2026-09-30T12:29:31.421236+00:00,True
2026-09-30 16:00:00,5.1,5.2,222.0,5.5,0.9,59.0,38.0,20.0,Mizoram,Aizawl,23.7271,92.7176,State Representative,2026-09-30T12:29:31.421236+00:00,True
2026-09-30 17:00:00,3.4,3.5,235.0,6.4,0.9,55.0,36.0,18.0,Mizoram,Aizawl,23.7271,92.7176,State Representative,2026-09-30T12:29:31.421236+00:00,True
2026-09-30 18:00:00,2.4,2.4,246.0,6.1,0.9,56.0,35.0,19.0,Mizoram,Aizawl,23.7271,92.7176,State Representative,2026-09-30T12:29:31.421236+00:00,True
2026-09-30 19:00:00,3.6,3.7,255.0,5.2,1.0,61.0,33.0,21.0,Mizoram,Aizawl,23.7271,92.7176,State Representative,2026-09-30T12:29:31.421236+00:00,True
2026-09-30 20:00:00,3.0,3.1,259.0,4.4,1.0,64.0,31.0,22.0,Mizoram,Aizawl,23.7271,92.7176,State Representative,2026-09-30T12:29:31.421236+00:00,True
2026-09-30 21:00:00,2.9,3.0,255.0,4.1,1.0,63.0,30.0,22.0,Mizoram,Aizawl,23.7271,92.7176,State Representative,2026-09-30T12:29:31.421236+00:00,True
2026-09-30 22:00:00,3.0,3.1,247.0,4.0,0.9,61.0,29.0,21.0,Mizoram,Aizawl,23.7271,92.7176,State Representative,2026-09-30T12:29:31.421236+00:00,True
2026-09-30 23:00:00,2.0,2.1,241.0,3.7,1.0,63.0,28.0,22.0,Mizoram,Aizawl,23.7271,92.7176,State Representative,2026-09-30T12:29:31.421236+00:00,True
2026-10-01 00:00:00,2.6,2.7,239.0,3.0,1.3,73.0,28.0,27.0,Mizoram,Aizawl,23.7271,92.7176,State Representative,2026-09-30T12:29:31.421236+00:00,True
2026-10-01 01:00:00,3.9,4.0,239.0,2.1,1.7,86.0,29.0,33.0,Mizoram,Aizawl,23.7271,92.7176,State Representative,2026-09-30T12:29:31.421236+00:00,True
2026-10-01 02:00:00,3.3,3.5,240.0,1.6,2.0,94.0,31.0,37.0,Mizoram,Aizawl,23.7271,92.7176,State Representative,2026-09-30T12:29:31.421236+00:00,True
2026-10-01 03:00:00,3.9,4.1,241.0,1.8,2.0,92.0,33.0,36.0,Mizoram,Aizawl,23.7271,92.7176,State Representative,2026-09-30T12:29:31.421236+00:00,True
2026-10-01 04:00:00,4.1,4.3,242.0,2.4,1.8,85.0,35.0,33.0,Mizoram,Aizawl,23.7271,92.7176,State Representative,2026-09-30T12:29:31.421236+00:00,True
2026-10-01 05:00:00,4.4,4.6,243.0,2.8,1.8,83.0,36.0,32.0,Mizoram,Aizawl,23.7271,92.7176,State Representative,2026-09-30T12:29:31.421236+00:00,True
2026-10-01 06:00:00,4.7,4.9,244.0,2.6,2.2,91.0,37.0,36.0,Mizoram,Aizawl,23.7271,92.7176,State Representative,2026-09-30T12:29:31.421236+00:00,True
2026-10-01 07:00:00,5.2,5.4,246.0,2.1,2.8,104.0,39.0,44.0,Mizoram,Aizawl,23.7271,92.7176,State Representative,2026-09-30T12:29:31.421236+00:00,True
2026-10-01 08:00:00,5.1,5.3,248.0,1.7,3.3,115.0,41.0,55.0,Mizoram,Aizawl,23.7271,92.7176,State Representative,2026-09-30T12:29:31.421236+00:00,True
2026-10-01 09:00:00,5.5,5.7,252.0,1.4,3.6,123.0,43.0,62.0,Mizoram,Aizawl,23.7271,92.7176,State Representative,2026-09-30T12:29:31.421236+00:00,True
2026-10-01 10:00:00,9.5,10.2,257.0,1.1,3.8,130.0,46.0,65.0,Mizoram,Aizawl,23.7271,92.7176,State Representative,2026-09-30T12:29:31.421236+00:00,True
2026-10-01 11:00:00,13.6,14.6,260.0,0.9,3.9,133.0,48.0,67.0,Mizoram,Aizawl,23.7271,92.7176,State Representative,2026-09-30T12:29:31.421236+00:00,True
2026-10-01 12:00:00,13.5,14.6,256.0,0.6,3.9,133.0,50.0,67.0,Mizoram,Aizawl,23.7271,92.7176,State Representative,2026-09-30T12:29:31.421236+00:00,True
2026-10-01 13:00:00,12.7,13.6,250.0,0.4,3.9,129.0,61.0,65.0,Mizoram,Aizawl,23.7271,92.7176,State Representative,2026-09-30T12:29:31.421236+00:00,True
2026-10-01 14:00:00,12.6,13.6,254.0,0.9,3.7,121.0,70.0,61.0,Mizoram,Aizawl,23.7271,92.7176,State Representative,2026-09-30T12:29:31.421236+00:00,True
2026-10-01 15:00:00,13.0,14.1,278.0,3.0,3.3,105.0,77.0,45.0,Mizoram,Aizawl,23.7271,92.7176,State Representative,2026-09-30T12:29:31.421236+00:00,True
2026-10-01 16:00:00,14.3,15.3,313.0,5.8,2.7,84.0,77.0,39.0,Mizoram,Aizawl,23.7271,92.7176,State Representative,2026-09-30T12:29:31.421236+00:00,True
2026-10-01 17:00:00,13.3,14.0,338.0,7.9,2.3,67.0,70.0,37.0,Mizoram,Aizawl,23.7271,92.7176,State Representative,2026-09-30T12:29:31.421236+00:00,True
2026-10-01 18:00:00,13.0,13.6,345.0,8.4,2.2,59.0,58.0,36.0,Mizoram,Aizawl,23.7271,92.7176,State Representative,2026-09-30T12:29:31.421236+00:00,True
2026-10-01 19:00:00,12.7,13.4,344.0,8.0,2.2,54.0,48.0,35.0,Mizoram,Aizawl,23.7271,92.7176,State Representative,2026-09-30T12:29:31.421236+00:00,True
2026-10-01 20:00:00,12.8,13.4,341.0,7.8,2.2,50.0,44.0,36.0,Mizoram,Aizawl,23.7271,92.7176,State Representative,2026-09-30T12:29:31.421236+00:00,True
2026-10-01 21:00:00,12.9,13.6,339.0,8.2,2.0,43.0,44.0,36.0,Mizoram,Aizawl,23.7271,92.7176,State Representative,2026-09-30T12:29:31.421236+00:00,True
2026-10-01 22:00:00,13.3,13.9,336.0,8.7,1.7,37.0,47.0,37.0,Mizoram,Aizawl,23.7271,92.7176,State Representative,2026-09-30T12:29:31.421236+00:00,True
2026-10-01 23:00:00,13.0,13.6,331.0,8.6,1.6,34.0,49.0,36.0,Mizoram,Aizawl,23.7271,92.7176,State Representative,2026-09-30T12:29:31.421236+00:00,True
2026-10-02 00:00:00,12.3,13.0,322.0,7.3,1.7,38.0,51.0,35.0,Mizoram,Aizawl,23.7271,92.7176,State Representative,2026-09-30T12:29:31.421236+00:00,True
2026-10-02 01:00:00,12.0,12.8,311.0,5.4,1.9,47.0,51.0,34.0,Mizoram,Aizawl,23.7271,92.7176,State Representative,2026-09-30T12:29:31.421236+00:00,True
2026-10-02 02:00:00,9.3,9.9,302.0,4.1,2.0,52.0,52.0,29.0,Mizoram,Aizawl,23.7271,92.7176,State Representative,2026-09-30T12:29:31.421236+00:00,True
2026-10-02 03:00:00,9.3,9.9,297.0,4.0,1.9,49.0,52.0,29.0,Mizoram,Aizawl,23.7271,92.7176,State Representative,2026-09-30T12:29:31.421236+00:00,True
2026-10-02 04:00:00,9.9,10.7,295.0,4.4,1.7,44.0,53.0,30.0,Mizoram,Aizawl,23.7271,92.7176,State Representative,2026-09-30T12:29:31.421236+00:00,True
2026-10-02 05:00:00,8.6,9.2,291.0,4.4,1.8,46.0,53.0,27.0,Mizoram,Aizawl,23.7271,92.7176,State Representative,2026-09-30T12:29:31.421236+00:00,True
2026-10-02 06:00:00,9.2,10.2,284.0,3.6,2.5,64.0,54.0,28.0,Mizoram,Aizawl,23.7271,92.7176,State Representative,2026-09-30T12:29:31.421236+00:00,True
2026-10-02 07:00:00,11.4,12.9,275.0,2.4,3.5,89.0,54.0,35.0,Mizoram,Aizawl,23.7271,92.7176,State Representative,2026-09-30T12:29:31.421236+00:00,True
2026-10-02 08:00:00,13.6,15.6,267.0,1.5,4.4,110.0,54.0,50.0,Mizoram,Aizawl,23.7271,92.7176,State Representative,2026-09-30T12:29:31.421236+00:00,True
2026-10-02 09:00:00,16.4,18.8,261.0,1.0,4.9,123.0,55.0,62.0,Mizoram,Aizawl,23.7271,92.7176,State Representative,2026-09-30T12:29:31.421236+00:00,True
2026-10-02 10:00:00,18.5,21.0,256.0,0.8,5.3,132.0,56.0,66.0,Mizoram,Aizawl,23.7271,92.7176,State Representative,2026-09-30T12:29:31.421236+00:00,True
2026-10-02 11:00:00,19.4,21.9,253.0,0.7,5.5,137.0,57.0,69.0,Mizoram,Aizawl,23.7271,92.7176,State Representative,2026-09-30T12:29:31.421236+00:00,True
2026-10-02 12:00:00,22.5,25.3,249.0,0.5,5.5,138.0,57.0,69.0,Mizoram,Aizawl,23.7271,92.7176,State Representative,2026-09-30T12:29:31.421236+00:00,True
2026-10-02 13:00:00,20.7,23.3,248.0,0.4,5.4,134.0,58.0,67.0,Mizoram,Aizawl,23.7271,92.7176,State Representative,2026-09-30T12:29:31.421236+00:00,True
2026-10-02 14:00:00,20.8,23.1,254.0,1.0,5.1,126.0,64.0,63.0,Mizoram,Aizawl,23.7271,92.7176,State Representative,2026-09-30T12:29:31.421236+00:00,True
2026-10-02 15:00:00,20.7,22.8,276.0,3.0,4.6,109.0,77.0,49.0,Mizoram,Aizawl,23.7271,92.7176,State Representative,2026-09-30T12:29:31.421236+00:00,True
2026-10-02 16:00:00,21.4,23.1,305.0,5.7,3.9,87.0,81.0,44.0,Mizoram,Aizawl,23.7271,92.7176,State Representative,2026-09-30T12:29:31.421236+00:00,True
2026-10-02 17:00:00,21.6,22.9,330.0,7.7,3.4,70.0,76.0,44.0,Mizoram,Aizawl,23.7271,92.7176,State Representative,2026-09-30T12:29:31.421236+00:00,True
2026-10-02 18:00:00,20.0,21.2,345.0,8.2,3.2,62.0,65.0,43.0,Mizoram,Aizawl,23.7271,92.7176,State Representative,2026-09-30T12:29:31.421236+00:00,True
2026-10-02 19:00:00,19.0,20.1,356.0,7.9,3.1,59.0,62.0,42.0,Mizoram,Aizawl,23.7271,92.7176,State Representative,2026-09-30T12:29:31.421236+00:00,True
2026-10-02 20:00:00,18.9,19.9,359.0,7.4,3.0,57.0,62.0,42.0,Mizoram,Aizawl,23.7271,92.7176,State Representative,2026-09-30T12:29:31.421236+00:00,True
2026-10-02 21:00:00,18.4,19.3,354.0,6.9,2.8,54.0,62.0,42.0,Mizoram,Aizawl,23.7271,92.7176,State Representative,2026-09-30T12:29:31.421236+00:00,True
2026-10-02 22:00:00,17.9,18.8,342.0,6.1,2.5,51.0,63.0,42.0,Mizoram,Aizawl,23.7271,92.7176,State Representative,2026-09-30T12:29:31.421236+00:00,True
2026-10-02 23:00:00,17.6,18.5,328.0,5.4,2.3,50.0,63.0,41.0,Mizoram,Aizawl,23.7271,92.7176,State Representative,2026-09-30T12:29:31.421236+00:00,True
2026-10-03 00:00:00,14.6,15.4,311.0,4.6,2.3,53.0,64.0,39.0,Mizoram,Aizawl,23.7271,92.7176,State Representative,2026-09-30T12:29:31.421236+00:00,True
2026-10-03 01:00:00,13.9,14.6,292.0,3.8,2.4,58.0,64.0,38.0,Mizoram,Aizawl,23.7271,92.7176,State Representative,2026-09-30T12:29:31.421236+00:00,True
2026-10-03 02:00:00,12.3,13.0,278.0,3.4,2.5,61.0,64.0,35.0,Mizoram,Aizawl,23.7271,92.7176,State Representative,2026-09-30T12:29:31.421236+00:00,True
2026-10-03 03:00:00,11.0,11.6,273.0,3.8,2.4,55.0,64.0,32.0,Mizoram,Aizawl,23.7271,92.7176,State Representative,2026-09-30T12:29:31.421236+00:00,True
2026-10-03 04:00:00,10.7,11.3,274.0,4.5,2.2,47.0,64.0,31.0,Mizoram,Aizawl,23.7271,92.7176,State Representative,2026-09-30T12:29:31.421236+00:00,True
2026-10-03 05:00:00,10.5,11.0,272.0,4.7,2.3,48.0,64.0,31.0,Mizoram,Aizawl,23.7271,92.7176,State Representative,2026-09-30T12:29:31.421236+00:00,True
2026-10-03 06:00:00,11.0,11.7,265.0,3.8,2.9,66.0,65.0,32.0,Mizoram,Aizawl,23.7271,92.7176,State Representative,2026-09-30T12:29:31.421236+00:00,True
2026-10-03 07:00:00,11.4,12.5,256.0,2.5,3.9,94.0,65.0,37.0,Mizoram,Aizawl,23.7271,92.7176,State Representative,2026-09-30T12:29:31.421236+00:00,True
2026-10-03 08:00:00,13.3,14.8,248.0,1.4,4.6,115.0,65.0,55.0,Mizoram,Aizawl,23.7271,92.7176,State Representative,2026-09-30T12:29:31.421236+00:00,True
2026-10-03 09:00:00,15.2,17.2,243.0,0.9,4.9,123.0,65.0,62.0,Mizoram,Aizawl,23.7271,92.7176,State Representative,2026-09-30T12:29:31.421236+00:00,True
2026-10-03 10:00:00,16.3,18.6,240.0,0.7,5.1,126.0,65.0,63.0,Mizoram,Aizawl,23.7271,92.7176,State Representative,2026-09-30T12:29:31.421236+00:00,True
2026-10-03 11:00:00,16.9,19.4,238.0,0.6,5.2,126.0,64.0,63.0,Mizoram,Aizawl,23.7271,92.7176,State Representative,2026-09-30T12:29:31.421236+00:00,True
2026-10-03 12:00:00,17.0,19.6,233.0,0.3,5.3,128.0,64.0,64.0,Mizoram,Aizawl,23.7271,92.7176,State Representative,2026-09-30T12:29:31.421236+00:00,True
2026-10-03 13:00:00,18.5,21.4,228.0,0.0,5.4,128.0,64.0,64.0,Mizoram,Aizawl,23.7271,92.7176,State Representative,2026-09-30T12:29:31.421236+00:00,True
2026-10-03 14:00:00,17.9,20.7,234.0,0.8,5.3,122.0,64.0,61.0,Mizoram,Aizawl,23.7271,92.7176,State Representative,2026-09-30T12:29:31.421236+00:00,True
2026-10-03 15:00:00,18.2,20.8,258.0,3.4,4.7,103.0,71.0,43.0,Mizoram,Aizawl,23.7271,92.7176,State Representative,2026-09-30T12:29:31.421236+00:00,True
2026-10-03 16:00:00,19.3,21.3,292.0,7.0,3.9,77.0,73.0,42.0,Mizoram,Aizawl,23.7271,92.7176,State Representative,2026-09-30T12:29:31.421236+00:00,True
2026-10-03 17:00:00,21.6,23.2,320.0,9.8,3.4,59.0,65.0,44.0,Mizoram,Aizawl,23.7271,92.7176,State Representative,2026-09-30T12:29:31.421236+00:00,True
2026-10-03 18:00:00,21.8,23.5,337.0,11.0,3.6,58.0,63.0,44.0,Mizoram,Aizawl,23.7271,92.7176,State Representative,2026-09-30T12:29:31.421236+00:00,True
2026-10-03 19:00:00,21.7,23.6,347.0,11.3,4.1,64.0,63.0,44.0,Mizoram,Aizawl,23.7271,92.7176,State Representative,2026-09-30T12:29:31.421236+00:00,True
2026-10-03 20:00:00,21.7,23.5,348.0,11.1,4.3,67.0,63.0,44.0,Mizoram,Aizawl,23.7271,92.7176,State Representative,2026-09-30T12:29:31.421236+00:00,True
2026-10-03 21:00:00,17.8,19.3,336.0,10.4,3.9,61.0,64.0,42.0,Mizoram,Aizawl,23.7271,92.7176,State Representative,2026-09-30T12:29:31.421236+00:00,True
2026-10-03 22:00:00,17.6,19.0,315.0,9.1,3.2,52.0,64.0,41.0,Mizoram,Aizawl,23.7271,92.7176,State Representative,2026-09-30T12:29:31.421236+00:00,True
2026-10-03 23:00:00,17.5,18.9,297.0,7.9,2.6,45.0,64.0,41.0,Mizoram,Aizawl,23.7271,92.7176,State Representative,2026-09-30T12:29:31.421236+00:00,True
2026-10-04 00:00:00,16.5,17.6,286.0,6.9,2.3,42.0,63.0,41.0,Mizoram,Aizawl,23.7271,92.7176,State Representative,2026-09-30T12:29:31.421236+00:00,True
2026-10-04 01:00:00,17.1,18.5,278.0,5.9,2.1,41.0,64.0,41.0,Mizoram,Aizawl,23.7271,92.7176,State Representative,2026-09-30T12:29:31.421236+00:00,True
2026-10-04 02:00:00,16.8,18.0,272.0,5.1,1.9,40.0,64.0,41.0,Mizoram,Aizawl,23.7271,92.7176,State Representative,2026-09-30T12:29:31.421236+00:00,True
2026-10-04 03:00:00,16.9,18.0,267.0,4.8,1.7,37.0,64.0,41.0,Mizoram,Aizawl,23.7271,92.7176,State Representative,2026-09-30T12:29:31.421236+00:00,True
2026-10-04 04:00:00,16.9,18.0,264.0,4.7,1.6,35.0,65.0,41.0,Mizoram,Aizawl,23.7271,92.7176,State Representative,2026-09-30T12:29:31.421236+00:00,True
2026-10-04 05:00:00,17.1,18.2,273.8,4.4,1.8,41.0,65.0,41.0,Mizoram,Aizawl,23.7271,92.7176,State Representative,2026-09-30T12:29:31.421236+00:00,True
2026-10-04 06:00:00,17.0,18.7,281.0,3.4,2.7,63.0,66.0,41.0,Mizoram,Aizawl,23.7271,92.7176,State Representative,2026-09-30T12:29:31.421236+00:00,True
2026-10-04 07:00:00,18.4,21.0,285.5,2.1,4.0,93.0,66.0,42.0,Mizoram,Aizawl,23.7271,92.7176,State Representative,2026-09-30T12:29:31.421236+00:00,True
2026-10-04 08:00:00,23.2,28.9,290.0,1.1,5.2,118.0,67.0,58.0,Mizoram,Aizawl,23.7271,92.7176,State Representative,2026-09-30T12:29:31.421236+00:00,True
2026-10-04 09:00:00,29.0,38.0,292.0,0.7,6.1,132.0,68.0,66.0,Mizoram,Aizawl,23.7271,92.7176,State Representative,2026-09-30T12:29:31.421236+00:00,True
2026-10-04 10:00:00,29.9,39.9,298.0,0.6,6.8,139.0,69.0,70.0,Mizoram,Aizawl,23.7271,92.7176,State Representative,2026-09-30T12:29:31.421236+00:00,True
2026-10-04 11:00:00,29.1,38.6,302.0,0.6,7.2,143.0,70.0,72.0,Mizoram,Aizawl,23.7271,92.7176,State Representative,2026-09-30T12:29:31.421236+00:00,True
2026-10-04 12:00:00,28.2,37.0,300.0,0.3,7.2,143.0,71.0,72.0,Mizoram,Aizawl,23.7271,92.7176,State Representative,2026-09-30T12:29:31.421236+00:00,True
2026-10-04 13:00:00,27.4,35.6,296.0,0.1,6.8,139.0,72.0,70.0,Mizoram,Aizawl,23.7271,92.7176,State Representative,2026-09-30T12:29:31.421236+00:00,True
2026-10-04 14:00:00,27.5,35.4,299.0,0.7,6.4,130.0,73.0,65.0,Mizoram,Aizawl,23.7271,92.7176,State Representative,2026-09-30T12:29:31.421236+00:00,True
2026-10-04 15:00:00,28.5,36.0,314.0,2.8,5.9,112.0,87.0,52.0,Mizoram,Aizawl,23.7271,92.7176,State Representative,2026-09-30T12:29:31.421236+00:00,True
2026-10-04 16:00:00,30.4,36.0,336.0,5.8,5.2,89.0,91.0,49.0,Mizoram,Aizawl,23.7271,92.7176,State Representative,2026-09-30T12:29:31.421236+00:00,True
2026-10-04 17:00:00,33.2,38.8,360.0,8.8,4.9,71.0,85.0,50.0,Mizoram,Aizawl,23.7271,92.7176,State Representative,2026-09-30T12:29:31.421236+00:00,True
2026-10-04 18:00:00,35.4,41.6,386.0,11.5,5.1,62.0,76.0,52.0,Mizoram,Aizawl,23.7271,92.7176,State Representative,2026-09-30T12:29:31.421236+00:00,True
2026-10-04 19:00:00,37.5,43.9,413.0,14.1,5.7,58.0,77.0,53.0,Mizoram,Aizawl,23.7271,92.7176,State Representative,2026-09-30T12:29:31.421236+00:00,True
2026-10-04 20:00:00,39.9,46.6,437.0,16.3,6.0,54.0,78.0,54.0,Mizoram,Aizawl,23.7271,92.7176,State Representative,2026-09-30T12:29:31.421236+00:00,True
2026-10-04 21:00:00,41.7,48.2,454.0,18.0,6.0,48.0,79.0,55.0,Mizoram,Aizawl,23.7271,92.7176,State Representative,2026-09-30T12:29:31.421236+00:00,True
2026-10-04 22:00:00,42.5,49.1,467.0,19.2,5.7,43.0,81.0,56.0,Mizoram,Aizawl,23.7271,92.7176,State Representative,2026-09-30T12:29:31.421236+00:00,True
2026-10-04 23:00:00,43.5,50.2,477.0,19.5,5.2,36.0,83.0,56.0,Mizoram,Aizawl,23.7271,92.7176,State Representative,2026-09-30T12:29:31.421236+00:00,True
2026-10-05 00:00:00,44.1,50.2,486.0,18.6,4.1,25.0,85.0,57.0,Mizoram,Aizawl,23.7271,92.7176,State Representative,2026-09-30T12:29:31.421236+00:00,True
2026-10-05 01:00:00,42.4,46.8,491.0,16.9,2.7,13.0,87.0,56.0,Mizoram,Aizawl,23.7271,92.7176,State Representative,2026-09-30T12:29:31.421236+00:00,True
2026-10-05 02:00:00,39.9,43.0,486.0,14.7,1.8,8.0,89.0,54.0,Mizoram,Aizawl,23.7271,92.7176,State Representative,2026-09-30T12:29:31.421236+00:00,True
2026-10-05 03:00:00,36.7,39.1,461.0,11.9,1.8,15.0,91.0,52.0,Mizoram,Aizawl,23.7271,92.7176,State Representative,2026-09-30T12:29:31.421236+00:00,True
2026-10-05 04:00:00,33.6,35.7,425.0,8.7,2.2,29.0,93.0,51.0,Mizoram,Aizawl,23.7271,92.7176,State Representative,2026-09-30T12:29:31.421236+00:00,True
2026-10-05 05:00:00,32.4,36.0,399.0,6.4,2.6,39.0,94.0,50.0,Mizoram,Aizawl,23.7271,92.7176,State Representative,2026-09-30T12:29:31.421236+00:00,True
2026-10-05 06:00:00,,,,,,,95.0,,Mizoram,Aizawl,23.7271,92.7176,State Representative,2026-09-30T12:29:31.421236+00:00,False
2026-10-05 07:00:00,,,,,,,,,Mizoram,Aizawl,23.7271,92.7176,State Representative,2026-09-30T12:29:31.421236+00:00,False
2026-10-05 08:00:00,,,,,,,,,Mizoram,Aizawl,23.7271,92.7176,State Representative,2026-09-30T12:29:31.421236+00:00,False
2026-10-05 09:00:00,,,,,,,,,Mizoram,Aizawl,23.7271,92.7176,State Representative,2026-09-30T12:29:31.421236+00:00,False
2026-10-05 10:00:00,,,,,,,,,Mizoram,Aizawl,23.7271,92.7176,State Representative,2026-09-30T12:29:31.421236+00:00,False
2026-10-05 11:00:00,,,,,,,,,Mizoram,Aizawl,23.7271,92.7176,State Representative,2026-09-30T12:29:31.421236+00:00,False
2026-10-05 12:00:00,,,,,,,,,Mizoram,Aizawl,23.7271,92.7176,State Representative,2026-09-30T12:29:31.421236+00:00,False
2026-10-05 13:00:00,,,,,,,,,Mizoram,Aizawl,23.7271,92.7176,State Representative,2026-09-30T12:29:31.421236+00:00,False
2026-10-05 14:00:00,,,,,,,,,Mizoram,Aizawl,23.7271,92.7176,State Representative,2026-09-30T12:29:31.421236+00:00,False
2026-10-05 15:00:00,,,,,,,,,Mizoram,Aizawl,23.7271,92.7176,State Representative,2026-09-30T12:29:31.421236+00:00,False
2026-10-05 16:00:00,,,,,,,,,Mizoram,Aizawl,23.7271,92.7176,State Representative,2026-09-30T12:29:31.421236+00:00,False
2026-10-05 17:00:00,,,,,,,,,Mizoram,Aizawl,23.7271,92.7176,State Representative,2026-09-30T12:29:31.421236+00:00,False
2026-10-05 18:00:00,,,,,,,,,Mizoram,Aizawl,23.7271,92.7176,State Representative,2026-09-30T12:29:31.421236+00:00,False
2026-10-05 19:00:00,,,,,,,,,Mizoram,Aizawl,23.7271,92.7176,State Representative,2026-09-30T12:29:31.421236+00:00,False
2026-10-05 20:00:00,,,,,,,,,Mizoram,Aizawl,23.7271,92.7176,State Representative,2026-09-30T12:29:31.421236+00:00,False
2026-10-05 21:00:00,,,,,,,,,Mizoram,Aizawl,23.7271,92.7176,State Representative,2026-09-30T12:29:31.421236+00:00,False
2026-10-05 22:00:00,,,,,,,,,Mizoram,Aizawl,23.7271,92.7176,State Representative,2026-09-30T12:29:31.421236+00:00,False
2026-10-05 23:00:00,,,,,,,,,Mizoram,Aizawl,23.7271,92.7176,State Representative,2026-09-30T12:29:31.421236+00:00,False
2026-10-06 00:00:00,,,,,,,,,Mizoram,Aizawl,23.7271,92.7176,State Representative,2026-09-30T12:29:31.421236+00:00,False
2026-10-06 01:00:00,,,,,,,,,Mizoram,Aizawl,23.7271,92.7176,State Representative,2026-09-30T12:29:31.421236+00:00,False
2026-10-06 02:00:00,,,,,,,,,Mizoram,Aizawl,23.7271,92.7176,State Representative,2026-09-30T12:29:31.421236+00:00,False
2026-10-06 03:00:00,,,,,,,,,Mizoram,Aizawl,23.7271,92.7176,State Representative,2026-09-30T12:29:31.421236+00:00,False
2026-10-06 04:00:00,,,,,,,,,Mizoram,Aizawl,23.7271,92.7176,State Representative,2026-09-30T12:29:31.421236+00:00,False
2026-10-06 05:00:00,,,,,,,,,Mizoram,Aizawl,23.7271,92.7176,State Representative,2026-09-30T12:29:31.421236+00:00,False
2026-10-06 06:00:00,,,,,,,,,Mizoram,Aizawl,23.7271,92.7176,State Representative,2026-09-30T12:29:31.421236+00:00,False
2026-10-06 07:00:00,,,,,,,,,Mizoram,Aizawl,23.7271,92.7176,State Representative,2026-09-30T12:29:31.421236+00:00,False
2026-10-06 08:00:00,,,,,,,,,Mizoram,Aizawl,23.7271,92.7176,State Representative,2026-09-30T12:29:31.421236+00:00,False
2026-10-06 09:00:00,,,,,,,,,Mizoram,Aizawl,23.7271,92.7176,State Representative,2026-09-30T12:29:31.421236+00:00,False
2026-10-06 10:00:00,,,,,,,,,Mizoram,Aizawl,23.7271,92.7176,State Representative,2026-09-30T12:29:31.421236+00:00,False
2026-10-06 11:00:00,,,,,,,,,Mizoram,Aizawl,23.7271,92.7176,State Representative,2026-09-30T12:29:31.421236+00:00,False
2026-10-06 12:00:00,,,,,,,,,Mizoram,Aizawl,23.7271,92.7176,State Representative,2026-09-30T12:29:31.421236+00:00,False
2026-10-06 13:00:00,,,,,,,,,Mizoram,Aizawl,23.7271,92.7176,State Representative,2026-09-30T12:29:31.421236+00:00,False
2026-10-06 14:00:00,,,,,,,,,Mizoram,Aizawl,23.7271,92.7176,State Representative,2026-09-30T12:29:31.421236+00:00,False
2026-10-06 15:00:00,,,,,,,,,Mizoram,Aizawl,23.7271,92.7176,State Representative,2026-09-30T12:29:31.421236+00:00,False
2026-10-06 16:00:00,,,,,,,,,Mizoram,Aizawl,23.7271,92.7176,State Representative,2026-09-30T12:29:31.421236+00:00,False
2026-10-06 17:00:00,,,,,,,,,Mizoram,Aizawl,23.7271,92.7176,State Representative,2026-09-30T12:29:31.421236+00:00,False
2026-10-06 18:00:00,,,,,,,,,Mizoram,Aizawl,23.7271,92.7176,State Representative,2026-09-30T12:29:31.421236+00:00,False
2026-10-06 19:00:00,,,,,,,,,Mizoram,Aizawl,23.7271,92.7176,State Representative,2026-09-30T12:29:31.421236+00:00,False
2026-10-06 20:00:00,,,,,,,,,Mizoram,Aizawl,23.7271,92.7176,State Representative,2026-09-30T12:29:31.421236+00:00,False
2026-10-06 21:00:00,,,,,,,,,Mizoram,Aizawl,23.7271,92.7176,State Representative,2026-09-30T12:29:31.421236+00:00,False
2026-10-06 22:00:00,,,,,,,,,Mizoram,Aizawl,23.7271,92.7176,State Representative,2026-09-30T12:29:31.421236+00:00,False
2026-10-06 23:00:00,,,,,,,,,Mizoram,Aizawl,23.7271,92.7176,State Representative,2026-09-30T12:29:31.421236+00:00,False
2026-09-30 00:00:00,7.3,7.4,232.0,6.3,0.9,30.0,53.0,25.0,Nagaland,Kohima,25.6751,94.1086,State Representative,2026-09-30T12:29:32.077335+00:00,True
2026-09-30 01:00:00,4.7,4.7,195.0,4.8,0.8,32.0,53.0,19.0,Nagaland,Kohima,25.6751,94.1086,State Representative,2026-09-30T12:29:32.077335+00:00,True
2026-09-30 02:00:00,4.4,4.4,174.0,3.9,0.8,33.0,52.0,18.0,Nagaland,Kohima,25.6751,94.1086,State Representative,2026-09-30T12:29:32.077335+00:00,True
2026-09-30 03:00:00,4.2,4.3,177.0,4.1,0.8,30.0,52.0,17.0,Nagaland,Kohima,25.6751,94.1086,State Representative,2026-09-30T12:29:32.077335+00:00,True
2026-09-30 04:00:00,3.9,3.9,195.0,4.9,0.7,25.0,51.0,16.0,Nagaland,Kohima,25.6751,94.1086,State Representative,2026-09-30T12:29:32.077335+00:00,True
2026-09-30 05:00:00,1.0,1.0,208.0,3.6,0.7,43.0,50.0,14.0,Nagaland,Kohima,25.6751,94.1086,State Representative,2026-09-30T12:29:32.077335+00:00,True
2026-09-30 06:00:00,1.4,1.5,210.0,3.2,0.7,48.0,50.0,16.0,Nagaland,Kohima,25.6751,94.1086,State Representative,2026-09-30T12:29:32.077335+00:00,True
2026-09-30 07:00:00,1.7,1.8,207.0,2.6,0.7,55.0,48.0,18.0,Nagaland,Kohima,25.6751,94.1086,State Representative,2026-09-30T12:29:32.077335+00:00,True
2026-09-30 08:00:00,2.3,2.3,201.0,2.0,0.7,62.0,46.0,21.0,Nagaland,Kohima,25.6751,94.1086,State Representative,2026-09-30T12:29:32.077335+00:00,True
2026-09-30 09:00:00,2.2,2.2,190.0,1.5,0.6,68.0,44.0,24.0,Nagaland,Kohima,25.6751,94.1086,State Representative,2026-09-30T12:29:32.077335+00:00,True
2026-09-30 10:00:00,2.2,2.2,175.0,1.0,0.6,73.0,43.0,27.0,Nagaland,Kohima,25.6751,94.1086,State Representative,2026-09-30T12:29:32.077335+00:00,True
2026-09-30 11:00:00,2.2,2.2,165.0,0.7,0.5,77.0,41.0,29.0,Nagaland,Kohima,25.6751,94.1086,State Representative,2026-09-30T12:29:32.077335+00:00,True
2026-09-30 12:00:00,2.3,2.4,161.0,0.6,0.5,79.0,40.0,30.0,Nagaland,Kohima,25.6751,94.1086,State Representative,2026-09-30T12:29:32.077335+00:00,True
2026-09-30 13:00:00,2.5,2.5,161.0,0.6,0.6,80.0,38.0,30.0,Nagaland,Kohima,25.6751,94.1086,State Representative,2026-09-30T12:29:32.077335+00:00,True
2026-09-30 14:00:00,2.8,2.9,170.0,1.2,0.6,78.0,37.0,29.0,Nagaland,Kohima,25.6751,94.1086,State Representative,2026-09-30T12:29:32.077335+00:00,True
2026-09-30 15:00:00,3.3,3.4,191.0,2.7,0.6,71.0,35.0,26.0,Nagaland,Kohima,25.6751,94.1086,State Representative,2026-09-30T12:29:32.077335+00:00,True
2026-09-30 16:00:00,3.7,3.8,220.0,4.8,0.6,60.0,34.0,20.0,Nagaland,Kohima,25.6751,94.1086,State Representative,2026-09-30T12:29:32.077335+00:00,True
2026-09-30 17:00:00,3.9,3.9,254.0,6.4,0.6,51.0,34.0,17.0,Nagaland,Kohima,25.6751,94.1086,State Representative,2026-09-30T12:29:32.077335+00:00,True
2026-09-30 18:00:00,4.5,4.5,301.0,7.1,0.6,45.0,33.0,18.0,Nagaland,Kohima,25.6751,94.1086,State Representative,2026-09-30T12:29:32.077335+00:00,True
2026-09-30 19:00:00,4.2,4.3,353.0,7.2,0.7,40.0,31.0,17.0,Nagaland,Kohima,25.6751,94.1086,State Representative,2026-09-30T12:29:32.077335+00:00,True
2026-09-30 20:00:00,4.3,4.4,379.0,7.2,0.7,37.0,29.0,17.0,Nagaland,Kohima,25.6751,94.1086,State Representative,2026-09-30T12:29:32.077335+00:00,True
2026-09-30 21:00:00,4.4,4.4,361.0,7.0,0.6,37.0,27.0,18.0,Nagaland,Kohima,25.6751,94.1086,State Representative,2026-09-30T12:29:32.077335+00:00,True
2026-09-30 22:00:00,3.8,3.8,317.0,6.5,0.6,38.0,24.0,15.0,Nagaland,Kohima,25.6751,94.1086,State Representative,2026-09-30T12:29:32.077335+00:00,True
2026-09-30 23:00:00,2.9,2.9,275.0,6.1,0.5,39.0,22.0,13.0,Nagaland,Kohima,25.6751,94.1086,State Representative,2026-09-30T12:29:32.077335+00:00,True
2026-10-01 00:00:00,2.6,2.6,240.0,5.7,0.5,38.0,20.0,13.0,Nagaland,Kohima,25.6751,94.1086,State Representative,2026-09-30T12:29:32.077335+00:00,True
2026-10-01 01:00:00,2.3,2.3,207.0,5.4,0.5,36.0,19.0,12.0,Nagaland,Kohima,25.6751,94.1086,State Representative,2026-09-30T12:29:32.077335+00:00,True
2026-10-01 02:00:00,2.7,2.7,189.0,5.2,0.5,35.0,18.0,12.0,Nagaland,Kohima,25.6751,94.1086,State Representative,2026-09-30T12:29:32.077335+00:00,True
2026-10-01 03:00:00,2.9,3.0,199.0,5.3,0.5,33.0,17.0,12.0,Nagaland,Kohima,25.6751,94.1086,State Representative,2026-09-30T12:29:32.077335+00:00,True
2026-10-01 04:00:00,2.9,2.9,224.0,5.6,0.6,31.0,17.0,12.0,Nagaland,Kohima,25.6751,94.1086,State Representative,2026-09-30T12:29:32.077335+00:00,True
2026-10-01 05:00:00,3.5,3.6,241.0,5.4,0.7,35.0,17.0,14.0,Nagaland,Kohima,25.6751,94.1086,State Representative,2026-09-30T12:29:32.077335+00:00,True
2026-10-01 06:00:00,3.5,3.6,238.0,4.3,0.8,52.0,17.0,17.0,Nagaland,Kohima,25.6751,94.1086,State Representative,2026-09-30T12:29:32.077335+00:00,True
2026-10-01 07:00:00,3.6,3.7,227.0,2.6,1.0,74.0,17.0,27.0,Nagaland,Kohima,25.6751,94.1086,State Representative,2026-09-30T12:29:32.077335+00:00,True
2026-10-01 08:00:00,4.0,4.1,221.0,1.4,1.1,92.0,19.0,36.0,Nagaland,Kohima,25.6751,94.1086,State Representative,2026-09-30T12:29:32.077335+00:00,True
2026-10-01 09:00:00,4.8,5.0,226.0,0.9,1.1,99.0,22.0,40.0,Nagaland,Kohima,25.6751,94.1086,State Representative,2026-09-30T12:29:32.077335+00:00,True
2026-10-01 10:00:00,5.0,5.2,235.0,0.8,1.0,100.0,26.0,40.0,Nagaland,Kohima,25.6751,94.1086,State Representative,2026-09-30T12:29:32.077335+00:00,True
2026-10-01 11:00:00,5.2,5.4,245.0,0.8,1.0,101.0,30.0,41.0,Nagaland,Kohima,25.6751,94.1086,State Representative,2026-09-30T12:29:32.077335+00:00,True
2026-10-01 12:00:00,5.2,5.4,253.0,0.6,1.0,103.0,34.0,43.0,Nagaland,Kohima,25.6751,94.1086,State Representative,2026-09-30T12:29:32.077335+00:00,True
2026-10-01 13:00:00,5.2,5.4,262.0,0.5,1.1,105.0,38.0,45.0,Nagaland,Kohima,25.6751,94.1086,State Representative,2026-09-30T12:29:32.077335+00:00,True
2026-10-01 14:00:00,5.3,5.5,274.0,1.0,1.1,103.0,42.0,43.0,Nagaland,Kohima,25.6751,94.1086,State Representative,2026-09-30T12:29:32.077335+00:00,True
2026-10-01 15:00:00,5.6,5.8,289.0,2.4,1.1,94.0,45.0,37.0,Nagaland,Kohima,25.6751,94.1086,State Representative,2026-09-30T12:29:32.077335+00:00,True
2026-10-01 16:00:00,6.2,6.3,307.0,4.4,1.2,82.0,46.0,31.0,Nagaland,Kohima,25.6751,94.1086,State Representative,2026-09-30T12:29:32.077335+00:00,True
2026-10-01 17:00:00,7.4,7.5,326.0,6.4,1.3,73.0,46.0,27.0,Nagaland,Kohima,25.6751,94.1086,State Representative,2026-09-30T12:29:32.077335+00:00,True
2026-10-01 18:00:00,9.5,9.6,350.0,8.6,1.6,69.0,44.0,29.0,Nagaland,Kohima,25.6751,94.1086,State Representative,2026-09-30T12:29:32.077335+00:00,True
2026-10-01 19:00:00,11.3,11.5,376.0,10.9,1.9,68.0,42.0,33.0,Nagaland,Kohima,25.6751,94.1086,State Representative,2026-09-30T12:29:32.077335+00:00,True
2026-10-01 20:00:00,11.3,11.5,390.0,12.3,2.1,67.0,40.0,33.0,Nagaland,Kohima,25.6751,94.1086,State Representative,2026-09-30T12:29:32.077335+00:00,True
2026-10-01 21:00:00,10.4,10.6,385.0,12.5,2.1,66.0,38.0,31.0,Nagaland,Kohima,25.6751,94.1086,State Representative,2026-09-30T12:29:32.077335+00:00,True
2026-10-01 22:00:00,10.3,10.5,369.0,11.9,1.9,66.0,36.0,31.0,Nagaland,Kohima,25.6751,94.1086,State Representative,2026-09-30T12:29:32.077335+00:00,True
2026-10-01 23:00:00,10.3,10.4,350.0,10.7,1.8,67.0,34.0,31.0,Nagaland,Kohima,25.6751,94.1086,State Representative,2026-09-30T12:29:32.077335+00:00,True
2026-10-02 00:00:00,8.6,8.7,328.0,8.3,1.8,70.0,33.0,27.0,Nagaland,Kohima,25.6751,94.1086,State Representative,2026-09-30T12:29:32.077335+00:00,True
2026-10-02 01:00:00,7.2,7.4,303.0,5.3,1.7,73.0,34.0,27.0,Nagaland,Kohima,25.6751,94.1086,State Representative,2026-09-30T12:29:32.077335+00:00,True
2026-10-02 02:00:00,4.8,4.9,290.0,3.3,1.7,73.0,35.0,27.0,Nagaland,Kohima,25.6751,94.1086,State Representative,2026-09-30T12:29:32.077335+00:00,True
2026-10-02 03:00:00,4.0,4.1,300.0,3.4,1.6,63.0,36.0,22.0,Nagaland,Kohima,25.6751,94.1086,State Representative,2026-09-30T12:29:32.077335+00:00,True
2026-10-02 04:00:00,4.2,4.3,320.0,4.4,1.4,51.0,36.0,17.0,Nagaland,Kohima,25.6751,94.1086,State Representative,2026-09-30T12:29:32.077335+00:00,True
2026-10-02 05:00:00,5.0,5.2,331.0,4.9,1.5,49.0,36.0,20.0,Nagaland,Kohima,25.6751,94.1086,State Representative,2026-09-30T12:29:32.077335+00:00,True
2026-10-02 06:00:00,6.3,6.5,320.0,3.9,2.1,70.0,37.0,25.0,Nagaland,Kohima,25.6751,94.1086,State Representative,2026-09-30T12:29:32.077335+00:00,True
2026-10-02 07:00:00,8.4,9.0,300.0,2.4,3.0,102.0,37.0,42.0,Nagaland,Kohima,25.6751,94.1086,State Representative,2026-09-30T12:29:32.077335+00:00,True
2026-10-02 08:00:00,10.0,10.8,281.0,1.2,3.5,126.0,38.0,63.0,Nagaland,Kohima,25.6751,94.1086,State Representative,2026-09-30T12:29:32.077335+00:00,True
2026-10-02 09:00:00,10.9,11.8,268.0,0.8,3.3,133.0,40.0,67.0,Nagaland,Kohima,25.6751,94.1086,State Representative,2026-09-30T12:29:32.077335+00:00,True
2026-10-02 10:00:00,10.0,10.8,257.0,0.7,2.8,131.0,41.0,66.0,Nagaland,Kohima,25.6751,94.1086,State Representative,2026-09-30T12:29:32.077335+00:00,True
2026-10-02 11:00:00,9.3,10.0,250.0,0.7,2.4,129.0,42.0,65.0,Nagaland,Kohima,25.6751,94.1086,State Representative,2026-09-30T12:29:32.077335+00:00,True
2026-10-02 12:00:00,9.4,10.0,246.0,0.4,2.4,129.0,46.0,65.0,Nagaland,Kohima,25.6751,94.1086,State Representative,2026-09-30T12:29:32.077335+00:00,True
2026-10-02 13:00:00,9.9,10.5,246.0,0.2,2.5,128.0,51.0,64.0,Nagaland,Kohima,25.6751,94.1086,State Representative,2026-09-30T12:29:32.077335+00:00,True
2026-10-02 14:00:00,9.8,10.4,256.0,1.0,2.6,123.0,68.0,62.0,Nagaland,Kohima,25.6751,94.1086,State Representative,2026-09-30T12:29:32.077335+00:00,True
2026-10-02 15:00:00,9.6,10.2,284.0,3.7,2.5,110.0,79.0,50.0,Nagaland,Kohima,25.6751,94.1086,State Representative,2026-09-30T12:29:32.077335+00:00,True
2026-10-02 16:00:00,9.6,10.1,323.0,7.4,2.3,93.0,81.0,37.0,Nagaland,Kohima,25.6751,94.1086,State Representative,2026-09-30T12:29:32.077335+00:00,True
2026-10-02 17:00:00,12.3,12.7,357.0,10.3,2.3,80.0,74.0,35.0,Nagaland,Kohima,25.6751,94.1086,State Representative,2026-09-30T12:29:32.077335+00:00,True
2026-10-02 18:00:00,14.6,15.1,382.0,11.6,2.6,77.0,63.0,39.0,Nagaland,Kohima,25.6751,94.1086,State Representative,2026-09-30T12:29:32.077335+00:00,True
2026-10-02 19:00:00,16.0,16.5,403.0,12.0,3.1,79.0,51.0,41.0,Nagaland,Kohima,25.6751,94.1086,State Representative,2026-09-30T12:29:32.077335+00:00,True
2026-10-02 20:00:00,15.6,16.1,411.0,12.0,3.3,77.0,50.0,40.0,Nagaland,Kohima,25.6751,94.1086,State Representative,2026-09-30T12:29:32.077335+00:00,True
2026-10-02 21:00:00,12.7,13.1,404.0,11.7,2.9,65.0,51.0,35.0,Nagaland,Kohima,25.6751,94.1086,State Representative,2026-09-30T12:29:32.077335+00:00,True
2026-10-02 22:00:00,11.4,11.8,385.0,11.1,2.1,49.0,51.0,33.0,Nagaland,Kohima,25.6751,94.1086,State Representative,2026-09-30T12:29:32.077335+00:00,True
2026-10-02 23:00:00,10.8,11.1,359.0,9.9,1.7,41.0,51.0,32.0,Nagaland,Kohima,25.6751,94.1086,State Representative,2026-09-30T12:29:32.077335+00:00,True
2026-10-03 00:00:00,9.9,10.2,320.0,7.7,1.9,48.0,51.0,30.0,Nagaland,Kohima,25.6751,94.1086,State Representative,2026-09-30T12:29:32.077335+00:00,True
2026-10-03 01:00:00,9.5,10.0,275.0,5.1,2.4,64.0,51.0,29.0,Nagaland,Kohima,25.6751,94.1086,State Representative,2026-09-30T12:29:32.077335+00:00,True
2026-10-03 02:00:00,6.7,7.1,247.0,3.3,2.7,73.0,51.0,27.0,Nagaland,Kohima,25.6751,94.1086,State Representative,2026-09-30T12:29:32.077335+00:00,True
2026-10-03 03:00:00,7.2,7.6,252.0,3.3,2.5,67.0,52.0,24.0,Nagaland,Kohima,25.6751,94.1086,State Representative,2026-09-30T12:29:32.077335+00:00,True
2026-10-03 04:00:00,7.7,8.1,274.0,4.1,2.2,55.0,52.0,25.0,Nagaland,Kohima,25.6751,94.1086,State Representative,2026-09-30T12:29:32.077335+00:00,True
2026-10-03 05:00:00,8.6,9.1,289.0,4.4,2.3,55.0,52.0,27.0,Nagaland,Kohima,25.6751,94.1086,State Representative,2026-09-30T12:29:32.077335+00:00,True
2026-10-03 06:00:00,11.1,12.1,285.0,3.6,3.3,78.0,52.0,32.0,Nagaland,Kohima,25.6751,94.1086,State Representative,2026-09-30T12:29:32.077335+00:00,True
2026-10-03 07:00:00,14.6,16.4,274.0,2.3,4.7,112.0,53.0,52.0,Nagaland,Kohima,25.6751,94.1086,State Representative,2026-09-30T12:29:32.077335+00:00,True
2026-10-03 08:00:00,15.7,17.6,266.0,1.3,5.8,138.0,53.0,69.0,Nagaland,Kohima,25.6751,94.1086,State Representative,2026-09-30T12:29:32.077335+00:00,True
2026-10-03 09:00:00,15.9,17.8,267.0,0.9,6.1,147.0,54.0,74.0,Nagaland,Kohima,25.6751,94.1086,State Representative,2026-09-30T12:29:32.077335+00:00,True
2026-10-03 10:00:00,15.3,17.1,272.0,0.7,6.0,147.0,54.0,74.0,Nagaland,Kohima,25.6751,94.1086,State Representative,2026-09-30T12:29:32.077335+00:00,True
2026-10-03 11:00:00,14.3,15.7,276.0,0.7,5.8,145.0,54.0,73.0,Nagaland,Kohima,25.6751,94.1086,State Representative,2026-09-30T12:29:32.077335+00:00,True
2026-10-03 12:00:00,13.5,14.8,277.0,0.3,5.6,144.0,55.0,72.0,Nagaland,Kohima,25.6751,94.1086,State Representative,2026-09-30T12:29:32.077335+00:00,True
2026-10-03 13:00:00,12.9,14.0,277.0,0.0,5.4,141.0,72.0,71.0,Nagaland,Kohima,25.6751,94.1086,State Representative,2026-09-30T12:29:32.077335+00:00,True
2026-10-03 14:00:00,12.5,13.5,282.0,0.9,5.1,133.0,90.0,67.0,Nagaland,Kohima,25.6751,94.1086,State Representative,2026-09-30T12:29:32.077335+00:00,True
2026-10-03 15:00:00,12.3,13.3,295.0,3.7,4.7,118.0,102.0,58.0,Nagaland,Kohima,25.6751,94.1086,State Representative,2026-09-30T12:29:32.077335+00:00,True
2026-10-03 16:00:00,12.6,13.5,312.0,7.6,4.3,98.0,103.0,39.0,Nagaland,Kohima,25.6751,94.1086,State Representative,2026-09-30T12:29:32.077335+00:00,True
2026-10-03 17:00:00,15.0,15.8,333.0,11.3,4.0,82.0,95.0,40.0,Nagaland,Kohima,25.6751,94.1086,State Representative,2026-09-30T12:29:32.077335+00:00,True
2026-10-03 18:00:00,17.4,18.3,364.0,14.7,4.0,74.0,81.0,41.0,Nagaland,Kohima,25.6751,94.1086,State Representative,2026-09-30T12:29:32.077335+00:00,True
2026-10-03 19:00:00,21.1,22.1,399.0,17.8,4.1,69.0,65.0,43.0,Nagaland,Kohima,25.6751,94.1086,State Representative,2026-09-30T12:29:32.077335+00:00,True
2026-10-03 20:00:00,24.3,25.3,413.0,19.4,4.0,63.0,57.0,45.0,Nagaland,Kohima,25.6751,94.1086,State Representative,2026-09-30T12:29:32.077335+00:00,True
2026-10-03 21:00:00,26.8,27.8,391.0,18.6,3.3,53.0,58.0,47.0,Nagaland,Kohima,25.6751,94.1086,State Representative,2026-09-30T12:29:32.077335+00:00,True
2026-10-03 22:00:00,24.7,25.7,349.0,16.3,2.4,41.0,59.0,46.0,Nagaland,Kohima,25.6751,94.1086,State Representative,2026-09-30T12:29:32.077335+00:00,True
2026-10-03 23:00:00,23.9,24.6,310.0,13.7,1.8,35.0,60.0,45.0,Nagaland,Kohima,25.6751,94.1086,State Representative,2026-09-30T12:29:32.077335+00:00,True
2026-10-04 00:00:00,22.7,23.3,278.0,10.9,1.8,38.0,61.0,44.0,Nagaland,Kohima,25.6751,94.1086,State Representative,2026-09-30T12:29:32.077335+00:00,True
2026-10-04 01:00:00,21.4,22.1,251.0,7.7,2.0,46.0,62.0,44.0,Nagaland,Kohima,25.6751,94.1086,State Representative,2026-09-30T12:29:32.077335+00:00,True
2026-10-04 02:00:00,17.9,18.9,241.0,5.4,2.3,53.0,63.0,42.0,Nagaland,Kohima,25.6751,94.1086,State Representative,2026-09-30T12:29:32.077335+00:00,True
2026-10-04 03:00:00,15.7,17.0,267.0,4.5,2.4,53.0,64.0,40.0,Nagaland,Kohima,25.6751,94.1086,State Representative,2026-09-30T12:29:32.077335+00:00,True
2026-10-04 04:00:00,15.9,17.1,312.0,4.4,2.5,53.0,64.0,41.0,Nagaland,Kohima,25.6751,94.1086,State Representative,2026-09-30T12:29:32.077335+00:00,True
2026-10-04 05:00:00,16.6,17.9,346.8,4.1,2.8,59.0,65.0,41.0,Nagaland,Kohima,25.6751,94.1086,State Representative,2026-09-30T12:29:32.077335+00:00,True
2026-10-04 06:00:00,17.1,18.6,352.5,3.1,3.7,80.0,66.0,41.0,Nagaland,Kohima,25.6751,94.1086,State Representative,2026-09-30T12:29:32.077335+00:00,True
2026-10-04 07:00:00,17.5,20.9,340.3,1.8,4.8,109.0,66.0,49.0,Nagaland,Kohima,25.6751,94.1086,State Representative,2026-09-30T12:29:32.077335+00:00,True
2026-10-04 08:00:00,19.1,24.7,326.0,0.9,5.7,130.0,66.0,65.0,Nagaland,Kohima,25.6751,94.1086,State Representative,2026-09-30T12:29:32.077335+00:00,True
2026-10-04 09:00:00,21.2,28.3,321.0,0.5,6.1,138.0,67.0,69.0,Nagaland,Kohima,25.6751,94.1086,State Representative,2026-09-30T12:29:32.077335+00:00,True
2026-10-04 10:00:00,22.2,29.6,322.0,0.5,6.3,140.0,67.0,70.0,Nagaland,Kohima,25.6751,94.1086,State Representative,2026-09-30T12:29:32.077335+00:00,True
2026-10-04 11:00:00,22.3,29.3,325.0,0.5,6.3,139.0,68.0,70.0,Nagaland,Kohima,25.6751,94.1086,State Representative,2026-09-30T12:29:32.077335+00:00,True
2026-10-04 12:00:00,22.1,28.5,329.0,0.3,6.3,139.0,68.0,70.0,Nagaland,Kohima,25.6751,94.1086,State Representative,2026-09-30T12:29:32.077335+00:00,True
2026-10-04 13:00:00,21.8,27.7,336.0,0.1,6.2,137.0,69.0,69.0,Nagaland,Kohima,25.6751,94.1086,State Representative,2026-09-30T12:29:32.077335+00:00,True
2026-10-04 14:00:00,21.7,27.1,347.0,0.7,5.9,130.0,82.0,65.0,Nagaland,Kohima,25.6751,94.1086,State Representative,2026-09-30T12:29:32.077335+00:00,True
2026-10-04 15:00:00,21.9,26.8,366.0,2.5,5.4,113.0,92.0,53.0,Nagaland,Kohima,25.6751,94.1086,State Representative,2026-09-30T12:29:32.077335+00:00,True
2026-10-04 16:00:00,22.4,26.5,389.0,5.0,4.8,91.0,93.0,44.0,Nagaland,Kohima,25.6751,94.1086,State Representative,2026-09-30T12:29:32.077335+00:00,True
2026-10-04 17:00:00,24.3,27.9,413.0,7.3,4.4,75.0,85.0,45.0,Nagaland,Kohima,25.6751,94.1086,State Representative,2026-09-30T12:29:32.077335+00:00,True
2026-10-04 18:00:00,26.5,30.3,438.0,9.1,4.6,70.0,72.0,47.0,Nagaland,Kohima,25.6751,94.1086,State Representative,2026-09-30T12:29:32.077335+00:00,True
2026-10-04 19:00:00,28.3,32.5,463.0,10.7,5.1,70.0,73.0,48.0,Nagaland,Kohima,25.6751,94.1086,State Representative,2026-09-30T12:29:32.077335+00:00,True
2026-10-04 20:00:00,30.9,35.0,484.0,11.9,5.2,68.0,74.0,49.0,Nagaland,Kohima,25.6751,94.1086,State Representative,2026-09-30T12:29:32.077335+00:00,True
2026-10-04 21:00:00,33.4,37.5,501.0,12.8,4.6,61.0,74.0,51.0,Nagaland,Kohima,25.6751,94.1086,State Representative,2026-09-30T12:29:32.077335+00:00,True
2026-10-04 22:00:00,35.7,39.6,514.0,13.3,3.7,52.0,75.0,52.0,Nagaland,Kohima,25.6751,94.1086,State Representative,2026-09-30T12:29:32.077335+00:00,True
2026-10-04 23:00:00,37.0,40.7,520.0,13.2,2.9,45.0,76.0,53.0,Nagaland,Kohima,25.6751,94.1086,State Representative,2026-09-30T12:29:32.077335+00:00,True
2026-10-05 00:00:00,37.6,41.2,514.0,12.2,2.4,42.0,77.0,53.0,Nagaland,Kohima,25.6751,94.1086,State Representative,2026-09-30T12:29:32.077335+00:00,True
2026-10-05 01:00:00,38.1,41.4,501.0,10.5,2.1,40.0,78.0,53.0,Nagaland,Kohima,25.6751,94.1086,State Representative,2026-09-30T12:29:32.077335+00:00,True
2026-10-05 02:00:00,34.7,38.2,488.0,9.0,1.9,39.0,79.0,51.0,Nagaland,Kohima,25.6751,94.1086,State Representative,2026-09-30T12:29:32.077335+00:00,True
2026-10-05 03:00:00,32.6,35.9,476.0,7.9,1.8,39.0,81.0,50.0,Nagaland,Kohima,25.6751,94.1086,State Representative,2026-09-30T12:29:32.077335+00:00,True
2026-10-05 04:00:00,29.7,32.7,464.0,6.9,1.9,39.0,82.0,48.0,Nagaland,Kohima,25.6751,94.1086,State Representative,2026-09-30T12:29:32.077335+00:00,True
2026-10-05 05:00:00,28.3,30.9,455.0,6.2,1.9,39.0,83.0,48.0,Nagaland,Kohima,25.6751,94.1086,State Representative,2026-09-30T12:29:32.077335+00:00,True
2026-10-05 06:00:00,,,,,,,84.0,,Nagaland,Kohima,25.6751,94.1086,State Representative,2026-09-30T12:29:32.077335+00:00,False
2026-10-05 07:00:00,,,,,,,,,Nagaland,Kohima,25.6751,94.1086,State Representative,2026-09-30T12:29:32.077335+00:00,False
2026-10-05 08:00:00,,,,,,,,,Nagaland,Kohima,25.6751,94.1086,State Representative,2026-09-30T12:29:32.077335+00:00,False
2026-10-05 09:00:00,,,,,,,,,Nagaland,Kohima,25.6751,94.1086,State Representative,2026-09-30T12:29:32.077335+00:00,False
2026-10-05 10:00:00,,,,,,,,,Nagaland,Kohima,25.6751,94.1086,State Representative,2026-09-30T12:29:32.077335+00:00,False
2026-10-05 11:00:00,,,,,,,,,Nagaland,Kohima,25.6751,94.1086,State Representative,2026-09-30T12:29:32.077335+00:00,False
2026-10-05 12:00:00,,,,,,,,,Nagaland,Kohima,25.6751,94.1086,State Representative,2026-09-30T12:29:32.077335+00:00,False
2026-10-05 13:00:00,,,,,,,,,Nagaland,Kohima,25.6751,94.1086,State Representative,2026-09-30T12:29:32.077335+00:00,False
2026-10-05 14:00:00,,,,,,,,,Nagaland,Kohima,25.6751,94.1086,State Representative,2026-09-30T12:29:32.077335+00:00,False
2026-10-05 15:00:00,,,,,,,,,Nagaland,Kohima,25.6751,94.1086,State Representative,2026-09-30T12:29:32.077335+00:00,False
2026-10-05 16:00:00,,,,,,,,,Nagaland,Kohima,25.6751,94.1086,State Representative,2026-09-30T12:29:32.077335+00:00,False
2026-10-05 17:00:00,,,,,,,,,Nagaland,Kohima,25.6751,94.1086,State Representative,2026-09-30T12:29:32.077335+00:00,False
2026-10-05 18:00:00,,,,,,,,,Nagaland,Kohima,25.6751,94.1086,State Representative,2026-09-30T12:29:32.077335+00:00,False
2026-10-05 19:00:00,,,,,,,,,Nagaland,Kohima,25.6751,94.1086,State Representative,2026-09-30T12:29:32.077335+00:00,False
2026-10-05 20:00:00,,,,,,,,,Nagaland,Kohima,25.6751,94.1086,State Representative,2026-09-30T12:29:32.077335+00:00,False
2026-10-05 21:00:00,,,,,,,,,Nagaland,Kohima,25.6751,94.1086,State Representative,2026-09-30T12:29:32.077335+00:00,False
2026-10-05 22:00:00,,,,,,,,,Nagaland,Kohima,25.6751,94.1086,State Representative,2026-09-30T12:29:32.077335+00:00,False
2026-10-05 23:00:00,,,,,,,,,Nagaland,Kohima,25.6751,94.1086,State Representative,2026-09-30T12:29:32.077335+00:00,False
2026-10-06 00:00:00,,,,,,,,,Nagaland,Kohima,25.6751,94.1086,State Representative,2026-09-30T12:29:32.077335+00:00,False
2026-10-06 01:00:00,,,,,,,,,Nagaland,Kohima,25.6751,94.1086,State Representative,2026-09-30T12:29:32.077335+00:00,False
2026-10-06 02:00:00,,,,,,,,,Nagaland,Kohima,25.6751,94.1086,State Representative,2026-09-30T12:29:32.077335+00:00,False
2026-10-06 03:00:00,,,,,,,,,Nagaland,Kohima,25.6751,94.1086,State Representative,2026-09-30T12:29:32.077335+00:00,False
2026-10-06 04:00:00,,,,,,,,,Nagaland,Kohima,25.6751,94.1086,State Representative,2026-09-30T12:29:32.077335+00:00,False
2026-10-06 05:00:00,,,,,,,,,Nagaland,Kohima,25.6751,94.1086,State Representative,2026-09-30T12:29:32.077335+00:00,False
2026-10-06 06:00:00,,,,,,,,,Nagaland,Kohima,25.6751,94.1086,State Representative,2026-09-30T12:29:32.077335+00:00,False
2026-10-06 07:00:00,,,,,,,,,Nagaland,Kohima,25.6751,94.1086,State Representative,2026-09-30T12:29:32.077335+00:00,False
2026-10-06 08:00:00,,,,,,,,,Nagaland,Kohima,25.6751,94.1086,State Representative,2026-09-30T12:29:32.077335+00:00,False
2026-10-06 09:00:00,,,,,,,,,Nagaland,Kohima,25.6751,94.1086,State Representative,2026-09-30T12:29:32.077335+00:00,False
2026-10-06 10:00:00,,,,,,,,,Nagaland,Kohima,25.6751,94.1086,State Representative,2026-09-30T12:29:32.077335+00:00,False
2026-10-06 11:00:00,,,,,,,,,Nagaland,Kohima,25.6751,94.1086,State Representative,2026-09-30T12:29:32.077335+00:00,False
2026-10-06 12:00:00,,,,,,,,,Nagaland,Kohima,25.6751,94.1086,State Representative,2026-09-30T12:29:32.077335+00:00,False
2026-10-06 13:00:00,,,,,,,,,Nagaland,Kohima,25.6751,94.1086,State Representative,2026-09-30T12:29:32.077335+00:00,False
2026-10-06 14:00:00,,,,,,,,,Nagaland,Kohima,25.6751,94.1086,State Representative,2026-09-30T12:29:32.077335+00:00,False
2026-10-06 15:00:00,,,,,,,,,Nagaland,Kohima,25.6751,94.1086,State Representative,2026-09-30T12:29:32.077335+00:00,False
2026-10-06 16:00:00,,,,,,,,,Nagaland,Kohima,25.6751,94.1086,State Representative,2026-09-30T12:29:32.077335+00:00,False
2026-10-06 17:00:00,,,,,,,,,Nagaland,Kohima,25.6751,94.1086,State Representative,2026-09-30T12:29:32.077335+00:00,False
2026-10-06 18:00:00,,,,,,,,,Nagaland,Kohima,25.6751,94.1086,State Representative,2026-09-30T12:29:32.077335+00:00,False
2026-10-06 19:00:00,,,,,,,,,Nagaland,Kohima,25.6751,94.1086,State Representative,2026-09-30T12:29:32.077335+00:00,False
2026-10-06 20:00:00,,,,,,,,,Nagaland,Kohima,25.6751,94.1086,State Representative,2026-09-30T12:29:32.077335+00:00,False
2026-10-06 21:00:00,,,,,,,,,Nagaland,Kohima,25.6751,94.1086,State Representative,2026-09-30T12:29:32.077335+00:00,False
2026-10-06 22:00:00,,,,,,,,,Nagaland,Kohima,25.6751,94.1086,State Representative,2026-09-30T12:29:32.077335+00:00,False
2026-10-06 23:00:00,,,,,,,,,Nagaland,Kohima,25.6751,94.1086,State Representative,2026-09-30T12:29:32.077335+00:00,False
2026-09-30 00:00:00,71.5,86.1,538.0,27.8,16.4,47.0,156.0,71.0,Odisha,Bhubaneswar,20.2961,85.8245,State Representative,2026-09-30T12:29:32.760017+00:00,True
2026-09-30 01:00:00,65.2,79.4,499.0,23.4,15.9,48.0,156.0,68.0,Odisha,Bhubaneswar,20.2961,85.8245,State Representative,2026-09-30T12:29:32.760017+00:00,True
2026-09-30 02:00:00,60.5,75.4,475.0,20.2,15.6,49.0,156.0,65.0,Odisha,Bhubaneswar,20.2961,85.8245,State Representative,2026-09-30T12:29:32.760017+00:00,True
2026-09-30 03:00:00,57.2,73.1,467.0,19.0,15.3,44.0,156.0,64.0,Odisha,Bhubaneswar,20.2961,85.8245,State Representative,2026-09-30T12:29:32.760017+00:00,True
2026-09-30 04:00:00,54.0,70.8,475.0,18.9,15.2,39.0,156.0,62.0,Odisha,Bhubaneswar,20.2961,85.8245,State Representative,2026-09-30T12:29:32.760017+00:00,True
2026-09-30 05:00:00,57.0,75.7,470.0,18.9,14.4,43.0,156.0,64.0,Odisha,Bhubaneswar,20.2961,85.8245,State Representative,2026-09-30T12:29:32.760017+00:00,True
2026-09-30 06:00:00,56.0,74.3,442.0,15.9,16.0,65.0,156.0,63.0,Odisha,Bhubaneswar,20.2961,85.8245,State Representative,2026-09-30T12:29:32.760017+00:00,True
2026-09-30 07:00:00,51.2,70.3,401.0,11.7,18.3,97.0,156.0,61.0,Odisha,Bhubaneswar,20.2961,85.8245,State Representative,2026-09-30T12:29:32.760017+00:00,True
2026-09-30 08:00:00,48.7,77.5,358.0,8.2,20.8,125.0,155.0,63.0,Odisha,Bhubaneswar,20.2961,85.8245,State Representative,2026-09-30T12:29:32.760017+00:00,True
2026-09-30 09:00:00,47.3,79.4,309.0,6.0,24.1,147.0,155.0,74.0,Odisha,Bhubaneswar,20.2961,85.8245,State Representative,2026-09-30T12:29:32.760017+00:00,True
2026-09-30 10:00:00,46.4,76.8,257.0,4.4,27.6,166.0,155.0,86.0,Odisha,Bhubaneswar,20.2961,85.8245,State Representative,2026-09-30T12:29:32.760017+00:00,True
2026-09-30 11:00:00,44.9,72.6,220.0,3.4,29.3,179.0,154.0,99.0,Odisha,Bhubaneswar,20.2961,85.8245,State Representative,2026-09-30T12:29:32.760017+00:00,True
2026-09-30 12:00:00,44.6,69.8,195.0,2.2,27.7,186.0,154.0,106.0,Odisha,Bhubaneswar,20.2961,85.8245,State Representative,2026-09-30T12:29:32.760017+00:00,True
2026-09-30 13:00:00,44.5,68.0,185.0,1.4,24.3,186.0,154.0,106.0,Odisha,Bhubaneswar,20.2961,85.8245,State Representative,2026-09-30T12:29:32.760017+00:00,True
2026-09-30 14:00:00,45.3,68.7,217.0,3.2,21.4,179.0,154.0,99.0,Odisha,Bhubaneswar,20.2961,85.8245,State Representative,2026-09-30T12:29:32.760017+00:00,True
2026-09-30 15:00:00,45.4,66.8,318.0,9.3,19.7,160.0,153.0,80.0,Odisha,Bhubaneswar,20.2961,85.8245,State Representative,2026-09-30T12:29:32.760017+00:00,True
2026-09-30 16:00:00,47.7,67.3,461.0,17.8,18.6,133.0,153.0,67.0,Odisha,Bhubaneswar,20.2961,85.8245,State Representative,2026-09-30T12:29:32.760017+00:00,True
2026-09-30 17:00:00,55.2,73.8,594.0,25.5,18.1,108.0,153.0,63.0,Odisha,Bhubaneswar,20.2961,85.8245,State Representative,2026-09-30T12:29:32.760017+00:00,True
2026-09-30 18:00:00,66.4,85.7,725.0,31.7,18.8,88.0,153.0,68.0,Odisha,Bhubaneswar,20.2961,85.8245,State Representative,2026-09-30T12:29:32.760017+00:00,True
2026-09-30 19:00:00,75.4,94.3,846.0,37.0,20.2,71.0,153.0,73.0,Odisha,Bhubaneswar,20.2961,85.8245,State Representative,2026-09-30T12:29:32.760017+00:00,True
2026-09-30 20:00:00,75.0,93.1,885.0,39.6,20.9,58.0,153.0,73.0,Odisha,Bhubaneswar,20.2961,85.8245,State Representative,2026-09-30T12:29:32.760017+00:00,True
2026-09-30 21:00:00,73.6,90.6,771.0,37.8,20.1,52.0,153.0,72.0,Odisha,Bhubaneswar,20.2961,85.8245,State Representative,2026-09-30T12:29:32.760017+00:00,True
2026-09-30 22:00:00,70.1,85.7,574.0,33.3,18.7,50.0,152.0,70.0,Odisha,Bhubaneswar,20.2961,85.8245,State Representative,2026-09-30T12:29:32.760017+00:00,True
2026-09-30 23:00:00,65.2,79.9,433.0,29.0,17.4,49.0,151.0,68.0,Odisha,Bhubaneswar,20.2961,85.8245,State Representative,2026-09-30T12:29:32.760017+00:00,True
2026-10-01 00:00:00,61.2,75.0,416.0,25.8,16.6,47.0,151.0,66.0,Odisha,Bhubaneswar,20.2961,85.8245,State Representative,2026-09-30T12:29:32.760017+00:00,True
2026-10-01 01:00:00,57.3,69.8,455.0,22.9,15.9,45.0,151.0,64.0,Odisha,Bhubaneswar,20.2961,85.8245,State Representative,2026-09-30T12:29:32.760017+00:00,True
2026-10-01 02:00:00,53.3,64.7,484.0,20.8,15.3,43.0,151.0,62.0,Odisha,Bhubaneswar,20.2961,85.8245,State Representative,2026-09-30T12:29:32.760017+00:00,True
2026-10-01 03:00:00,50.2,61.2,475.0,20.2,14.6,37.0,150.0,60.0,Odisha,Bhubaneswar,20.2961,85.8245,State Representative,2026-09-30T12:29:32.760017+00:00,True
2026-10-01 04:00:00,47.7,58.7,455.0,20.3,13.9,31.0,150.0,59.0,Odisha,Bhubaneswar,20.2961,85.8245,State Representative,2026-09-30T12:29:32.760017+00:00,True
2026-10-01 05:00:00,46.9,57.7,440.0,19.3,14.0,36.0,150.0,58.0,Odisha,Bhubaneswar,20.2961,85.8245,State Representative,2026-09-30T12:29:32.760017+00:00,True
2026-10-01 06:00:00,48.5,58.8,444.0,16.0,15.2,60.0,149.0,59.0,Odisha,Bhubaneswar,20.2961,85.8245,State Representative,2026-09-30T12:29:32.760017+00:00,True
2026-10-01 07:00:00,46.9,57.0,453.0,11.6,17.2,94.0,148.0,58.0,Odisha,Bhubaneswar,20.2961,85.8245,State Representative,2026-09-30T12:29:32.760017+00:00,True
2026-10-01 08:00:00,43.0,56.2,441.0,8.0,19.6,126.0,147.0,63.0,Odisha,Bhubaneswar,20.2961,85.8245,State Representative,2026-09-30T12:29:32.760017+00:00,True
2026-10-01 09:00:00,42.5,53.6,386.0,5.8,23.3,152.0,147.0,76.0,Odisha,Bhubaneswar,20.2961,85.8245,State Representative,2026-09-30T12:29:32.760017+00:00,True
2026-10-01 10:00:00,43.1,52.4,310.0,4.4,27.4,176.0,146.0,96.0,Odisha,Bhubaneswar,20.2961,85.8245,State Representative,2026-09-30T12:29:32.760017+00:00,True
2026-10-01 11:00:00,42.0,51.9,255.0,3.4,29.3,192.0,146.0,112.0,Odisha,Bhubaneswar,20.2961,85.8245,State Representative,2026-09-30T12:29:32.760017+00:00,True
2026-10-01 12:00:00,40.5,51.2,225.0,2.2,27.0,197.0,146.0,117.0,Odisha,Bhubaneswar,20.2961,85.8245,State Representative,2026-09-30T12:29:32.760017+00:00,True
2026-10-01 13:00:00,39.8,51.0,215.0,1.5,22.5,194.0,145.0,114.0,Odisha,Bhubaneswar,20.2961,85.8245,State Representative,2026-09-30T12:29:32.760017+00:00,True
2026-10-01 14:00:00,38.8,49.7,260.0,3.0,18.9,185.0,145.0,105.0,Odisha,Bhubaneswar,20.2961,85.8245,State Representative,2026-09-30T12:29:32.760017+00:00,True
2026-10-01 15:00:00,38.8,49.7,403.0,8.7,17.3,166.0,146.0,86.0,Odisha,Bhubaneswar,20.2961,85.8245,State Representative,2026-09-30T12:29:32.760017+00:00,True
2026-10-01 16:00:00,40.9,51.7,599.0,16.7,16.6,141.0,159.0,71.0,Odisha,Bhubaneswar,20.2961,85.8245,State Representative,2026-09-30T12:29:32.760017+00:00,True
2026-10-01 17:00:00,48.2,59.1,748.0,23.0,16.2,119.0,161.0,59.0,Odisha,Bhubaneswar,20.2961,85.8245,State Representative,2026-09-30T12:29:32.760017+00:00,True
2026-10-01 18:00:00,55.4,66.4,816.0,26.2,16.0,103.0,156.0,63.0,Odisha,Bhubaneswar,20.2961,85.8245,State Representative,2026-09-30T12:29:32.760017+00:00,True
2026-10-01 19:00:00,60.8,71.5,838.0,27.7,16.1,89.0,142.0,65.0,Odisha,Bhubaneswar,20.2961,85.8245,State Representative,2026-09-30T12:29:32.760017+00:00,True
2026-10-01 20:00:00,59.4,70.1,813.0,27.8,15.8,80.0,139.0,65.0,Odisha,Bhubaneswar,20.2961,85.8245,State Representative,2026-09-30T12:29:32.760017+00:00,True
2026-10-01 21:00:00,57.5,68.0,721.0,25.9,14.6,76.0,138.0,64.0,Odisha,Bhubaneswar,20.2961,85.8245,State Representative,2026-09-30T12:29:32.760017+00:00,True
2026-10-01 22:00:00,55.8,66.4,583.0,22.5,13.0,77.0,136.0,63.0,Odisha,Bhubaneswar,20.2961,85.8245,State Representative,2026-09-30T12:29:32.760017+00:00,True
2026-10-01 23:00:00,53.6,64.0,466.0,19.4,11.7,77.0,135.0,62.0,Odisha,Bhubaneswar,20.2961,85.8245,State Representative,2026-09-30T12:29:32.760017+00:00,True
2026-10-02 00:00:00,52.7,63.3,394.0,17.1,10.8,76.0,133.0,61.0,Odisha,Bhubaneswar,20.2961,85.8245,State Representative,2026-09-30T12:29:32.760017+00:00,True
2026-10-02 01:00:00,51.9,62.4,344.0,15.2,10.2,74.0,132.0,61.0,Odisha,Bhubaneswar,20.2961,85.8245,State Representative,2026-09-30T12:29:32.760017+00:00,True
2026-10-02 02:00:00,50.9,61.0,309.0,14.2,9.8,72.0,132.0,60.0,Odisha,Bhubaneswar,20.2961,85.8245,State Representative,2026-09-30T12:29:32.760017+00:00,True
2026-10-02 03:00:00,50.5,60.8,290.0,14.9,9.6,65.0,132.0,60.0,Odisha,Bhubaneswar,20.2961,85.8245,State Representative,2026-09-30T12:29:32.760017+00:00,True
2026-10-02 04:00:00,51.5,62.6,287.0,16.6,9.7,57.0,132.0,61.0,Odisha,Bhubaneswar,20.2961,85.8245,State Representative,2026-09-30T12:29:32.760017+00:00,True
2026-10-02 05:00:00,54.1,66.1,290.0,16.8,10.2,59.0,132.0,62.0,Odisha,Bhubaneswar,20.2961,85.8245,State Representative,2026-09-30T12:29:32.760017+00:00,True
2026-10-02 06:00:00,56.9,67.8,299.0,14.2,10.7,77.0,133.0,63.0,Odisha,Bhubaneswar,20.2961,85.8245,State Representative,2026-09-30T12:29:32.760017+00:00,True
2026-10-02 07:00:00,53.7,65.7,314.0,10.2,11.6,104.0,134.0,62.0,Odisha,Bhubaneswar,20.2961,85.8245,State Representative,2026-09-30T12:29:32.760017+00:00,True
2026-10-02 08:00:00,47.7,62.2,324.0,7.0,14.0,131.0,134.0,66.0,Odisha,Bhubaneswar,20.2961,85.8245,State Representative,2026-09-30T12:29:32.760017+00:00,True
2026-10-02 09:00:00,47.1,64.0,323.0,5.3,19.6,156.0,135.0,78.0,Odisha,Bhubaneswar,20.2961,85.8245,State Representative,2026-09-30T12:29:32.760017+00:00,True
2026-10-02 10:00:00,48.7,67.8,316.0,4.4,26.7,180.0,135.0,100.0,Odisha,Bhubaneswar,20.2961,85.8245,State Representative,2026-09-30T12:29:32.760017+00:00,True
2026-10-02 11:00:00,51.0,71.2,310.0,3.8,31.0,197.0,136.0,117.0,Odisha,Bhubaneswar,20.2961,85.8245,State Representative,2026-09-30T12:29:32.760017+00:00,True
2026-10-02 12:00:00,51.7,71.9,288.0,2.8,30.2,207.0,137.0,127.0,Odisha,Bhubaneswar,20.2961,85.8245,State Representative,2026-09-30T12:29:32.760017+00:00,True
2026-10-02 13:00:00,51.7,71.9,266.0,2.1,26.7,210.0,138.0,130.0,Odisha,Bhubaneswar,20.2961,85.8245,State Representative,2026-09-30T12:29:32.760017+00:00,True
2026-10-02 14:00:00,51.3,71.7,300.0,3.2,23.3,204.0,139.0,124.0,Odisha,Bhubaneswar,20.2961,85.8245,State Representative,2026-09-30T12:29:32.760017+00:00,True
2026-10-02 15:00:00,51.7,71.9,458.0,8.0,21.1,182.0,159.0,102.0,Odisha,Bhubaneswar,20.2961,85.8245,State Representative,2026-09-30T12:29:32.760017+00:00,True
2026-10-02 16:00:00,52.9,71.9,672.0,14.5,19.0,150.0,171.0,75.0,Odisha,Bhubaneswar,20.2961,85.8245,State Representative,2026-09-30T12:29:32.760017+00:00,True
2026-10-02 17:00:00,55.5,71.0,791.0,19.1,17.2,123.0,174.0,63.0,Odisha,Bhubaneswar,20.2961,85.8245,State Representative,2026-09-30T12:29:32.760017+00:00,True
2026-10-02 18:00:00,55.6,68.2,722.0,19.8,15.8,107.0,169.0,63.0,Odisha,Bhubaneswar,20.2961,85.8245,State Representative,2026-09-30T12:29:32.760017+00:00,True
2026-10-02 19:00:00,53.6,63.6,558.0,18.4,14.8,96.0,158.0,62.0,Odisha,Bhubaneswar,20.2961,85.8245,State Representative,2026-09-30T12:29:32.760017+00:00,True
2026-10-02 20:00:00,51.0,59.5,431.0,16.8,13.6,88.0,143.0,61.0,Odisha,Bhubaneswar,20.2961,85.8245,State Representative,2026-09-30T12:29:32.760017+00:00,True
2026-10-02 21:00:00,48.7,56.3,397.0,15.4,12.1,83.0,142.0,59.0,Odisha,Bhubaneswar,20.2961,85.8245,State Representative,2026-09-30T12:29:32.760017+00:00,True
2026-10-02 22:00:00,46.0,53.0,400.0,13.7,10.5,80.0,141.0,58.0,Odisha,Bhubaneswar,20.2961,85.8245,State Representative,2026-09-30T12:29:32.760017+00:00,True
2026-10-02 23:00:00,42.7,49.5,400.0,12.0,9.2,79.0,140.0,56.0,Odisha,Bhubaneswar,20.2961,85.8245,State Representative,2026-09-30T12:29:32.760017+00:00,True
2026-10-03 00:00:00,40.6,47.0,379.0,10.3,8.3,79.0,139.0,55.0,Odisha,Bhubaneswar,20.2961,85.8245,State Representative,2026-09-30T12:29:32.760017+00:00,True
2026-10-03 01:00:00,38.9,45.3,356.0,8.7,7.7,81.0,138.0,54.0,Odisha,Bhubaneswar,20.2961,85.8245,State Representative,2026-09-30T12:29:32.760017+00:00,True
2026-10-03 02:00:00,37.8,44.2,338.0,7.7,7.3,82.0,137.0,53.0,Odisha,Bhubaneswar,20.2961,85.8245,State Representative,2026-09-30T12:29:32.760017+00:00,True
2026-10-03 03:00:00,37.5,44.1,332.0,7.8,7.2,79.0,135.0,53.0,Odisha,Bhubaneswar,20.2961,85.8245,State Representative,2026-09-30T12:29:32.760017+00:00,True
2026-10-03 04:00:00,37.8,44.7,332.0,8.4,7.2,75.0,134.0,53.0,Odisha,Bhubaneswar,20.2961,85.8245,State Representative,2026-09-30T12:29:32.760017+00:00,True
2026-10-03 05:00:00,39.0,46.0,334.0,8.6,7.5,76.0,133.0,54.0,Odisha,Bhubaneswar,20.2961,85.8245,State Representative,2026-09-30T12:29:32.760017+00:00,True
2026-10-03 06:00:00,40.6,47.3,342.0,7.7,7.5,86.0,131.0,55.0,Odisha,Bhubaneswar,20.2961,85.8245,State Representative,2026-09-30T12:29:32.760017+00:00,True
2026-10-03 07:00:00,41.2,49.8,352.0,6.2,7.7,102.0,129.0,55.0,Odisha,Bhubaneswar,20.2961,85.8245,State Representative,2026-09-30T12:29:32.760017+00:00,True
2026-10-03 08:00:00,43.1,54.4,350.0,5.0,9.3,120.0,128.0,60.0,Odisha,Bhubaneswar,20.2961,85.8245,State Representative,2026-09-30T12:29:32.760017+00:00,True
2026-10-03 09:00:00,44.5,58.8,322.0,4.2,14.0,142.0,127.0,71.0,Odisha,Bhubaneswar,20.2961,85.8245,State Representative,2026-09-30T12:29:32.760017+00:00,True
2026-10-03 10:00:00,48.0,66.6,281.0,3.7,20.1,167.0,127.0,87.0,Odisha,Bhubaneswar,20.2961,85.8245,State Representative,2026-09-30T12:29:32.760017+00:00,True
2026-10-03 11:00:00,53.0,75.0,252.0,3.3,24.4,186.0,127.0,106.0,Odisha,Bhubaneswar,20.2961,85.8245,State Representative,2026-09-30T12:29:32.760017+00:00,True
2026-10-03 12:00:00,55.4,79.4,233.0,2.4,25.3,199.0,127.0,119.0,Odisha,Bhubaneswar,20.2961,85.8245,State Representative,2026-09-30T12:29:32.760017+00:00,True
2026-10-03 13:00:00,56.7,81.5,226.0,1.8,24.4,206.0,128.0,126.0,Odisha,Bhubaneswar,20.2961,85.8245,State Representative,2026-09-30T12:29:32.760017+00:00,True
2026-10-03 14:00:00,58.0,83.4,264.0,3.2,23.2,203.0,128.0,123.0,Odisha,Bhubaneswar,20.2961,85.8245,State Representative,2026-09-30T12:29:32.760017+00:00,True
2026-10-03 15:00:00,59.4,84.8,394.0,8.7,22.0,183.0,148.0,103.0,Odisha,Bhubaneswar,20.2961,85.8245,State Representative,2026-09-30T12:29:32.760017+00:00,True
2026-10-03 16:00:00,61.7,85.0,568.0,16.3,20.5,153.0,162.0,77.0,Odisha,Bhubaneswar,20.2961,85.8245,State Representative,2026-09-30T12:29:32.760017+00:00,True
2026-10-03 17:00:00,64.7,85.9,681.0,22.0,19.1,126.0,167.0,67.0,Odisha,Bhubaneswar,20.2961,85.8245,State Representative,2026-09-30T12:29:32.760017+00:00,True
2026-10-03 18:00:00,67.3,85.9,677.0,24.3,18.0,107.0,164.0,69.0,Odisha,Bhubaneswar,20.2961,85.8245,State Representative,2026-09-30T12:29:32.760017+00:00,True
2026-10-03 19:00:00,66.8,82.9,612.0,24.7,17.1,90.0,155.0,68.0,Odisha,Bhubaneswar,20.2961,85.8245,State Representative,2026-09-30T12:29:32.760017+00:00,True
2026-10-03 20:00:00,61.9,75.2,544.0,24.0,16.0,79.0,136.0,66.0,Odisha,Bhubaneswar,20.2961,85.8245,State Representative,2026-09-30T12:29:32.760017+00:00,True
2026-10-03 21:00:00,56.9,67.8,487.0,21.9,14.6,74.0,135.0,63.0,Odisha,Bhubaneswar,20.2961,85.8245,State Representative,2026-09-30T12:29:32.760017+00:00,True
2026-10-03 22:00:00,53.0,62.4,428.0,18.6,13.0,74.0,136.0,62.0,Odisha,Bhubaneswar,20.2961,85.8245,State Representative,2026-09-30T12:29:32.760017+00:00,True
2026-10-03 23:00:00,49.2,57.4,382.0,15.6,11.6,75.0,137.0,60.0,Odisha,Bhubaneswar,20.2961,85.8245,State Representative,2026-09-30T12:29:32.760017+00:00,True
2026-10-04 00:00:00,46.6,53.7,358.0,13.2,10.5,77.0,138.0,58.0,Odisha,Bhubaneswar,20.2961,85.8245,State Representative,2026-09-30T12:29:32.760017+00:00,True
2026-10-04 01:00:00,45.1,51.5,348.0,11.1,9.6,79.0,138.0,57.0,Odisha,Bhubaneswar,20.2961,85.8245,State Representative,2026-09-30T12:29:32.760017+00:00,True
2026-10-04 02:00:00,44.4,50.4,346.0,9.8,9.0,80.0,139.0,57.0,Odisha,Bhubaneswar,20.2961,85.8245,State Representative,2026-09-30T12:29:32.760017+00:00,True
2026-10-04 03:00:00,44.0,50.1,354.0,10.0,8.6,75.0,140.0,57.0,Odisha,Bhubaneswar,20.2961,85.8245,State Representative,2026-09-30T12:29:32.760017+00:00,True
2026-10-04 04:00:00,44.6,50.8,369.0,11.0,8.4,67.0,140.0,57.0,Odisha,Bhubaneswar,20.2961,85.8245,State Representative,2026-09-30T12:29:32.760017+00:00,True
2026-10-04 05:00:00,45.9,52.6,408.3,11.2,8.6,67.0,141.0,58.0,Odisha,Bhubaneswar,20.2961,85.8245,State Representative,2026-09-30T12:29:32.760017+00:00,True
2026-10-04 06:00:00,47.7,54.6,442.5,9.5,8.7,78.0,142.0,59.0,Odisha,Bhubaneswar,20.2961,85.8245,State Representative,2026-09-30T12:29:32.760017+00:00,True
2026-10-04 07:00:00,46.3,54.7,473.3,7.1,9.1,97.0,142.0,58.0,Odisha,Bhubaneswar,20.2961,85.8245,State Representative,2026-09-30T12:29:32.760017+00:00,True
2026-10-04 08:00:00,46.6,61.5,484.0,5.1,11.7,119.0,143.0,59.0,Odisha,Bhubaneswar,20.2961,85.8245,State Representative,2026-09-30T12:29:32.760017+00:00,True
2026-10-04 09:00:00,48.2,70.1,426.0,4.3,18.8,147.0,143.0,74.0,Odisha,Bhubaneswar,20.2961,85.8245,State Representative,2026-09-30T12:29:32.760017+00:00,True
2026-10-04 10:00:00,50.8,76.6,349.0,4.0,27.9,177.0,144.0,97.0,Odisha,Bhubaneswar,20.2961,85.8245,State Representative,2026-09-30T12:29:32.760017+00:00,True
2026-10-04 11:00:00,54.0,80.8,289.0,3.7,33.7,199.0,144.0,119.0,Odisha,Bhubaneswar,20.2961,85.8245,State Representative,2026-09-30T12:29:32.760017+00:00,True
2026-10-04 12:00:00,54.0,80.3,257.0,2.8,33.0,207.0,144.0,127.0,Odisha,Bhubaneswar,20.2961,85.8245,State Representative,2026-09-30T12:29:32.760017+00:00,True
2026-10-04 13:00:00,54.0,79.6,242.0,1.9,29.0,207.0,144.0,127.0,Odisha,Bhubaneswar,20.2961,85.8245,State Representative,2026-09-30T12:29:32.760017+00:00,True
2026-10-04 14:00:00,54.4,79.4,250.0,2.8,25.4,198.0,144.0,118.0,Odisha,Bhubaneswar,20.2961,85.8245,State Representative,2026-09-30T12:29:32.760017+00:00,True
2026-10-04 15:00:00,55.2,79.9,289.0,7.2,23.4,178.0,153.0,98.0,Odisha,Bhubaneswar,20.2961,85.8245,State Representative,2026-09-30T12:29:32.760017+00:00,True
2026-10-04 16:00:00,56.6,80.3,350.0,13.5,21.8,151.0,166.0,76.0,Odisha,Bhubaneswar,20.2961,85.8245,State Representative,2026-09-30T12:29:32.760017+00:00,True
2026-10-04 17:00:00,62.4,84.1,410.0,18.3,20.6,127.0,171.0,66.0,Odisha,Bhubaneswar,20.2961,85.8245,State Representative,2026-09-30T12:29:32.760017+00:00,True
2026-10-04 18:00:00,68.5,89.6,466.0,20.2,19.8,111.0,168.0,69.0,Odisha,Bhubaneswar,20.2961,85.8245,State Representative,2026-09-30T12:29:32.760017+00:00,True
2026-10-04 19:00:00,68.2,86.1,522.0,20.7,19.4,99.0,157.0,69.0,Odisha,Bhubaneswar,20.2961,85.8245,State Representative,2026-09-30T12:29:32.760017+00:00,True
2026-10-04 20:00:00,63.1,77.8,561.0,20.6,18.8,89.0,142.0,67.0,Odisha,Bhubaneswar,20.2961,85.8245,State Representative,2026-09-30T12:29:32.760017+00:00,True
2026-10-04 21:00:00,60.8,74.0,575.0,20.0,17.8,81.0,142.0,65.0,Odisha,Bhubaneswar,20.2961,85.8245,State Representative,2026-09-30T12:29:32.760017+00:00,True
2026-10-04 22:00:00,60.8,73.6,572.0,18.9,16.6,76.0,143.0,65.0,Odisha,Bhubaneswar,20.2961,85.8245,State Representative,2026-09-30T12:29:32.760017+00:00,True
2026-10-04 23:00:00,59.6,71.5,568.0,17.7,15.5,72.0,144.0,65.0,Odisha,Bhubaneswar,20.2961,85.8245,State Representative,2026-09-30T12:29:32.760017+00:00,True
2026-10-05 00:00:00,58.9,70.1,564.0,16.5,14.5,69.0,145.0,64.0,Odisha,Bhubaneswar,20.2961,85.8245,State Representative,2026-09-30T12:29:32.760017+00:00,True
2026-10-05 01:00:00,58.1,68.7,557.0,15.2,13.6,67.0,146.0,64.0,Odisha,Bhubaneswar,20.2961,85.8245,State Representative,2026-09-30T12:29:32.760017+00:00,True
2026-10-05 02:00:00,57.6,68.2,555.0,14.7,12.9,64.0,147.0,64.0,Odisha,Bhubaneswar,20.2961,85.8245,State Representative,2026-09-30T12:29:32.760017+00:00,True
2026-10-05 03:00:00,57.9,69.2,561.0,15.5,12.5,58.0,149.0,64.0,Odisha,Bhubaneswar,20.2961,85.8245,State Representative,2026-09-30T12:29:32.760017+00:00,True
2026-10-05 04:00:00,58.8,71.2,570.0,16.9,12.2,50.0,150.0,64.0,Odisha,Bhubaneswar,20.2961,85.8245,State Representative,2026-09-30T12:29:32.760017+00:00,True
2026-10-05 05:00:00,59.5,72.9,577.0,18.0,12.1,45.0,150.0,65.0,Odisha,Bhubaneswar,20.2961,85.8245,State Representative,2026-09-30T12:29:32.760017+00:00,True
2026-10-05 06:00:00,,,,,,,151.0,,Odisha,Bhubaneswar,20.2961,85.8245,State Representative,2026-09-30T12:29:32.760017+00:00,False
2026-10-05 07:00:00,,,,,,,,,Odisha,Bhubaneswar,20.2961,85.8245,State Representative,2026-09-30T12:29:32.760017+00:00,False
2026-10-05 08:00:00,,,,,,,,,Odisha,Bhubaneswar,20.2961,85.8245,State Representative,2026-09-30T12:29:32.760017+00:00,False
2026-10-05 09:00:00,,,,,,,,,Odisha,Bhubaneswar,20.2961,85.8245,State Representative,2026-09-30T12:29:32.760017+00:00,False
2026-10-05 10:00:00,,,,,,,,,Odisha,Bhubaneswar,20.2961,85.8245,State Representative,2026-09-30T12:29:32.760017+00:00,False
2026-10-05 11:00:00,,,,,,,,,Odisha,Bhubaneswar,20.2961,85.8245,State Representative,2026-09-30T12:29:32.760017+00:00,False
2026-10-05 12:00:00,,,,,,,,,Odisha,Bhubaneswar,20.2961,85.8245,State Representative,2026-09-30T12:29:32.760017+00:00,False
2026-10-05 13:00:00,,,,,,,,,Odisha,Bhubaneswar,20.2961,85.8245,State Representative,2026-09-30T12:29:32.760017+00:00,False
2026-10-05 14:00:00,,,,,,,,,Odisha,Bhubaneswar,20.2961,85.8245,State Representative,2026-09-30T12:29:32.760017+00:00,False
2026-10-05 15:00:00,,,,,,,,,Odisha,Bhubaneswar,20.2961,85.8245,State Representative,2026-09-30T12:29:32.760017+00:00,False
2026-10-05 16:00:00,,,,,,,,,Odisha,Bhubaneswar,20.2961,85.8245,State Representative,2026-09-30T12:29:32.760017+00:00,False
2026-10-05 17:00:00,,,,,,,,,Odisha,Bhubaneswar,20.2961,85.8245,State Representative,2026-09-30T12:29:32.760017+00:00,False
2026-10-05 18:00:00,,,,,,,,,Odisha,Bhubaneswar,20.2961,85.8245,State Representative,2026-09-30T12:29:32.760017+00:00,False
2026-10-05 19:00:00,,,,,,,,,Odisha,Bhubaneswar,20.2961,85.8245,State Representative,2026-09-30T12:29:32.760017+00:00,False
2026-10-05 20:00:00,,,,,,,,,Odisha,Bhubaneswar,20.2961,85.8245,State Representative,2026-09-30T12:29:32.760017+00:00,False
2026-10-05 21:00:00,,,,,,,,,Odisha,Bhubaneswar,20.2961,85.8245,State Representative,2026-09-30T12:29:32.760017+00:00,False
2026-10-05 22:00:00,,,,,,,,,Odisha,Bhubaneswar,20.2961,85.8245,State Representative,2026-09-30T12:29:32.760017+00:00,False
2026-10-05 23:00:00,,,,,,,,,Odisha,Bhubaneswar,20.2961,85.8245,State Representative,2026-09-30T12:29:32.760017+00:00,False
2026-10-06 00:00:00,,,,,,,,,Odisha,Bhubaneswar,20.2961,85.8245,State Representative,2026-09-30T12:29:32.760017+00:00,False
2026-10-06 01:00:00,,,,,,,,,Odisha,Bhubaneswar,20.2961,85.8245,State Representative,2026-09-30T12:29:32.760017+00:00,False
2026-10-06 02:00:00,,,,,,,,,Odisha,Bhubaneswar,20.2961,85.8245,State Representative,2026-09-30T12:29:32.760017+00:00,False
2026-10-06 03:00:00,,,,,,,,,Odisha,Bhubaneswar,20.2961,85.8245,State Representative,2026-09-30T12:29:32.760017+00:00,False
2026-10-06 04:00:00,,,,,,,,,Odisha,Bhubaneswar,20.2961,85.8245,State Representative,2026-09-30T12:29:32.760017+00:00,False
2026-10-06 05:00:00,,,,,,,,,Odisha,Bhubaneswar,20.2961,85.8245,State Representative,2026-09-30T12:29:32.760017+00:00,False
2026-10-06 06:00:00,,,,,,,,,Odisha,Bhubaneswar,20.2961,85.8245,State Representative,2026-09-30T12:29:32.760017+00:00,False
2026-10-06 07:00:00,,,,,,,,,Odisha,Bhubaneswar,20.2961,85.8245,State Representative,2026-09-30T12:29:32.760017+00:00,False
2026-10-06 08:00:00,,,,,,,,,Odisha,Bhubaneswar,20.2961,85.8245,State Representative,2026-09-30T12:29:32.760017+00:00,False
2026-10-06 09:00:00,,,,,,,,,Odisha,Bhubaneswar,20.2961,85.8245,State Representative,2026-09-30T12:29:32.760017+00:00,False
2026-10-06 10:00:00,,,,,,,,,Odisha,Bhubaneswar,20.2961,85.8245,State Representative,2026-09-30T12:29:32.760017+00:00,False
2026-10-06 11:00:00,,,,,,,,,Odisha,Bhubaneswar,20.2961,85.8245,State Representative,2026-09-30T12:29:32.760017+00:00,False
2026-10-06 12:00:00,,,,,,,,,Odisha,Bhubaneswar,20.2961,85.8245,State Representative,2026-09-30T12:29:32.760017+00:00,False
2026-10-06 13:00:00,,,,,,,,,Odisha,Bhubaneswar,20.2961,85.8245,State Representative,2026-09-30T12:29:32.760017+00:00,False
2026-10-06 14:00:00,,,,,,,,,Odisha,Bhubaneswar,20.2961,85.8245,State Representative,2026-09-30T12:29:32.760017+00:00,False
2026-10-06 15:00:00,,,,,,,,,Odisha,Bhubaneswar,20.2961,85.8245,State Representative,2026-09-30T12:29:32.760017+00:00,False
2026-10-06 16:00:00,,,,,,,,,Odisha,Bhubaneswar,20.2961,85.8245,State Representative,2026-09-30T12:29:32.760017+00:00,False
2026-10-06 17:00:00,,,,,,,,,Odisha,Bhubaneswar,20.2961,85.8245,State Representative,2026-09-30T12:29:32.760017+00:00,False
2026-10-06 18:00:00,,,,,,,,,Odisha,Bhubaneswar,20.2961,85.8245,State Representative,2026-09-30T12:29:32.760017+00:00,False
2026-10-06 19:00:00,,,,,,,,,Odisha,Bhubaneswar,20.2961,85.8245,State Representative,2026-09-30T12:29:32.760017+00:00,False
2026-10-06 20:00:00,,,,,,,,,Odisha,Bhubaneswar,20.2961,85.8245,State Representative,2026-09-30T12:29:32.760017+00:00,False
2026-10-06 21:00:00,,,,,,,,,Odisha,Bhubaneswar,20.2961,85.8245,State Representative,2026-09-30T12:29:32.760017+00:00,False
2026-10-06 22:00:00,,,,,,,,,Odisha,Bhubaneswar,20.2961,85.8245,State Representative,2026-09-30T12:29:32.760017+00:00,False
2026-10-06 23:00:00,,,,,,,,,Odisha,Bhubaneswar,20.2961,85.8245,State Representative,2026-09-30T12:29:32.760017+00:00,False
2026-09-30 00:00:00,37.3,41.2,710.0,39.8,15.0,61.0,139.0,53.0,Punjab,Amritsar,31.634,74.8723,State Representative,2026-09-30T12:29:33.399793+00:00,True
2026-09-30 01:00:00,39.2,43.5,777.0,37.7,14.4,60.0,136.0,54.0,Punjab,Amritsar,31.634,74.8723,State Representative,2026-09-30T12:29:33.399793+00:00,True
2026-09-30 02:00:00,41.2,45.6,811.0,35.5,13.8,59.0,133.0,55.0,Punjab,Amritsar,31.634,74.8723,State Representative,2026-09-30T12:29:33.399793+00:00,True
2026-09-30 03:00:00,42.7,46.8,773.0,33.2,13.1,57.0,130.0,56.0,Punjab,Amritsar,31.634,74.8723,State Representative,2026-09-30T12:29:33.399793+00:00,True
2026-09-30 04:00:00,42.7,46.8,701.0,30.7,12.3,54.0,126.0,56.0,Punjab,Amritsar,31.634,74.8723,State Representative,2026-09-30T12:29:33.399793+00:00,True
2026-09-30 05:00:00,33.6,38.3,661.0,23.7,12.8,68.0,123.0,51.0,Punjab,Amritsar,31.634,74.8723,State Representative,2026-09-30T12:29:33.399793+00:00,True
2026-09-30 06:00:00,38.3,42.8,701.0,23.3,12.8,69.0,119.0,53.0,Punjab,Amritsar,31.634,74.8723,State Representative,2026-09-30T12:29:33.399793+00:00,True
2026-09-30 07:00:00,42.8,46.8,774.0,22.6,12.8,72.0,116.0,56.0,Punjab,Amritsar,31.634,74.8723,State Representative,2026-09-30T12:29:33.399793+00:00,True
2026-09-30 08:00:00,33.1,37.4,800.0,20.6,12.9,85.0,112.0,50.0,Punjab,Amritsar,31.634,74.8723,State Representative,2026-09-30T12:29:33.399793+00:00,True
2026-09-30 09:00:00,28.3,32.9,726.0,15.9,13.3,115.0,108.0,55.0,Punjab,Amritsar,31.634,74.8723,State Representative,2026-09-30T12:29:33.399793+00:00,True
2026-09-30 10:00:00,24.3,28.1,605.0,9.9,13.7,154.0,105.0,77.0,Punjab,Amritsar,31.634,74.8723,State Representative,2026-09-30T12:29:33.399793+00:00,True
2026-09-30 11:00:00,20.7,23.6,520.0,5.4,14.0,186.0,102.0,106.0,Punjab,Amritsar,31.634,74.8723,State Representative,2026-09-30T12:29:33.399793+00:00,True
2026-09-30 12:00:00,19.7,22.1,507.0,3.2,13.9,206.0,99.0,126.0,Punjab,Amritsar,31.634,74.8723,State Representative,2026-09-30T12:29:33.399793+00:00,True
2026-09-30 13:00:00,20.1,22.9,529.0,2.5,13.7,218.0,97.0,138.0,Punjab,Amritsar,31.634,74.8723,State Representative,2026-09-30T12:29:33.399793+00:00,True
2026-09-30 14:00:00,21.1,24.6,560.0,3.6,13.4,220.0,102.0,140.0,Punjab,Amritsar,31.634,74.8723,State Representative,2026-09-30T12:29:33.399793+00:00,True
2026-09-30 15:00:00,22.3,27.1,586.0,5.8,12.8,209.0,134.0,129.0,Punjab,Amritsar,31.634,74.8723,State Representative,2026-09-30T12:29:33.399793+00:00,True
2026-09-30 16:00:00,24.9,30.0,621.0,9.8,12.1,188.0,160.0,108.0,Punjab,Amritsar,31.634,74.8723,State Representative,2026-09-30T12:29:33.399793+00:00,True
2026-09-30 17:00:00,30.3,36.4,684.0,18.3,12.3,161.0,176.0,81.0,Punjab,Amritsar,31.634,74.8723,State Representative,2026-09-30T12:29:33.399793+00:00,True
2026-09-30 18:00:00,40.2,47.8,788.0,35.3,14.1,127.0,183.0,64.0,Punjab,Amritsar,31.634,74.8723,State Representative,2026-09-30T12:29:33.399793+00:00,True
2026-09-30 19:00:00,52.3,61.2,920.0,56.8,16.7,88.0,179.0,61.0,Punjab,Amritsar,31.634,74.8723,State Representative,2026-09-30T12:29:33.399793+00:00,True
2026-09-30 20:00:00,65.9,75.9,1062.0,73.9,18.8,56.0,163.0,68.0,Punjab,Amritsar,31.634,74.8723,State Representative,2026-09-30T12:29:33.399793+00:00,True
2026-09-30 21:00:00,78.2,89.2,1246.0,82.9,20.0,38.0,136.0,74.0,Punjab,Amritsar,31.634,74.8723,State Representative,2026-09-30T12:29:33.399793+00:00,True
2026-09-30 22:00:00,85.2,96.9,1440.0,87.4,20.8,28.0,102.0,78.0,Punjab,Amritsar,31.634,74.8723,State Representative,2026-09-30T12:29:33.399793+00:00,True
2026-09-30 23:00:00,88.9,101.0,1528.0,89.4,21.1,21.0,107.0,79.0,Punjab,Amritsar,31.634,74.8723,State Representative,2026-09-30T12:29:33.399793+00:00,True
2026-10-01 00:00:00,92.0,103.8,1422.0,88.8,20.9,17.0,113.0,81.0,Punjab,Amritsar,31.634,74.8723,State Representative,2026-09-30T12:29:33.399793+00:00,True
2026-10-01 01:00:00,94.1,104.8,1210.0,85.8,20.2,17.0,118.0,82.0,Punjab,Amritsar,31.634,74.8723,State Representative,2026-09-30T12:29:33.399793+00:00,True
2026-10-01 02:00:00,95.5,105.5,1042.0,82.8,19.5,18.0,124.0,82.0,Punjab,Amritsar,31.634,74.8723,State Representative,2026-09-30T12:29:33.399793+00:00,True
2026-10-01 03:00:00,96.2,105.2,976.0,81.8,18.9,15.0,130.0,82.0,Punjab,Amritsar,31.634,74.8723,State Representative,2026-09-30T12:29:33.399793+00:00,True
2026-10-01 04:00:00,94.8,102.9,954.0,80.7,18.3,14.0,135.0,82.0,Punjab,Amritsar,31.634,74.8723,State Representative,2026-09-30T12:29:33.399793+00:00,True
2026-10-01 05:00:00,93.1,99.9,945.0,76.1,18.0,20.0,141.0,81.0,Punjab,Amritsar,31.634,74.8723,State Representative,2026-09-30T12:29:33.399793+00:00,True
2026-10-01 06:00:00,95.0,100.8,962.0,65.2,17.8,39.0,147.0,82.0,Punjab,Amritsar,31.634,74.8723,State Representative,2026-09-30T12:29:33.399793+00:00,True
2026-10-01 07:00:00,102.2,107.3,993.0,50.8,17.9,66.0,151.0,85.0,Punjab,Amritsar,31.634,74.8723,State Representative,2026-09-30T12:29:33.399793+00:00,True
2026-10-01 08:00:00,65.0,68.5,968.0,37.2,18.9,98.0,153.0,68.0,Punjab,Amritsar,31.634,74.8723,State Representative,2026-09-30T12:29:33.399793+00:00,True
2026-10-01 09:00:00,39.0,44.6,831.0,25.2,21.9,139.0,154.0,70.0,Punjab,Amritsar,31.634,74.8723,State Representative,2026-09-30T12:29:33.399793+00:00,True
2026-10-01 10:00:00,37.6,48.2,637.0,14.0,25.7,185.0,154.0,105.0,Punjab,Amritsar,31.634,74.8723,State Representative,2026-09-30T12:29:33.399793+00:00,True
2026-10-01 11:00:00,37.5,52.3,488.0,6.1,27.6,219.0,154.0,139.0,Punjab,Amritsar,31.634,74.8723,State Representative,2026-09-30T12:29:33.399793+00:00,True
2026-10-01 12:00:00,37.8,54.6,421.0,2.6,25.8,234.0,155.0,154.0,Punjab,Amritsar,31.634,74.8723,State Representative,2026-09-30T12:29:33.399793+00:00,True
2026-10-01 13:00:00,38.6,57.6,398.0,2.4,22.2,237.0,155.0,157.0,Punjab,Amritsar,31.634,74.8723,State Representative,2026-09-30T12:29:33.399793+00:00,True
2026-10-01 14:00:00,40.0,62.2,405.0,4.0,19.1,233.0,156.0,153.0,Punjab,Amritsar,31.634,74.8723,State Representative,2026-09-30T12:29:33.399793+00:00,True
2026-10-01 15:00:00,41.7,66.6,444.0,6.3,17.4,223.0,162.0,143.0,Punjab,Amritsar,31.634,74.8723,State Representative,2026-09-30T12:29:33.399793+00:00,True
2026-10-01 16:00:00,44.1,68.2,513.0,10.6,16.2,205.0,188.0,125.0,Punjab,Amritsar,31.634,74.8723,State Representative,2026-09-30T12:29:33.399793+00:00,True
2026-10-01 17:00:00,48.9,74.0,588.0,18.9,15.9,180.0,202.0,100.0,Punjab,Amritsar,31.634,74.8723,State Representative,2026-09-30T12:29:33.399793+00:00,True
2026-10-01 18:00:00,58.6,82.9,644.0,34.4,17.0,143.0,205.0,72.0,Punjab,Amritsar,31.634,74.8723,State Representative,2026-09-30T12:29:33.399793+00:00,True
2026-10-01 19:00:00,71.2,95.0,707.0,53.9,18.9,99.0,202.0,71.0,Punjab,Amritsar,31.634,74.8723,State Representative,2026-09-30T12:29:33.399793+00:00,True
2026-10-01 20:00:00,87.1,110.4,826.0,70.9,20.5,63.0,185.0,79.0,Punjab,Amritsar,31.634,74.8723,State Representative,2026-09-30T12:29:33.399793+00:00,True
2026-10-01 21:00:00,104.5,127.6,1081.0,83.3,21.4,40.0,160.0,86.0,Punjab,Amritsar,31.634,74.8723,State Representative,2026-09-30T12:29:33.399793+00:00,True
2026-10-01 22:00:00,116.4,139.7,1392.0,93.0,22.0,24.0,161.0,91.0,Punjab,Amritsar,31.634,74.8723,State Representative,2026-09-30T12:29:33.399793+00:00,True
2026-10-01 23:00:00,122.9,146.2,1571.0,99.3,22.2,14.0,162.0,93.0,Punjab,Amritsar,31.634,74.8723,State Representative,2026-09-30T12:29:33.399793+00:00,True
2026-10-02 00:00:00,125.7,148.5,1498.0,101.2,21.9,9.0,163.0,94.0,Punjab,Amritsar,31.634,74.8723,State Representative,2026-09-30T12:29:33.399793+00:00,True
2026-10-02 01:00:00,127.6,150.9,1294.0,99.6,21.2,10.0,164.0,95.0,Punjab,Amritsar,31.634,74.8723,State Representative,2026-09-30T12:29:33.399793+00:00,True
2026-10-02 02:00:00,129.5,152.3,1130.0,96.8,20.4,11.0,165.0,96.0,Punjab,Amritsar,31.634,74.8723,State Representative,2026-09-30T12:29:33.399793+00:00,True
2026-10-02 03:00:00,129.9,151.3,1078.0,94.5,19.6,8.0,166.0,96.0,Punjab,Amritsar,31.634,74.8723,State Representative,2026-09-30T12:29:33.399793+00:00,True
2026-10-02 04:00:00,129.9,148.5,1067.0,90.9,18.7,5.0,167.0,96.0,Punjab,Amritsar,31.634,74.8723,State Representative,2026-09-30T12:29:33.399793+00:00,True
2026-10-02 05:00:00,130.4,146.7,1056.0,83.6,18.0,12.0,168.0,96.0,Punjab,Amritsar,31.634,74.8723,State Representative,2026-09-30T12:29:33.399793+00:00,True
2026-10-02 06:00:00,133.6,148.5,1048.0,69.7,17.3,33.0,169.0,97.0,Punjab,Amritsar,31.634,74.8723,State Representative,2026-09-30T12:29:33.399793+00:00,True
2026-10-02 07:00:00,140.6,154.6,1040.0,51.9,16.8,64.0,170.0,100.0,Punjab,Amritsar,31.634,74.8723,State Representative,2026-09-30T12:29:33.399793+00:00,True
2026-10-02 08:00:00,94.5,105.0,987.0,36.1,17.3,100.0,171.0,82.0,Punjab,Amritsar,31.634,74.8723,State Representative,2026-09-30T12:29:33.399793+00:00,True
2026-10-02 09:00:00,63.8,79.2,846.0,23.6,20.2,144.0,172.0,72.0,Punjab,Amritsar,31.634,74.8723,State Representative,2026-09-30T12:29:33.399793+00:00,True
2026-10-02 10:00:00,57.2,83.4,659.0,13.1,24.1,193.0,173.0,113.0,Punjab,Amritsar,31.634,74.8723,State Representative,2026-09-30T12:29:33.399793+00:00,True
2026-10-02 11:00:00,60.3,95.5,510.0,5.7,26.3,230.0,173.0,150.0,Punjab,Amritsar,31.634,74.8723,State Representative,2026-09-30T12:29:33.399793+00:00,True
2026-10-02 12:00:00,60.5,99.0,425.0,2.5,25.1,249.0,174.0,169.0,Punjab,Amritsar,31.634,74.8723,State Representative,2026-09-30T12:29:33.399793+00:00,True
2026-10-02 13:00:00,58.4,96.2,377.0,2.5,22.2,255.0,175.0,175.0,Punjab,Amritsar,31.634,74.8723,State Representative,2026-09-30T12:29:33.399793+00:00,True
2026-10-02 14:00:00,56.9,94.3,369.0,4.3,19.6,251.0,175.0,171.0,Punjab,Amritsar,31.634,74.8723,State Representative,2026-09-30T12:29:33.399793+00:00,True
2026-10-02 15:00:00,56.1,94.3,411.0,6.7,17.7,235.0,176.0,155.0,Punjab,Amritsar,31.634,74.8723,State Representative,2026-09-30T12:29:33.399793+00:00,True
2026-10-02 16:00:00,56.0,93.6,493.0,10.8,16.0,209.0,201.0,129.0,Punjab,Amritsar,31.634,74.8723,State Representative,2026-09-30T12:29:33.399793+00:00,True
2026-10-02 17:00:00,59.8,91.5,585.0,18.8,15.3,178.0,208.0,98.0,Punjab,Amritsar,31.634,74.8723,State Representative,2026-09-30T12:29:33.399793+00:00,True
2026-10-02 18:00:00,68.9,100.1,678.0,33.7,16.1,139.0,210.0,70.0,Punjab,Amritsar,31.634,74.8723,State Representative,2026-09-30T12:29:33.399793+00:00,True
2026-10-02 19:00:00,79.2,108.7,782.0,52.4,17.9,94.0,207.0,75.0,Punjab,Amritsar,31.634,74.8723,State Representative,2026-09-30T12:29:33.399793+00:00,True
2026-10-02 20:00:00,89.2,117.1,892.0,67.9,19.4,58.0,194.0,80.0,Punjab,Amritsar,31.634,74.8723,State Representative,2026-09-30T12:29:33.399793+00:00,True
2026-10-02 21:00:00,101.3,129.0,1021.0,78.0,20.3,36.0,177.0,85.0,Punjab,Amritsar,31.634,74.8723,State Representative,2026-09-30T12:29:33.399793+00:00,True
2026-10-02 22:00:00,112.0,139.2,1157.0,84.9,21.0,22.0,177.0,89.0,Punjab,Amritsar,31.634,74.8723,State Representative,2026-09-30T12:29:33.399793+00:00,True
2026-10-02 23:00:00,118.0,143.4,1256.0,88.6,21.1,13.0,177.0,91.0,Punjab,Amritsar,31.634,74.8723,State Representative,2026-09-30T12:29:33.399793+00:00,True
2026-10-03 00:00:00,119.2,142.5,1293.0,87.7,20.2,9.0,177.0,92.0,Punjab,Amritsar,31.634,74.8723,State Representative,2026-09-30T12:29:33.399793+00:00,True
2026-10-03 01:00:00,120.6,143.0,1294.0,83.7,18.8,10.0,177.0,92.0,Punjab,Amritsar,31.634,74.8723,State Representative,2026-09-30T12:29:33.399793+00:00,True
2026-10-03 02:00:00,122.5,144.4,1294.0,80.7,17.7,11.0,177.0,93.0,Punjab,Amritsar,31.634,74.8723,State Representative,2026-09-30T12:29:33.399793+00:00,True
2026-10-03 03:00:00,123.9,145.3,1314.0,81.6,17.3,7.0,176.0,94.0,Punjab,Amritsar,31.634,74.8723,State Representative,2026-09-30T12:29:33.399793+00:00,True
2026-10-03 04:00:00,126.7,146.7,1333.0,83.5,17.3,3.0,176.0,95.0,Punjab,Amritsar,31.634,74.8723,State Representative,2026-09-30T12:29:33.399793+00:00,True
2026-10-03 05:00:00,130.4,149.0,1323.0,81.9,17.4,8.0,176.0,96.0,Punjab,Amritsar,31.634,74.8723,State Representative,2026-09-30T12:29:33.399793+00:00,True
2026-10-03 06:00:00,136.9,155.5,1278.0,74.7,17.4,25.0,176.0,99.0,Punjab,Amritsar,31.634,74.8723,State Representative,2026-09-30T12:29:33.399793+00:00,True
2026-10-03 07:00:00,147.6,166.2,1203.0,63.9,17.6,52.0,176.0,103.0,Punjab,Amritsar,31.634,74.8723,State Representative,2026-09-30T12:29:33.399793+00:00,True
2026-10-03 08:00:00,111.1,127.6,1093.0,51.5,18.4,87.0,176.0,88.0,Punjab,Amritsar,31.634,74.8723,State Representative,2026-09-30T12:29:33.399793+00:00,True
2026-10-03 09:00:00,74.3,104.1,913.0,35.9,20.7,138.0,177.0,72.0,Punjab,Amritsar,31.634,74.8723,State Representative,2026-09-30T12:29:33.399793+00:00,True
2026-10-03 10:00:00,68.2,108.3,698.0,18.7,23.6,198.0,177.0,118.0,Punjab,Amritsar,31.634,74.8723,State Representative,2026-09-30T12:29:33.399793+00:00,True
2026-10-03 11:00:00,66.8,108.5,536.0,6.3,25.0,242.0,178.0,162.0,Punjab,Amritsar,31.634,74.8723,State Representative,2026-09-30T12:29:33.399793+00:00,True
2026-10-03 12:00:00,62.9,100.8,463.0,1.7,23.5,260.0,178.0,180.0,Punjab,Amritsar,31.634,74.8723,State Representative,2026-09-30T12:29:33.399793+00:00,True
2026-10-03 13:00:00,58.4,92.2,445.0,1.8,20.4,262.0,178.0,182.0,Punjab,Amritsar,31.634,74.8723,State Representative,2026-09-30T12:29:33.399793+00:00,True
2026-10-03 14:00:00,55.6,86.8,467.0,4.1,17.7,254.0,178.0,174.0,Punjab,Amritsar,31.634,74.8723,State Representative,2026-09-30T12:29:33.399793+00:00,True
2026-10-03 15:00:00,53.9,83.4,549.0,7.4,15.8,233.0,178.0,153.0,Punjab,Amritsar,31.634,74.8723,State Representative,2026-09-30T12:29:33.399793+00:00,True
2026-10-03 16:00:00,53.6,81.0,672.0,12.9,14.3,202.0,202.0,122.0,Punjab,Amritsar,31.634,74.8723,State Representative,2026-09-30T12:29:33.399793+00:00,True
2026-10-03 17:00:00,58.6,80.6,767.0,20.7,13.7,169.0,210.0,89.0,Punjab,Amritsar,31.634,74.8723,State Representative,2026-09-30T12:29:33.399793+00:00,True
2026-10-03 18:00:00,66.4,88.0,790.0,32.4,14.7,135.0,212.0,68.0,Punjab,Amritsar,31.634,74.8723,State Representative,2026-09-30T12:29:33.399793+00:00,True
2026-10-03 19:00:00,73.8,95.0,786.0,46.6,16.7,100.0,207.0,72.0,Punjab,Amritsar,31.634,74.8723,State Representative,2026-09-30T12:29:33.399793+00:00,True
2026-10-03 20:00:00,81.7,103.8,819.0,58.7,18.1,70.0,195.0,76.0,Punjab,Amritsar,31.634,74.8723,State Representative,2026-09-30T12:29:33.399793+00:00,True
2026-10-03 21:00:00,96.2,118.5,948.0,68.1,18.3,47.0,177.0,82.0,Punjab,Amritsar,31.634,74.8723,State Representative,2026-09-30T12:29:33.399793+00:00,True
2026-10-03 22:00:00,107.6,129.5,1115.0,75.4,18.0,29.0,177.0,87.0,Punjab,Amritsar,31.634,74.8723,State Representative,2026-09-30T12:29:33.399793+00:00,True
2026-10-03 23:00:00,108.7,129.0,1209.0,78.7,17.3,17.0,177.0,87.0,Punjab,Amritsar,31.634,74.8723,State Representative,2026-09-30T12:29:33.399793+00:00,True
2026-10-04 00:00:00,104.5,124.3,1161.0,75.5,16.2,14.0,177.0,86.0,Punjab,Amritsar,31.634,74.8723,State Representative,2026-09-30T12:29:33.399793+00:00,True
2026-10-04 01:00:00,102.9,122.0,1041.0,68.1,14.7,18.0,176.0,85.0,Punjab,Amritsar,31.634,74.8723,State Representative,2026-09-30T12:29:33.399793+00:00,True
2026-10-04 02:00:00,102.9,121.5,945.0,61.7,13.5,21.0,176.0,85.0,Punjab,Amritsar,31.634,74.8723,State Representative,2026-09-30T12:29:33.399793+00:00,True
2026-10-04 03:00:00,103.6,122.0,910.0,58.9,12.7,20.0,175.0,85.0,Punjab,Amritsar,31.634,74.8723,State Representative,2026-09-30T12:29:33.399793+00:00,True
2026-10-04 04:00:00,103.6,121.5,899.0,57.1,12.2,18.0,174.0,85.0,Punjab,Amritsar,31.634,74.8723,State Representative,2026-09-30T12:29:33.399793+00:00,True
2026-10-04 05:00:00,102.9,119.0,956.0,53.2,11.8,22.0,174.0,85.0,Punjab,Amritsar,31.634,74.8723,State Representative,2026-09-30T12:29:33.399793+00:00,True
2026-10-04 06:00:00,102.0,115.7,996.5,45.5,11.2,34.0,173.0,85.0,Punjab,Amritsar,31.634,74.8723,State Representative,2026-09-30T12:29:33.399793+00:00,True
2026-10-04 07:00:00,96.6,108.5,1012.3,35.7,10.7,53.0,172.0,83.0,Punjab,Amritsar,31.634,74.8723,State Representative,2026-09-30T12:29:33.399793+00:00,True
2026-10-04 08:00:00,84.1,95.0,970.0,26.4,11.0,77.0,170.0,77.0,Punjab,Amritsar,31.634,74.8723,State Representative,2026-09-30T12:29:33.399793+00:00,True
2026-10-04 09:00:00,66.6,85.4,822.0,17.6,12.9,114.0,170.0,68.0,Punjab,Amritsar,31.634,74.8723,State Representative,2026-09-30T12:29:33.399793+00:00,True
2026-10-04 10:00:00,61.0,85.9,640.0,9.1,15.7,157.0,169.0,79.0,Punjab,Amritsar,31.634,74.8723,State Representative,2026-09-30T12:29:33.399793+00:00,True
2026-10-04 11:00:00,57.6,85.2,498.0,3.2,17.3,188.0,169.0,108.0,Punjab,Amritsar,31.634,74.8723,State Representative,2026-09-30T12:29:33.399793+00:00,True
2026-10-04 12:00:00,54.9,82.9,430.0,0.9,16.8,199.0,169.0,119.0,Punjab,Amritsar,31.634,74.8723,State Representative,2026-09-30T12:29:33.399793+00:00,True
2026-10-04 13:00:00,52.9,80.6,403.0,1.1,15.2,197.0,169.0,117.0,Punjab,Amritsar,31.634,74.8723,State Representative,2026-09-30T12:29:33.399793+00:00,True
2026-10-04 14:00:00,51.1,78.2,393.0,2.5,13.6,189.0,168.0,109.0,Punjab,Amritsar,31.634,74.8723,State Representative,2026-09-30T12:29:33.399793+00:00,True
2026-10-04 15:00:00,49.8,76.1,396.0,5.0,12.1,174.0,168.0,94.0,Punjab,Amritsar,31.634,74.8723,State Representative,2026-09-30T12:29:33.399793+00:00,True
2026-10-04 16:00:00,49.2,73.8,415.0,8.7,10.7,152.0,168.0,76.0,Punjab,Amritsar,31.634,74.8723,State Representative,2026-09-30T12:29:33.399793+00:00,True
2026-10-04 17:00:00,51.6,69.4,440.0,12.4,9.7,132.0,168.0,66.0,Punjab,Amritsar,31.634,74.8723,State Representative,2026-09-30T12:29:33.399793+00:00,True
2026-10-04 18:00:00,54.9,71.2,467.0,15.8,9.6,115.0,168.0,62.0,Punjab,Amritsar,31.634,74.8723,State Representative,2026-09-30T12:29:33.399793+00:00,True
2026-10-04 19:00:00,56.0,71.7,500.0,19.1,10.0,99.0,168.0,63.0,Punjab,Amritsar,31.634,74.8723,State Representative,2026-09-30T12:29:33.399793+00:00,True
2026-10-04 20:00:00,56.9,71.5,536.0,22.3,10.4,85.0,167.0,63.0,Punjab,Amritsar,31.634,74.8723,State Representative,2026-09-30T12:29:33.399793+00:00,True
2026-10-04 21:00:00,58.8,72.9,576.0,25.2,10.7,75.0,166.0,64.0,Punjab,Amritsar,31.634,74.8723,State Representative,2026-09-30T12:29:33.399793+00:00,True
2026-10-04 22:00:00,62.4,76.1,619.0,28.0,10.9,67.0,165.0,66.0,Punjab,Amritsar,31.634,74.8723,State Representative,2026-09-30T12:29:33.399793+00:00,True
2026-10-04 23:00:00,65.4,78.2,658.0,30.5,11.1,60.0,164.0,68.0,Punjab,Amritsar,31.634,74.8723,State Representative,2026-09-30T12:29:33.399793+00:00,True
2026-10-05 00:00:00,66.1,78.0,688.0,32.8,11.1,53.0,163.0,68.0,Punjab,Amritsar,31.634,74.8723,State Representative,2026-09-30T12:29:33.399793+00:00,True
2026-10-05 01:00:00,69.4,80.6,713.0,34.9,11.0,47.0,161.0,70.0,Punjab,Amritsar,31.634,74.8723,State Representative,2026-09-30T12:29:33.399793+00:00,True
2026-10-05 02:00:00,73.6,84.8,740.0,36.9,10.9,42.0,160.0,72.0,Punjab,Amritsar,31.634,74.8723,State Representative,2026-09-30T12:29:33.399793+00:00,True
2026-10-05 03:00:00,78.0,89.2,775.0,38.9,10.9,37.0,159.0,74.0,Punjab,Amritsar,31.634,74.8723,State Representative,2026-09-30T12:29:33.399793+00:00,True
2026-10-05 04:00:00,81.5,92.9,811.0,40.8,10.9,32.0,159.0,76.0,Punjab,Amritsar,31.634,74.8723,State Representative,2026-09-30T12:29:33.399793+00:00,True
2026-10-05 05:00:00,83.6,95.7,836.0,42.1,10.9,29.0,158.0,77.0,Punjab,Amritsar,31.634,74.8723,State Representative,2026-09-30T12:29:33.399793+00:00,True
2026-10-05 06:00:00,,,,,,,158.0,,Punjab,Amritsar,31.634,74.8723,State Representative,2026-09-30T12:29:33.399793+00:00,False
2026-10-05 07:00:00,,,,,,,,,Punjab,Amritsar,31.634,74.8723,State Representative,2026-09-30T12:29:33.399793+00:00,False
2026-10-05 08:00:00,,,,,,,,,Punjab,Amritsar,31.634,74.8723,State Representative,2026-09-30T12:29:33.399793+00:00,False
2026-10-05 09:00:00,,,,,,,,,Punjab,Amritsar,31.634,74.8723,State Representative,2026-09-30T12:29:33.399793+00:00,False
2026-10-05 10:00:00,,,,,,,,,Punjab,Amritsar,31.634,74.8723,State Representative,2026-09-30T12:29:33.399793+00:00,False
2026-10-05 11:00:00,,,,,,,,,Punjab,Amritsar,31.634,74.8723,State Representative,2026-09-30T12:29:33.399793+00:00,False
2026-10-05 12:00:00,,,,,,,,,Punjab,Amritsar,31.634,74.8723,State Representative,2026-09-30T12:29:33.399793+00:00,False
2026-10-05 13:00:00,,,,,,,,,Punjab,Amritsar,31.634,74.8723,State Representative,2026-09-30T12:29:33.399793+00:00,False
2026-10-05 14:00:00,,,,,,,,,Punjab,Amritsar,31.634,74.8723,State Representative,2026-09-30T12:29:33.399793+00:00,False
2026-10-05 15:00:00,,,,,,,,,Punjab,Amritsar,31.634,74.8723,State Representative,2026-09-30T12:29:33.399793+00:00,False
2026-10-05 16:00:00,,,,,,,,,Punjab,Amritsar,31.634,74.8723,State Representative,2026-09-30T12:29:33.399793+00:00,False
2026-10-05 17:00:00,,,,,,,,,Punjab,Amritsar,31.634,74.8723,State Representative,2026-09-30T12:29:33.399793+00:00,False
2026-10-05 18:00:00,,,,,,,,,Punjab,Amritsar,31.634,74.8723,State Representative,2026-09-30T12:29:33.399793+00:00,False
2026-10-05 19:00:00,,,,,,,,,Punjab,Amritsar,31.634,74.8723,State Representative,2026-09-30T12:29:33.399793+00:00,False
2026-10-05 20:00:00,,,,,,,,,Punjab,Amritsar,31.634,74.8723,State Representative,2026-09-30T12:29:33.399793+00:00,False
2026-10-05 21:00:00,,,,,,,,,Punjab,Amritsar,31.634,74.8723,State Representative,2026-09-30T12:29:33.399793+00:00,False
2026-10-05 22:00:00,,,,,,,,,Punjab,Amritsar,31.634,74.8723,State Representative,2026-09-30T12:29:33.399793+00:00,False
2026-10-05 23:00:00,,,,,,,,,Punjab,Amritsar,31.634,74.8723,State Representative,2026-09-30T12:29:33.399793+00:00,False
2026-10-06 00:00:00,,,,,,,,,Punjab,Amritsar,31.634,74.8723,State Representative,2026-09-30T12:29:33.399793+00:00,False
2026-10-06 01:00:00,,,,,,,,,Punjab,Amritsar,31.634,74.8723,State Representative,2026-09-30T12:29:33.399793+00:00,False
2026-10-06 02:00:00,,,,,,,,,Punjab,Amritsar,31.634,74.8723,State Representative,2026-09-30T12:29:33.399793+00:00,False
2026-10-06 03:00:00,,,,,,,,,Punjab,Amritsar,31.634,74.8723,State Representative,2026-09-30T12:29:33.399793+00:00,False
2026-10-06 04:00:00,,,,,,,,,Punjab,Amritsar,31.634,74.8723,State Representative,2026-09-30T12:29:33.399793+00:00,False
2026-10-06 05:00:00,,,,,,,,,Punjab,Amritsar,31.634,74.8723,State Representative,2026-09-30T12:29:33.399793+00:00,False
2026-10-06 06:00:00,,,,,,,,,Punjab,Amritsar,31.634,74.8723,State Representative,2026-09-30T12:29:33.399793+00:00,False
2026-10-06 07:00:00,,,,,,,,,Punjab,Amritsar,31.634,74.8723,State Representative,2026-09-30T12:29:33.399793+00:00,False
2026-10-06 08:00:00,,,,,,,,,Punjab,Amritsar,31.634,74.8723,State Representative,2026-09-30T12:29:33.399793+00:00,False
2026-10-06 09:00:00,,,,,,,,,Punjab,Amritsar,31.634,74.8723,State Representative,2026-09-30T12:29:33.399793+00:00,False
2026-10-06 10:00:00,,,,,,,,,Punjab,Amritsar,31.634,74.8723,State Representative,2026-09-30T12:29:33.399793+00:00,False
2026-10-06 11:00:00,,,,,,,,,Punjab,Amritsar,31.634,74.8723,State Representative,2026-09-30T12:29:33.399793+00:00,False
2026-10-06 12:00:00,,,,,,,,,Punjab,Amritsar,31.634,74.8723,State Representative,2026-09-30T12:29:33.399793+00:00,False
2026-10-06 13:00:00,,,,,,,,,Punjab,Amritsar,31.634,74.8723,State Representative,2026-09-30T12:29:33.399793+00:00,False
2026-10-06 14:00:00,,,,,,,,,Punjab,Amritsar,31.634,74.8723,State Representative,2026-09-30T12:29:33.399793+00:00,False
2026-10-06 15:00:00,,,,,,,,,Punjab,Amritsar,31.634,74.8723,State Representative,2026-09-30T12:29:33.399793+00:00,False
2026-10-06 16:00:00,,,,,,,,,Punjab,Amritsar,31.634,74.8723,State Representative,2026-09-30T12:29:33.399793+00:00,False
2026-10-06 17:00:00,,,,,,,,,Punjab,Amritsar,31.634,74.8723,State Representative,2026-09-30T12:29:33.399793+00:00,False
2026-10-06 18:00:00,,,,,,,,,Punjab,Amritsar,31.634,74.8723,State Representative,2026-09-30T12:29:33.399793+00:00,False
2026-10-06 19:00:00,,,,,,,,,Punjab,Amritsar,31.634,74.8723,State Representative,2026-09-30T12:29:33.399793+00:00,False
2026-10-06 20:00:00,,,,,,,,,Punjab,Amritsar,31.634,74.8723,State Representative,2026-09-30T12:29:33.399793+00:00,False
2026-10-06 21:00:00,,,,,,,,,Punjab,Amritsar,31.634,74.8723,State Representative,2026-09-30T12:29:33.399793+00:00,False
2026-10-06 22:00:00,,,,,,,,,Punjab,Amritsar,31.634,74.8723,State Representative,2026-09-30T12:29:33.399793+00:00,False
2026-10-06 23:00:00,,,,,,,,,Punjab,Amritsar,31.634,74.8723,State Representative,2026-09-30T12:29:33.399793+00:00,False
2026-09-30 00:00:00,46.2,75.0,246.0,54.4,12.3,7.0,104.0,58.0,Rajasthan,Jaipur,26.9124,75.7873,State Representative,2026-09-30T12:29:34.041010+00:00,True
2026-09-30 01:00:00,41.6,66.6,228.0,48.4,10.5,10.0,104.0,55.0,Rajasthan,Jaipur,26.9124,75.7873,State Representative,2026-09-30T12:29:34.041010+00:00,True
2026-09-30 02:00:00,38.6,62.4,223.0,43.9,9.2,12.0,104.0,53.0,Rajasthan,Jaipur,26.9124,75.7873,State Representative,2026-09-30T12:29:34.041010+00:00,True
2026-09-30 03:00:00,37.3,61.2,235.0,43.5,8.9,9.0,104.0,53.0,Rajasthan,Jaipur,26.9124,75.7873,State Representative,2026-09-30T12:29:34.041010+00:00,True
2026-09-30 04:00:00,37.0,61.9,260.0,44.6,9.0,4.0,104.0,53.0,Rajasthan,Jaipur,26.9124,75.7873,State Representative,2026-09-30T12:29:34.041010+00:00,True
2026-09-30 05:00:00,44.5,77.3,288.0,46.8,10.3,11.0,104.0,57.0,Rajasthan,Jaipur,26.9124,75.7873,State Representative,2026-09-30T12:29:34.041010+00:00,True
2026-09-30 06:00:00,41.0,71.9,326.0,39.5,10.0,22.0,105.0,55.0,Rajasthan,Jaipur,26.9124,75.7873,State Representative,2026-09-30T12:29:34.041010+00:00,True
2026-09-30 07:00:00,37.1,62.6,367.0,29.3,9.5,37.0,105.0,53.0,Rajasthan,Jaipur,26.9124,75.7873,State Representative,2026-09-30T12:29:34.041010+00:00,True
2026-09-30 08:00:00,33.9,57.3,375.0,20.0,8.7,55.0,106.0,51.0,Rajasthan,Jaipur,26.9124,75.7873,State Representative,2026-09-30T12:29:34.041010+00:00,True
2026-09-30 09:00:00,31.7,59.6,321.0,12.6,7.2,77.0,106.0,50.0,Rajasthan,Jaipur,26.9124,75.7873,State Representative,2026-09-30T12:29:34.041010+00:00,True
2026-09-30 10:00:00,29.6,65.4,235.0,6.1,5.5,100.0,106.0,48.0,Rajasthan,Jaipur,26.9124,75.7873,State Representative,2026-09-30T12:29:34.041010+00:00,True
2026-09-30 11:00:00,24.9,66.1,170.0,1.7,4.1,117.0,106.0,57.0,Rajasthan,Jaipur,26.9124,75.7873,State Representative,2026-09-30T12:29:34.041010+00:00,True
2026-09-30 12:00:00,23.1,62.6,147.0,0.0,3.5,123.0,105.0,62.0,Rajasthan,Jaipur,26.9124,75.7873,State Representative,2026-09-30T12:29:34.041010+00:00,True
2026-09-30 13:00:00,22.4,60.1,145.0,0.2,3.3,122.0,105.0,61.0,Rajasthan,Jaipur,26.9124,75.7873,State Representative,2026-09-30T12:29:34.041010+00:00,True
2026-09-30 14:00:00,22.1,58.8,155.0,1.7,3.3,118.0,104.0,58.0,Rajasthan,Jaipur,26.9124,75.7873,State Representative,2026-09-30T12:29:34.041010+00:00,True
2026-09-30 15:00:00,22.0,57.5,177.0,3.6,3.4,112.0,104.0,52.0,Rajasthan,Jaipur,26.9124,75.7873,State Representative,2026-09-30T12:29:34.041010+00:00,True
2026-09-30 16:00:00,22.1,56.6,212.0,6.7,3.7,103.0,103.0,44.0,Rajasthan,Jaipur,26.9124,75.7873,State Representative,2026-09-30T12:29:34.041010+00:00,True
2026-09-30 17:00:00,23.7,49.4,250.0,12.6,4.7,91.0,102.0,45.0,Rajasthan,Jaipur,26.9124,75.7873,State Representative,2026-09-30T12:29:34.041010+00:00,True
2026-09-30 18:00:00,30.0,58.4,298.0,24.8,7.1,71.0,102.0,49.0,Rajasthan,Jaipur,26.9124,75.7873,State Representative,2026-09-30T12:29:34.041010+00:00,True
2026-09-30 19:00:00,37.3,66.6,350.0,39.9,10.1,47.0,101.0,53.0,Rajasthan,Jaipur,26.9124,75.7873,State Representative,2026-09-30T12:29:34.041010+00:00,True
2026-09-30 20:00:00,41.0,70.5,379.0,49.0,12.0,31.0,100.0,55.0,Rajasthan,Jaipur,26.9124,75.7873,State Representative,2026-09-30T12:29:34.041010+00:00,True
2026-09-30 21:00:00,39.9,67.8,369.0,47.1,11.7,29.0,100.0,54.0,Rajasthan,Jaipur,26.9124,75.7873,State Representative,2026-09-30T12:29:34.041010+00:00,True
2026-09-30 22:00:00,37.3,62.9,336.0,39.3,10.2,35.0,99.0,53.0,Rajasthan,Jaipur,26.9124,75.7873,State Representative,2026-09-30T12:29:34.041010+00:00,True
2026-09-30 23:00:00,33.9,57.4,301.0,32.1,8.8,40.0,97.0,51.0,Rajasthan,Jaipur,26.9124,75.7873,State Representative,2026-09-30T12:29:34.041010+00:00,True
2026-10-01 00:00:00,30.5,52.4,267.0,27.6,7.8,42.0,96.0,49.0,Rajasthan,Jaipur,26.9124,75.7873,State Representative,2026-09-30T12:29:34.041010+00:00,True
2026-10-01 01:00:00,28.1,49.4,230.0,23.7,6.8,44.0,95.0,47.0,Rajasthan,Jaipur,26.9124,75.7873,State Representative,2026-09-30T12:29:34.041010+00:00,True
2026-10-01 02:00:00,26.7,48.5,202.0,20.7,6.1,46.0,93.0,47.0,Rajasthan,Jaipur,26.9124,75.7873,State Representative,2026-09-30T12:29:34.041010+00:00,True
2026-10-01 03:00:00,26.1,48.7,186.0,19.1,5.7,46.0,93.0,46.0,Rajasthan,Jaipur,26.9124,75.7873,State Representative,2026-09-30T12:29:34.041010+00:00,True
2026-10-01 04:00:00,25.9,49.1,178.0,18.5,5.7,46.0,92.0,46.0,Rajasthan,Jaipur,26.9124,75.7873,State Representative,2026-09-30T12:29:34.041010+00:00,True
2026-10-01 05:00:00,26.1,49.5,184.0,17.8,5.9,48.0,91.0,46.0,Rajasthan,Jaipur,26.9124,75.7873,State Representative,2026-09-30T12:29:34.041010+00:00,True
2026-10-01 06:00:00,27.0,50.2,218.0,17.0,6.7,52.0,89.0,47.0,Rajasthan,Jaipur,26.9124,75.7873,State Representative,2026-09-30T12:29:34.041010+00:00,True
2026-10-01 07:00:00,28.5,50.9,265.0,16.1,7.8,59.0,88.0,48.0,Rajasthan,Jaipur,26.9124,75.7873,State Representative,2026-09-30T12:29:34.041010+00:00,True
2026-10-01 08:00:00,29.7,53.2,287.0,14.3,8.4,70.0,88.0,48.0,Rajasthan,Jaipur,26.9124,75.7873,State Representative,2026-09-30T12:29:34.041010+00:00,True
2026-10-01 09:00:00,31.5,65.7,258.0,10.4,8.1,90.0,87.0,49.0,Rajasthan,Jaipur,26.9124,75.7873,State Representative,2026-09-30T12:29:34.041010+00:00,True
2026-10-01 10:00:00,34.0,84.8,203.0,5.6,7.3,114.0,87.0,54.0,Rajasthan,Jaipur,26.9124,75.7873,State Representative,2026-09-30T12:29:34.041010+00:00,True
2026-10-01 11:00:00,32.9,89.4,161.0,2.1,6.5,131.0,88.0,66.0,Rajasthan,Jaipur,26.9124,75.7873,State Representative,2026-09-30T12:29:34.041010+00:00,True
2026-10-01 12:00:00,29.7,82.7,147.0,0.6,5.6,135.0,88.0,68.0,Rajasthan,Jaipur,26.9124,75.7873,State Representative,2026-09-30T12:29:34.041010+00:00,True
2026-10-01 13:00:00,28.5,79.6,146.0,0.5,4.7,131.0,89.0,66.0,Rajasthan,Jaipur,26.9124,75.7873,State Representative,2026-09-30T12:29:34.041010+00:00,True
2026-10-01 14:00:00,28.3,78.7,152.0,1.7,4.2,125.0,89.0,63.0,Rajasthan,Jaipur,26.9124,75.7873,State Representative,2026-09-30T12:29:34.041010+00:00,True
2026-10-01 15:00:00,28.3,78.2,153.0,3.9,4.1,118.0,90.0,58.0,Rajasthan,Jaipur,26.9124,75.7873,State Representative,2026-09-30T12:29:34.041010+00:00,True
2026-10-01 16:00:00,28.0,76.6,161.0,7.4,4.4,109.0,90.0,49.0,Rajasthan,Jaipur,26.9124,75.7873,State Representative,2026-09-30T12:29:34.041010+00:00,True
2026-10-01 17:00:00,29.4,66.6,207.0,13.3,5.3,97.0,91.0,48.0,Rajasthan,Jaipur,26.9124,75.7873,State Representative,2026-09-30T12:29:34.041010+00:00,True
2026-10-01 18:00:00,35.7,75.7,337.0,24.4,7.3,77.0,91.0,52.0,Rajasthan,Jaipur,26.9124,75.7873,State Representative,2026-09-30T12:29:34.041010+00:00,True
2026-10-01 19:00:00,40.9,80.6,504.0,38.0,9.8,55.0,92.0,55.0,Rajasthan,Jaipur,26.9124,75.7873,State Representative,2026-09-30T12:29:34.041010+00:00,True
2026-10-01 20:00:00,43.7,81.5,601.0,47.0,11.4,38.0,92.0,56.0,Rajasthan,Jaipur,26.9124,75.7873,State Representative,2026-09-30T12:29:34.041010+00:00,True
2026-10-01 21:00:00,44.2,79.9,564.0,47.7,11.4,33.0,92.0,57.0,Rajasthan,Jaipur,26.9124,75.7873,State Representative,2026-09-30T12:29:34.041010+00:00,True
2026-10-01 22:00:00,42.6,74.7,457.0,43.7,10.6,35.0,92.0,56.0,Rajasthan,Jaipur,26.9124,75.7873,State Representative,2026-09-30T12:29:34.041010+00:00,True
2026-10-01 23:00:00,39.3,67.5,361.0,39.3,9.7,37.0,93.0,54.0,Rajasthan,Jaipur,26.9124,75.7873,State Representative,2026-09-30T12:29:34.041010+00:00,True
2026-10-02 00:00:00,35.4,59.4,305.0,35.3,8.8,38.0,93.0,52.0,Rajasthan,Jaipur,26.9124,75.7873,State Representative,2026-09-30T12:29:34.041010+00:00,True
2026-10-02 01:00:00,32.2,53.1,261.0,30.8,7.9,39.0,94.0,50.0,Rajasthan,Jaipur,26.9124,75.7873,State Representative,2026-09-30T12:29:34.041010+00:00,True
2026-10-02 02:00:00,29.7,48.8,228.0,27.1,7.1,40.0,94.0,48.0,Rajasthan,Jaipur,26.9124,75.7873,State Representative,2026-09-30T12:29:34.041010+00:00,True
2026-10-02 03:00:00,27.7,46.1,206.0,24.9,6.7,39.0,94.0,47.0,Rajasthan,Jaipur,26.9124,75.7873,State Representative,2026-09-30T12:29:34.041010+00:00,True
2026-10-02 04:00:00,26.0,44.1,196.0,23.4,6.4,38.0,94.0,46.0,Rajasthan,Jaipur,26.9124,75.7873,State Representative,2026-09-30T12:29:34.041010+00:00,True
2026-10-02 05:00:00,24.5,42.3,200.0,21.9,6.4,39.0,94.0,45.0,Rajasthan,Jaipur,26.9124,75.7873,State Representative,2026-09-30T12:29:34.041010+00:00,True
2026-10-02 06:00:00,24.0,41.3,232.0,20.3,6.8,42.0,94.0,45.0,Rajasthan,Jaipur,26.9124,75.7873,State Representative,2026-09-30T12:29:34.041010+00:00,True
2026-10-02 07:00:00,24.3,40.7,277.0,18.6,7.4,47.0,94.0,45.0,Rajasthan,Jaipur,26.9124,75.7873,State Representative,2026-09-30T12:29:34.041010+00:00,True
2026-10-02 08:00:00,24.3,41.7,297.0,16.1,7.6,58.0,94.0,45.0,Rajasthan,Jaipur,26.9124,75.7873,State Representative,2026-09-30T12:29:34.041010+00:00,True
2026-10-02 09:00:00,25.6,52.7,265.0,11.6,7.2,80.0,93.0,46.0,Rajasthan,Jaipur,26.9124,75.7873,State Representative,2026-09-30T12:29:34.041010+00:00,True
2026-10-02 10:00:00,29.3,77.1,208.0,6.2,6.5,108.0,93.0,49.0,Rajasthan,Jaipur,26.9124,75.7873,State Representative,2026-09-30T12:29:34.041010+00:00,True
2026-10-02 11:00:00,31.2,91.0,164.0,2.3,5.7,128.0,92.0,64.0,Rajasthan,Jaipur,26.9124,75.7873,State Representative,2026-09-30T12:29:34.041010+00:00,True
2026-10-02 12:00:00,27.3,75.4,148.0,0.6,4.9,135.0,92.0,68.0,Rajasthan,Jaipur,26.9124,75.7873,State Representative,2026-09-30T12:29:34.041010+00:00,True
2026-10-02 13:00:00,26.6,72.9,145.0,0.4,4.1,134.0,92.0,67.0,Rajasthan,Jaipur,26.9124,75.7873,State Representative,2026-09-30T12:29:34.041010+00:00,True
2026-10-02 14:00:00,27.0,74.0,148.0,1.6,3.7,130.0,92.0,65.0,Rajasthan,Jaipur,26.9124,75.7873,State Representative,2026-09-30T12:29:34.041010+00:00,True
2026-10-02 15:00:00,27.7,76.1,150.0,3.8,3.7,123.0,92.0,62.0,Rajasthan,Jaipur,26.9124,75.7873,State Representative,2026-09-30T12:29:34.041010+00:00,True
2026-10-02 16:00:00,28.5,78.0,158.0,7.3,4.0,113.0,92.0,53.0,Rajasthan,Jaipur,26.9124,75.7873,State Representative,2026-09-30T12:29:34.041010+00:00,True
2026-10-02 17:00:00,30.4,69.2,184.0,13.5,5.0,99.0,92.0,49.0,Rajasthan,Jaipur,26.9124,75.7873,State Representative,2026-09-30T12:29:34.041010+00:00,True
2026-10-02 18:00:00,37.0,79.2,248.0,25.0,7.1,79.0,92.0,53.0,Rajasthan,Jaipur,26.9124,75.7873,State Representative,2026-09-30T12:29:34.041010+00:00,True
2026-10-02 19:00:00,42.6,84.8,329.0,39.1,9.9,55.0,92.0,56.0,Rajasthan,Jaipur,26.9124,75.7873,State Representative,2026-09-30T12:29:34.041010+00:00,True
2026-10-02 20:00:00,45.9,87.5,377.0,48.6,11.7,38.0,92.0,58.0,Rajasthan,Jaipur,26.9124,75.7873,State Representative,2026-09-30T12:29:34.041010+00:00,True
2026-10-02 21:00:00,46.9,86.8,365.0,49.9,11.9,32.0,92.0,58.0,Rajasthan,Jaipur,26.9124,75.7873,State Representative,2026-09-30T12:29:34.041010+00:00,True
2026-10-02 22:00:00,45.8,82.4,320.0,46.6,11.3,32.0,92.0,58.0,Rajasthan,Jaipur,26.9124,75.7873,State Representative,2026-09-30T12:29:34.041010+00:00,True
2026-10-02 23:00:00,41.8,72.6,276.0,42.0,10.4,34.0,93.0,55.0,Rajasthan,Jaipur,26.9124,75.7873,State Representative,2026-09-30T12:29:34.041010+00:00,True
2026-10-03 00:00:00,36.0,59.5,243.0,36.5,9.3,37.0,93.0,52.0,Rajasthan,Jaipur,26.9124,75.7873,State Representative,2026-09-30T12:29:34.041010+00:00,True
2026-10-03 01:00:00,31.1,48.9,211.0,29.7,7.9,42.0,93.0,49.0,Rajasthan,Jaipur,26.9124,75.7873,State Representative,2026-09-30T12:29:34.041010+00:00,True
2026-10-03 02:00:00,27.4,41.8,187.0,24.1,6.9,46.0,93.0,47.0,Rajasthan,Jaipur,26.9124,75.7873,State Representative,2026-09-30T12:29:34.041010+00:00,True
2026-10-03 03:00:00,24.6,37.6,173.0,20.8,6.4,47.0,93.0,45.0,Rajasthan,Jaipur,26.9124,75.7873,State Representative,2026-09-30T12:29:34.041010+00:00,True
2026-10-03 04:00:00,22.7,35.3,167.0,18.7,6.3,48.0,92.0,44.0,Rajasthan,Jaipur,26.9124,75.7873,State Representative,2026-09-30T12:29:34.041010+00:00,True
2026-10-03 05:00:00,21.7,34.5,174.0,17.1,6.3,49.0,92.0,44.0,Rajasthan,Jaipur,26.9124,75.7873,State Representative,2026-09-30T12:29:34.041010+00:00,True
2026-10-03 06:00:00,21.8,35.5,205.0,16.2,6.5,51.0,92.0,44.0,Rajasthan,Jaipur,26.9124,75.7873,State Representative,2026-09-30T12:29:34.041010+00:00,True
2026-10-03 07:00:00,23.0,37.1,249.0,15.7,6.9,53.0,92.0,45.0,Rajasthan,Jaipur,26.9124,75.7873,State Representative,2026-09-30T12:29:34.041010+00:00,True
2026-10-03 08:00:00,23.4,38.4,270.0,14.3,7.2,62.0,92.0,45.0,Rajasthan,Jaipur,26.9124,75.7873,State Representative,2026-09-30T12:29:34.041010+00:00,True
2026-10-03 09:00:00,24.2,44.8,248.0,10.7,7.3,82.0,92.0,45.0,Rajasthan,Jaipur,26.9124,75.7873,State Representative,2026-09-30T12:29:34.041010+00:00,True
2026-10-03 10:00:00,23.8,46.9,204.0,6.0,7.4,109.0,92.0,49.0,Rajasthan,Jaipur,26.9124,75.7873,State Representative,2026-09-30T12:29:34.041010+00:00,True
2026-10-03 11:00:00,26.4,67.5,168.0,2.6,7.1,128.0,91.0,64.0,Rajasthan,Jaipur,26.9124,75.7873,State Representative,2026-09-30T12:29:34.041010+00:00,True
2026-10-03 12:00:00,26.2,67.1,152.0,1.1,6.3,134.0,91.0,67.0,Rajasthan,Jaipur,26.9124,75.7873,State Representative,2026-09-30T12:29:34.041010+00:00,True
2026-10-03 13:00:00,25.7,62.4,144.0,0.8,5.2,133.0,91.0,67.0,Rajasthan,Jaipur,26.9124,75.7873,State Representative,2026-09-30T12:29:34.041010+00:00,True
2026-10-03 14:00:00,25.4,60.1,144.0,1.7,4.5,129.0,91.0,65.0,Rajasthan,Jaipur,26.9124,75.7873,State Representative,2026-09-30T12:29:34.041010+00:00,True
2026-10-03 15:00:00,25.0,57.6,152.0,4.0,4.4,123.0,90.0,62.0,Rajasthan,Jaipur,26.9124,75.7873,State Representative,2026-09-30T12:29:34.041010+00:00,True
2026-10-03 16:00:00,24.6,54.6,168.0,7.6,4.7,113.0,90.0,53.0,Rajasthan,Jaipur,26.9124,75.7873,State Representative,2026-09-30T12:29:34.041010+00:00,True
2026-10-03 17:00:00,25.3,47.4,187.0,11.7,5.3,102.0,90.0,46.0,Rajasthan,Jaipur,26.9124,75.7873,State Representative,2026-09-30T12:29:34.041010+00:00,True
2026-10-03 18:00:00,29.7,51.8,212.0,17.1,6.3,87.0,89.0,48.0,Rajasthan,Jaipur,26.9124,75.7873,State Representative,2026-09-30T12:29:34.041010+00:00,True
2026-10-03 19:00:00,31.0,50.2,241.0,23.0,7.6,71.0,89.0,49.0,Rajasthan,Jaipur,26.9124,75.7873,State Representative,2026-09-30T12:29:34.041010+00:00,True
2026-10-03 20:00:00,29.6,45.6,261.0,26.5,8.4,59.0,88.0,48.0,Rajasthan,Jaipur,26.9124,75.7873,State Representative,2026-09-30T12:29:34.041010+00:00,True
2026-10-03 21:00:00,27.8,41.8,267.0,25.8,8.2,55.0,87.0,47.0,Rajasthan,Jaipur,26.9124,75.7873,State Representative,2026-09-30T12:29:34.041010+00:00,True
2026-10-03 22:00:00,26.1,38.8,265.0,22.6,7.4,54.0,85.0,46.0,Rajasthan,Jaipur,26.9124,75.7873,State Representative,2026-09-30T12:29:34.041010+00:00,True
2026-10-03 23:00:00,24.0,35.6,254.0,19.4,6.6,55.0,84.0,45.0,Rajasthan,Jaipur,26.9124,75.7873,State Representative,2026-09-30T12:29:34.041010+00:00,True
2026-10-04 00:00:00,21.7,32.5,231.0,16.8,6.0,56.0,82.0,44.0,Rajasthan,Jaipur,26.9124,75.7873,State Representative,2026-09-30T12:29:34.041010+00:00,True
2026-10-04 01:00:00,19.6,30.2,200.0,14.3,5.3,57.0,81.0,43.0,Rajasthan,Jaipur,26.9124,75.7873,State Representative,2026-09-30T12:29:34.041010+00:00,True
2026-10-04 02:00:00,18.0,28.5,176.0,12.3,4.8,58.0,80.0,42.0,Rajasthan,Jaipur,26.9124,75.7873,State Representative,2026-09-30T12:29:34.041010+00:00,True
2026-10-04 03:00:00,16.9,27.4,166.0,11.2,4.4,56.0,80.0,41.0,Rajasthan,Jaipur,26.9124,75.7873,State Representative,2026-09-30T12:29:34.041010+00:00,True
2026-10-04 04:00:00,16.1,26.5,163.0,10.7,4.2,54.0,79.0,41.0,Rajasthan,Jaipur,26.9124,75.7873,State Representative,2026-09-30T12:29:34.041010+00:00,True
2026-10-04 05:00:00,15.8,26.0,167.0,10.3,4.1,53.0,78.0,40.0,Rajasthan,Jaipur,26.9124,75.7873,State Representative,2026-09-30T12:29:34.041010+00:00,True
2026-10-04 06:00:00,16.2,26.1,174.5,10.0,4.4,53.0,78.0,41.0,Rajasthan,Jaipur,26.9124,75.7873,State Representative,2026-09-30T12:29:34.041010+00:00,True
2026-10-04 07:00:00,17.0,26.5,193.0,9.7,5.0,55.0,77.0,41.0,Rajasthan,Jaipur,26.9124,75.7873,State Representative,2026-09-30T12:29:34.041010+00:00,True
2026-10-04 08:00:00,17.2,26.8,208.0,8.8,5.3,61.0,77.0,41.0,Rajasthan,Jaipur,26.9124,75.7873,State Representative,2026-09-30T12:29:34.041010+00:00,True
2026-10-04 09:00:00,16.6,28.1,193.0,6.6,5.2,76.0,77.0,41.0,Rajasthan,Jaipur,26.9124,75.7873,State Representative,2026-09-30T12:29:34.041010+00:00,True
2026-10-04 10:00:00,16.8,30.4,169.0,3.8,4.8,96.0,76.0,41.0,Rajasthan,Jaipur,26.9124,75.7873,State Representative,2026-09-30T12:29:34.041010+00:00,True
2026-10-04 11:00:00,17.5,35.5,150.0,1.8,4.4,111.0,75.0,51.0,Rajasthan,Jaipur,26.9124,75.7873,State Representative,2026-09-30T12:29:34.041010+00:00,True
2026-10-04 12:00:00,18.2,39.7,142.0,1.0,4.0,117.0,75.0,57.0,Rajasthan,Jaipur,26.9124,75.7873,State Representative,2026-09-30T12:29:34.041010+00:00,True
2026-10-04 13:00:00,18.5,41.7,140.0,0.9,3.6,118.0,74.0,58.0,Rajasthan,Jaipur,26.9124,75.7873,State Representative,2026-09-30T12:29:34.041010+00:00,True
2026-10-04 14:00:00,18.0,40.4,143.0,1.4,3.4,116.0,73.0,56.0,Rajasthan,Jaipur,26.9124,75.7873,State Representative,2026-09-30T12:29:34.041010+00:00,True
2026-10-04 15:00:00,17.6,38.8,148.0,2.3,3.3,113.0,73.0,53.0,Rajasthan,Jaipur,26.9124,75.7873,State Representative,2026-09-30T12:29:34.041010+00:00,True
2026-10-04 16:00:00,17.2,36.9,157.0,3.7,3.4,107.0,72.0,47.0,Rajasthan,Jaipur,26.9124,75.7873,State Representative,2026-09-30T12:29:34.041010+00:00,True
2026-10-04 17:00:00,17.3,32.1,176.0,6.3,3.8,98.0,72.0,41.0,Rajasthan,Jaipur,26.9124,75.7873,State Representative,2026-09-30T12:29:34.041010+00:00,True
2026-10-04 18:00:00,20.5,34.5,213.0,11.0,5.0,85.0,71.0,43.0,Rajasthan,Jaipur,26.9124,75.7873,State Representative,2026-09-30T12:29:34.041010+00:00,True
2026-10-04 19:00:00,23.0,36.7,259.0,16.8,6.5,69.0,70.0,45.0,Rajasthan,Jaipur,26.9124,75.7873,State Representative,2026-09-30T12:29:34.041010+00:00,True
2026-10-04 20:00:00,24.6,38.1,295.0,21.2,7.6,56.0,70.0,45.0,Rajasthan,Jaipur,26.9124,75.7873,State Representative,2026-09-30T12:29:34.041010+00:00,True
2026-10-04 21:00:00,26.0,39.5,313.0,23.3,7.9,48.0,69.0,46.0,Rajasthan,Jaipur,26.9124,75.7873,State Representative,2026-09-30T12:29:34.041010+00:00,True
2026-10-04 22:00:00,26.7,39.7,320.0,24.0,7.7,43.0,69.0,47.0,Rajasthan,Jaipur,26.9124,75.7873,State Representative,2026-09-30T12:29:34.041010+00:00,True
2026-10-04 23:00:00,25.9,38.2,317.0,23.7,7.3,40.0,69.0,46.0,Rajasthan,Jaipur,26.9124,75.7873,State Representative,2026-09-30T12:29:34.041010+00:00,True
2026-10-05 00:00:00,24.1,35.2,301.0,22.0,6.8,39.0,69.0,45.0,Rajasthan,Jaipur,26.9124,75.7873,State Representative,2026-09-30T12:29:34.041010+00:00,True
2026-10-05 01:00:00,22.1,31.8,274.0,19.3,6.1,41.0,70.0,44.0,Rajasthan,Jaipur,26.9124,75.7873,State Representative,2026-09-30T12:29:34.041010+00:00,True
2026-10-05 02:00:00,20.1,29.0,248.0,16.7,5.5,43.0,70.0,43.0,Rajasthan,Jaipur,26.9124,75.7873,State Representative,2026-09-30T12:29:34.041010+00:00,True
2026-10-05 03:00:00,18.5,27.4,223.0,14.5,5.1,45.0,70.0,42.0,Rajasthan,Jaipur,26.9124,75.7873,State Representative,2026-09-30T12:29:34.041010+00:00,True
2026-10-05 04:00:00,17.1,26.2,198.0,12.5,4.7,47.0,70.0,41.0,Rajasthan,Jaipur,26.9124,75.7873,State Representative,2026-09-30T12:29:34.041010+00:00,True
2026-10-05 05:00:00,16.1,25.4,181.0,11.1,4.5,49.0,70.0,41.0,Rajasthan,Jaipur,26.9124,75.7873,State Representative,2026-09-30T12:29:34.041010+00:00,True
2026-10-05 06:00:00,,,,,,,70.0,,Rajasthan,Jaipur,26.9124,75.7873,State Representative,2026-09-30T12:29:34.041010+00:00,False
2026-10-05 07:00:00,,,,,,,,,Rajasthan,Jaipur,26.9124,75.7873,State Representative,2026-09-30T12:29:34.041010+00:00,False
2026-10-05 08:00:00,,,,,,,,,Rajasthan,Jaipur,26.9124,75.7873,State Representative,2026-09-30T12:29:34.041010+00:00,False
2026-10-05 09:00:00,,,,,,,,,Rajasthan,Jaipur,26.9124,75.7873,State Representative,2026-09-30T12:29:34.041010+00:00,False
2026-10-05 10:00:00,,,,,,,,,Rajasthan,Jaipur,26.9124,75.7873,State Representative,2026-09-30T12:29:34.041010+00:00,False
2026-10-05 11:00:00,,,,,,,,,Rajasthan,Jaipur,26.9124,75.7873,State Representative,2026-09-30T12:29:34.041010+00:00,False
2026-10-05 12:00:00,,,,,,,,,Rajasthan,Jaipur,26.9124,75.7873,State Representative,2026-09-30T12:29:34.041010+00:00,False
2026-10-05 13:00:00,,,,,,,,,Rajasthan,Jaipur,26.9124,75.7873,State Representative,2026-09-30T12:29:34.041010+00:00,False
2026-10-05 14:00:00,,,,,,,,,Rajasthan,Jaipur,26.9124,75.7873,State Representative,2026-09-30T12:29:34.041010+00:00,False
2026-10-05 15:00:00,,,,,,,,,Rajasthan,Jaipur,26.9124,75.7873,State Representative,2026-09-30T12:29:34.041010+00:00,False
2026-10-05 16:00:00,,,,,,,,,Rajasthan,Jaipur,26.9124,75.7873,State Representative,2026-09-30T12:29:34.041010+00:00,False
2026-10-05 17:00:00,,,,,,,,,Rajasthan,Jaipur,26.9124,75.7873,State Representative,2026-09-30T12:29:34.041010+00:00,False
2026-10-05 18:00:00,,,,,,,,,Rajasthan,Jaipur,26.9124,75.7873,State Representative,2026-09-30T12:29:34.041010+00:00,False
2026-10-05 19:00:00,,,,,,,,,Rajasthan,Jaipur,26.9124,75.7873,State Representative,2026-09-30T12:29:34.041010+00:00,False
2026-10-05 20:00:00,,,,,,,,,Rajasthan,Jaipur,26.9124,75.7873,State Representative,2026-09-30T12:29:34.041010+00:00,False
2026-10-05 21:00:00,,,,,,,,,Rajasthan,Jaipur,26.9124,75.7873,State Representative,2026-09-30T12:29:34.041010+00:00,False
2026-10-05 22:00:00,,,,,,,,,Rajasthan,Jaipur,26.9124,75.7873,State Representative,2026-09-30T12:29:34.041010+00:00,False
2026-10-05 23:00:00,,,,,,,,,Rajasthan,Jaipur,26.9124,75.7873,State Representative,2026-09-30T12:29:34.041010+00:00,False
2026-10-06 00:00:00,,,,,,,,,Rajasthan,Jaipur,26.9124,75.7873,State Representative,2026-09-30T12:29:34.041010+00:00,False
2026-10-06 01:00:00,,,,,,,,,Rajasthan,Jaipur,26.9124,75.7873,State Representative,2026-09-30T12:29:34.041010+00:00,False
2026-10-06 02:00:00,,,,,,,,,Rajasthan,Jaipur,26.9124,75.7873,State Representative,2026-09-30T12:29:34.041010+00:00,False
2026-10-06 03:00:00,,,,,,,,,Rajasthan,Jaipur,26.9124,75.7873,State Representative,2026-09-30T12:29:34.041010+00:00,False
2026-10-06 04:00:00,,,,,,,,,Rajasthan,Jaipur,26.9124,75.7873,State Representative,2026-09-30T12:29:34.041010+00:00,False
2026-10-06 05:00:00,,,,,,,,,Rajasthan,Jaipur,26.9124,75.7873,State Representative,2026-09-30T12:29:34.041010+00:00,False
2026-10-06 06:00:00,,,,,,,,,Rajasthan,Jaipur,26.9124,75.7873,State Representative,2026-09-30T12:29:34.041010+00:00,False
2026-10-06 07:00:00,,,,,,,,,Rajasthan,Jaipur,26.9124,75.7873,State Representative,2026-09-30T12:29:34.041010+00:00,False
2026-10-06 08:00:00,,,,,,,,,Rajasthan,Jaipur,26.9124,75.7873,State Representative,2026-09-30T12:29:34.041010+00:00,False
2026-10-06 09:00:00,,,,,,,,,Rajasthan,Jaipur,26.9124,75.7873,State Representative,2026-09-30T12:29:34.041010+00:00,False
2026-10-06 10:00:00,,,,,,,,,Rajasthan,Jaipur,26.9124,75.7873,State Representative,2026-09-30T12:29:34.041010+00:00,False
2026-10-06 11:00:00,,,,,,,,,Rajasthan,Jaipur,26.9124,75.7873,State Representative,2026-09-30T12:29:34.041010+00:00,False
2026-10-06 12:00:00,,,,,,,,,Rajasthan,Jaipur,26.9124,75.7873,State Representative,2026-09-30T12:29:34.041010+00:00,False
2026-10-06 13:00:00,,,,,,,,,Rajasthan,Jaipur,26.9124,75.7873,State Representative,2026-09-30T12:29:34.041010+00:00,False
2026-10-06 14:00:00,,,,,,,,,Rajasthan,Jaipur,26.9124,75.7873,State Representative,2026-09-30T12:29:34.041010+00:00,False
2026-10-06 15:00:00,,,,,,,,,Rajasthan,Jaipur,26.9124,75.7873,State Representative,2026-09-30T12:29:34.041010+00:00,False
2026-10-06 16:00:00,,,,,,,,,Rajasthan,Jaipur,26.9124,75.7873,State Representative,2026-09-30T12:29:34.041010+00:00,False
2026-10-06 17:00:00,,,,,,,,,Rajasthan,Jaipur,26.9124,75.7873,State Representative,2026-09-30T12:29:34.041010+00:00,False
2026-10-06 18:00:00,,,,,,,,,Rajasthan,Jaipur,26.9124,75.7873,State Representative,2026-09-30T12:29:34.041010+00:00,False
2026-10-06 19:00:00,,,,,,,,,Rajasthan,Jaipur,26.9124,75.7873,State Representative,2026-09-30T12:29:34.041010+00:00,False
2026-10-06 20:00:00,,,,,,,,,Rajasthan,Jaipur,26.9124,75.7873,State Representative,2026-09-30T12:29:34.041010+00:00,False
2026-10-06 21:00:00,,,,,,,,,Rajasthan,Jaipur,26.9124,75.7873,State Representative,2026-09-30T12:29:34.041010+00:00,False
2026-10-06 22:00:00,,,,,,,,,Rajasthan,Jaipur,26.9124,75.7873,State Representative,2026-09-30T12:29:34.041010+00:00,False
2026-10-06 23:00:00,,,,,,,,,Rajasthan,Jaipur,26.9124,75.7873,State Representative,2026-09-30T12:29:34.041010+00:00,False
2026-09-30 00:00:00,25.7,26.8,242.0,21.1,1.6,24.0,67.0,46.0,Sikkim,Gangtok,27.3389,88.6065,State Representative,2026-09-30T12:29:34.704667+00:00,True
2026-09-30 01:00:00,22.4,23.4,236.0,17.9,1.1,21.0,67.0,44.0,Sikkim,Gangtok,27.3389,88.6065,State Representative,2026-09-30T12:29:34.704667+00:00,True
2026-09-30 02:00:00,19.3,20.2,234.0,15.2,0.7,20.0,67.0,42.0,Sikkim,Gangtok,27.3389,88.6065,State Representative,2026-09-30T12:29:34.704667+00:00,True
2026-09-30 03:00:00,16.8,17.6,235.0,14.0,0.6,20.0,68.0,41.0,Sikkim,Gangtok,27.3389,88.6065,State Representative,2026-09-30T12:29:34.704667+00:00,True
2026-09-30 04:00:00,15.2,16.1,239.0,13.2,0.6,23.0,68.0,40.0,Sikkim,Gangtok,27.3389,88.6065,State Representative,2026-09-30T12:29:34.704667+00:00,True
2026-09-30 05:00:00,12.7,13.9,244.0,13.1,1.0,36.0,68.0,35.0,Sikkim,Gangtok,27.3389,88.6065,State Representative,2026-09-30T12:29:34.704667+00:00,True
2026-09-30 06:00:00,14.9,16.1,252.0,10.0,1.5,58.0,69.0,40.0,Sikkim,Gangtok,27.3389,88.6065,State Representative,2026-09-30T12:29:34.704667+00:00,True
2026-09-30 07:00:00,15.2,16.6,261.0,5.8,2.3,87.0,69.0,40.0,Sikkim,Gangtok,27.3389,88.6065,State Representative,2026-09-30T12:29:34.704667+00:00,True
2026-09-30 08:00:00,17.1,18.8,265.0,2.5,2.9,111.0,70.0,51.0,Sikkim,Gangtok,27.3389,88.6065,State Representative,2026-09-30T12:29:34.704667+00:00,True
2026-09-30 09:00:00,17.6,19.6,260.0,1.2,3.2,122.0,70.0,61.0,Sikkim,Gangtok,27.3389,88.6065,State Representative,2026-09-30T12:29:34.704667+00:00,True
2026-09-30 10:00:00,19.4,21.6,249.0,0.9,3.4,126.0,71.0,63.0,Sikkim,Gangtok,27.3389,88.6065,State Representative,2026-09-30T12:29:34.704667+00:00,True
2026-09-30 11:00:00,20.5,23.1,240.0,0.8,3.5,129.0,71.0,65.0,Sikkim,Gangtok,27.3389,88.6065,State Representative,2026-09-30T12:29:34.704667+00:00,True
2026-09-30 12:00:00,21.5,24.0,233.0,0.5,3.4,133.0,72.0,67.0,Sikkim,Gangtok,27.3389,88.6065,State Representative,2026-09-30T12:29:34.704667+00:00,True
2026-09-30 13:00:00,21.9,24.4,227.0,0.5,3.2,135.0,72.0,68.0,Sikkim,Gangtok,27.3389,88.6065,State Representative,2026-09-30T12:29:34.704667+00:00,True
2026-09-30 14:00:00,20.9,23.2,227.0,1.3,3.1,134.0,73.0,67.0,Sikkim,Gangtok,27.3389,88.6065,State Representative,2026-09-30T12:29:34.704667+00:00,True
2026-09-30 15:00:00,21.6,24.0,236.0,3.4,3.0,128.0,74.0,64.0,Sikkim,Gangtok,27.3389,88.6065,State Representative,2026-09-30T12:29:34.704667+00:00,True
2026-09-30 16:00:00,22.9,25.1,253.0,6.2,2.9,119.0,83.0,59.0,Sikkim,Gangtok,27.3389,88.6065,State Representative,2026-09-30T12:29:34.704667+00:00,True
2026-09-30 17:00:00,25.6,28.0,273.0,8.8,3.0,111.0,85.0,51.0,Sikkim,Gangtok,27.3389,88.6065,State Representative,2026-09-30T12:29:34.704667+00:00,True
2026-09-30 18:00:00,27.8,30.3,298.0,10.9,3.4,107.0,82.0,47.0,Sikkim,Gangtok,27.3389,88.6065,State Representative,2026-09-30T12:29:34.704667+00:00,True
2026-09-30 19:00:00,29.5,31.9,327.0,12.8,3.9,104.0,78.0,48.0,Sikkim,Gangtok,27.3389,88.6065,State Representative,2026-09-30T12:29:34.704667+00:00,True
2026-09-30 20:00:00,30.0,32.5,359.0,14.0,4.1,99.0,74.0,49.0,Sikkim,Gangtok,27.3389,88.6065,State Representative,2026-09-30T12:29:34.704667+00:00,True
2026-09-30 21:00:00,30.2,32.4,396.0,14.5,3.8,88.0,74.0,49.0,Sikkim,Gangtok,27.3389,88.6065,State Representative,2026-09-30T12:29:34.704667+00:00,True
2026-09-30 22:00:00,27.3,29.3,436.0,14.3,3.1,74.0,74.0,47.0,Sikkim,Gangtok,27.3389,88.6065,State Representative,2026-09-30T12:29:34.704667+00:00,True
2026-09-30 23:00:00,23.2,24.8,464.0,13.3,2.6,65.0,74.0,45.0,Sikkim,Gangtok,27.3389,88.6065,State Representative,2026-09-30T12:29:34.704667+00:00,True
2026-10-01 00:00:00,20.1,21.4,472.0,11.0,2.3,64.0,74.0,43.0,Sikkim,Gangtok,27.3389,88.6065,State Representative,2026-09-30T12:29:34.704667+00:00,True
2026-10-01 01:00:00,14.8,15.8,468.0,7.9,2.0,66.0,73.0,40.0,Sikkim,Gangtok,27.3389,88.6065,State Representative,2026-09-30T12:29:34.704667+00:00,True
2026-10-01 02:00:00,13.2,14.1,468.0,5.6,1.8,68.0,73.0,36.0,Sikkim,Gangtok,27.3389,88.6065,State Representative,2026-09-30T12:29:34.704667+00:00,True
2026-10-01 03:00:00,11.6,12.4,484.0,5.2,1.6,65.0,72.0,33.0,Sikkim,Gangtok,27.3389,88.6065,State Representative,2026-09-30T12:29:34.704667+00:00,True
2026-10-01 04:00:00,10.3,11.1,504.0,5.6,1.4,62.0,72.0,31.0,Sikkim,Gangtok,27.3389,88.6065,State Representative,2026-09-30T12:29:34.704667+00:00,True
2026-10-01 05:00:00,8.9,9.6,502.0,5.6,1.3,64.0,72.0,28.0,Sikkim,Gangtok,27.3389,88.6065,State Representative,2026-09-30T12:29:34.704667+00:00,True
2026-10-01 06:00:00,12.8,13.8,458.0,4.7,1.5,75.0,71.0,36.0,Sikkim,Gangtok,27.3389,88.6065,State Representative,2026-09-30T12:29:34.704667+00:00,True
2026-10-01 07:00:00,11.4,12.1,392.0,3.4,1.8,92.0,71.0,36.0,Sikkim,Gangtok,27.3389,88.6065,State Representative,2026-09-30T12:29:34.704667+00:00,True
2026-10-01 08:00:00,11.2,12.4,338.0,2.3,2.1,106.0,71.0,46.0,Sikkim,Gangtok,27.3389,88.6065,State Representative,2026-09-30T12:29:34.704667+00:00,True
2026-10-01 09:00:00,13.2,14.6,308.0,1.6,2.3,115.0,70.0,55.0,Sikkim,Gangtok,27.3389,88.6065,State Representative,2026-09-30T12:29:34.704667+00:00,True
2026-10-01 10:00:00,14.8,16.5,290.0,1.1,2.5,123.0,70.0,62.0,Sikkim,Gangtok,27.3389,88.6065,State Representative,2026-09-30T12:29:34.704667+00:00,True
2026-10-01 11:00:00,15.2,16.9,278.0,0.8,2.6,127.0,70.0,64.0,Sikkim,Gangtok,27.3389,88.6065,State Representative,2026-09-30T12:29:34.704667+00:00,True
2026-10-01 12:00:00,16.6,18.6,271.0,0.7,2.6,128.0,69.0,64.0,Sikkim,Gangtok,27.3389,88.6065,State Representative,2026-09-30T12:29:34.704667+00:00,True
2026-10-01 13:00:00,18.0,19.7,271.0,0.8,2.5,126.0,69.0,63.0,Sikkim,Gangtok,27.3389,88.6065,State Representative,2026-09-30T12:29:34.704667+00:00,True
2026-10-01 14:00:00,14.7,16.2,279.0,1.6,2.4,124.0,68.0,62.0,Sikkim,Gangtok,27.3389,88.6065,State Representative,2026-09-30T12:29:34.704667+00:00,True
2026-10-01 15:00:00,16.4,18.0,300.0,3.4,2.5,122.0,68.0,61.0,Sikkim,Gangtok,27.3389,88.6065,State Representative,2026-09-30T12:29:34.704667+00:00,True
2026-10-01 16:00:00,18.9,20.7,329.0,5.9,2.6,119.0,73.0,59.0,Sikkim,Gangtok,27.3389,88.6065,State Representative,2026-09-30T12:29:34.704667+00:00,True
2026-10-01 17:00:00,20.1,22.0,353.0,7.9,2.7,116.0,76.0,56.0,Sikkim,Gangtok,27.3389,88.6065,State Representative,2026-09-30T12:29:34.704667+00:00,True
2026-10-01 18:00:00,22.1,24.1,366.0,9.2,2.5,114.0,76.0,54.0,Sikkim,Gangtok,27.3389,88.6065,State Representative,2026-09-30T12:29:34.704667+00:00,True
2026-10-01 19:00:00,25.3,27.4,374.0,10.1,2.3,112.0,74.0,52.0,Sikkim,Gangtok,27.3389,88.6065,State Representative,2026-09-30T12:29:34.704667+00:00,True
2026-10-01 20:00:00,26.4,28.3,378.0,10.4,2.1,110.0,71.0,50.0,Sikkim,Gangtok,27.3389,88.6065,State Representative,2026-09-30T12:29:34.704667+00:00,True
2026-10-01 21:00:00,23.4,25.0,376.0,9.9,2.1,107.0,67.0,47.0,Sikkim,Gangtok,27.3389,88.6065,State Representative,2026-09-30T12:29:34.704667+00:00,True
2026-10-01 22:00:00,22.1,23.6,370.0,8.7,2.1,104.0,65.0,44.0,Sikkim,Gangtok,27.3389,88.6065,State Representative,2026-09-30T12:29:34.704667+00:00,True
2026-10-01 23:00:00,18.2,19.4,368.0,7.6,2.0,100.0,65.0,42.0,Sikkim,Gangtok,27.3389,88.6065,State Representative,2026-09-30T12:29:34.704667+00:00,True
2026-10-02 00:00:00,13.3,14.3,375.0,6.5,1.8,95.0,64.0,38.0,Sikkim,Gangtok,27.3389,88.6065,State Representative,2026-09-30T12:29:34.704667+00:00,True
2026-10-02 01:00:00,11.3,12.1,387.0,5.5,1.5,89.0,64.0,35.0,Sikkim,Gangtok,27.3389,88.6065,State Representative,2026-09-30T12:29:34.704667+00:00,True
2026-10-02 02:00:00,10.2,10.9,397.0,4.9,1.3,84.0,64.0,32.0,Sikkim,Gangtok,27.3389,88.6065,State Representative,2026-09-30T12:29:34.704667+00:00,True
2026-10-02 03:00:00,9.9,10.6,406.0,5.2,1.1,77.0,63.0,30.0,Sikkim,Gangtok,27.3389,88.6065,State Representative,2026-09-30T12:29:34.704667+00:00,True
2026-10-02 04:00:00,9.8,10.4,413.0,6.0,1.0,71.0,63.0,30.0,Sikkim,Gangtok,27.3389,88.6065,State Representative,2026-09-30T12:29:34.704667+00:00,True
2026-10-02 05:00:00,9.5,10.1,411.0,6.3,0.9,69.0,63.0,29.0,Sikkim,Gangtok,27.3389,88.6065,State Representative,2026-09-30T12:29:34.704667+00:00,True
2026-10-02 06:00:00,9.8,10.4,392.0,5.5,0.9,76.0,63.0,30.0,Sikkim,Gangtok,27.3389,88.6065,State Representative,2026-09-30T12:29:34.704667+00:00,True
2026-10-02 07:00:00,10.0,10.6,364.0,4.1,1.0,87.0,63.0,34.0,Sikkim,Gangtok,27.3389,88.6065,State Representative,2026-09-30T12:29:34.704667+00:00,True
2026-10-02 08:00:00,9.2,10.1,338.0,2.9,1.2,99.0,63.0,40.0,Sikkim,Gangtok,27.3389,88.6065,State Representative,2026-09-30T12:29:34.704667+00:00,True
2026-10-02 09:00:00,11.6,12.9,317.0,2.0,1.7,110.0,63.0,50.0,Sikkim,Gangtok,27.3389,88.6065,State Representative,2026-09-30T12:29:34.704667+00:00,True
2026-10-02 10:00:00,13.4,14.8,299.0,1.3,2.3,121.0,63.0,61.0,Sikkim,Gangtok,27.3389,88.6065,State Representative,2026-09-30T12:29:34.704667+00:00,True
2026-10-02 11:00:00,14.8,16.2,289.0,0.9,2.8,129.0,63.0,65.0,Sikkim,Gangtok,27.3389,88.6065,State Representative,2026-09-30T12:29:34.704667+00:00,True
2026-10-02 12:00:00,16.5,17.7,292.0,0.8,2.9,132.0,63.0,66.0,Sikkim,Gangtok,27.3389,88.6065,State Representative,2026-09-30T12:29:34.704667+00:00,True
2026-10-02 13:00:00,13.7,14.8,304.0,1.0,2.9,131.0,62.0,66.0,Sikkim,Gangtok,27.3389,88.6065,State Representative,2026-09-30T12:29:34.704667+00:00,True
2026-10-02 14:00:00,16.4,17.4,314.0,1.9,2.8,129.0,62.0,65.0,Sikkim,Gangtok,27.3389,88.6065,State Representative,2026-09-30T12:29:34.704667+00:00,True
2026-10-02 15:00:00,18.2,19.4,317.0,3.9,2.8,126.0,66.0,63.0,Sikkim,Gangtok,27.3389,88.6065,State Representative,2026-09-30T12:29:34.704667+00:00,True
2026-10-02 16:00:00,19.9,21.0,318.0,6.4,2.9,122.0,74.0,61.0,Sikkim,Gangtok,27.3389,88.6065,State Representative,2026-09-30T12:29:34.704667+00:00,True
2026-10-02 17:00:00,21.3,22.6,327.0,8.6,2.9,119.0,79.0,59.0,Sikkim,Gangtok,27.3389,88.6065,State Representative,2026-09-30T12:29:34.704667+00:00,True
2026-10-02 18:00:00,18.6,19.7,348.0,9.9,2.9,117.0,81.0,57.0,Sikkim,Gangtok,27.3389,88.6065,State Representative,2026-09-30T12:29:34.704667+00:00,True
2026-10-02 19:00:00,21.1,22.3,376.0,10.8,2.8,115.0,80.0,55.0,Sikkim,Gangtok,27.3389,88.6065,State Representative,2026-09-30T12:29:34.704667+00:00,True
2026-10-02 20:00:00,22.3,23.5,405.0,11.5,2.8,112.0,77.0,52.0,Sikkim,Gangtok,27.3389,88.6065,State Representative,2026-09-30T12:29:34.704667+00:00,True
2026-10-02 21:00:00,17.3,18.2,439.0,12.3,2.9,108.0,73.0,48.0,Sikkim,Gangtok,27.3389,88.6065,State Representative,2026-09-30T12:29:34.704667+00:00,True
2026-10-02 22:00:00,11.9,12.5,475.0,12.9,3.2,102.0,68.0,42.0,Sikkim,Gangtok,27.3389,88.6065,State Representative,2026-09-30T12:29:34.704667+00:00,True
2026-10-02 23:00:00,10.5,11.0,493.0,12.9,3.3,96.0,62.0,38.0,Sikkim,Gangtok,27.3389,88.6065,State Representative,2026-09-30T12:29:34.704667+00:00,True
2026-10-03 00:00:00,9.5,10.0,479.0,12.0,3.2,87.0,60.0,34.0,Sikkim,Gangtok,27.3389,88.6065,State Representative,2026-09-30T12:29:34.704667+00:00,True
2026-10-03 01:00:00,8.9,9.4,448.0,10.5,3.0,76.0,59.0,28.0,Sikkim,Gangtok,27.3389,88.6065,State Representative,2026-09-30T12:29:34.704667+00:00,True
2026-10-03 02:00:00,8.3,8.7,423.0,9.0,3.2,74.0,59.0,27.0,Sikkim,Gangtok,27.3389,88.6065,State Representative,2026-09-30T12:29:34.704667+00:00,True
2026-10-03 03:00:00,8.0,8.5,415.0,7.6,4.2,86.0,59.0,33.0,Sikkim,Gangtok,27.3389,88.6065,State Representative,2026-09-30T12:29:34.704667+00:00,True
2026-10-03 04:00:00,9.4,10.0,413.0,6.1,5.6,106.0,59.0,46.0,Sikkim,Gangtok,27.3389,88.6065,State Representative,2026-09-30T12:29:34.704667+00:00,True
2026-10-03 05:00:00,14.1,15.3,404.0,5.0,6.5,122.0,59.0,61.0,Sikkim,Gangtok,27.3389,88.6065,State Representative,2026-09-30T12:29:34.704667+00:00,True
2026-10-03 06:00:00,16.2,17.4,378.0,4.6,6.6,129.0,59.0,65.0,Sikkim,Gangtok,27.3389,88.6065,State Representative,2026-09-30T12:29:34.704667+00:00,True
2026-10-03 07:00:00,13.1,14.1,344.0,4.5,6.4,131.0,60.0,66.0,Sikkim,Gangtok,27.3389,88.6065,State Representative,2026-09-30T12:29:34.704667+00:00,True
2026-10-03 08:00:00,12.4,13.3,322.0,4.2,6.0,134.0,60.0,67.0,Sikkim,Gangtok,27.3389,88.6065,State Representative,2026-09-30T12:29:34.704667+00:00,True
2026-10-03 09:00:00,6.0,6.5,322.0,3.5,5.6,138.0,60.0,69.0,Sikkim,Gangtok,27.3389,88.6065,State Representative,2026-09-30T12:29:34.704667+00:00,True
2026-10-03 10:00:00,7.3,7.9,332.0,2.5,5.1,143.0,62.0,72.0,Sikkim,Gangtok,27.3389,88.6065,State Representative,2026-09-30T12:29:34.704667+00:00,True
2026-10-03 11:00:00,10.3,11.1,342.0,1.9,4.7,145.0,77.0,73.0,Sikkim,Gangtok,27.3389,88.6065,State Representative,2026-09-30T12:29:34.704667+00:00,True
2026-10-03 12:00:00,7.0,7.5,344.0,1.6,4.4,145.0,89.0,73.0,Sikkim,Gangtok,27.3389,88.6065,State Representative,2026-09-30T12:29:34.704667+00:00,True
2026-10-03 13:00:00,11.1,11.7,345.0,1.5,4.1,143.0,98.0,72.0,Sikkim,Gangtok,27.3389,88.6065,State Representative,2026-09-30T12:29:34.704667+00:00,True
2026-10-03 14:00:00,7.9,8.4,351.0,2.1,3.9,140.0,102.0,70.0,Sikkim,Gangtok,27.3389,88.6065,State Representative,2026-09-30T12:29:34.704667+00:00,True
2026-10-03 15:00:00,8.9,9.5,365.0,3.6,3.6,136.0,105.0,68.0,Sikkim,Gangtok,27.3389,88.6065,State Representative,2026-09-30T12:29:34.704667+00:00,True
2026-10-03 16:00:00,7.7,8.1,385.0,5.9,3.4,130.0,106.0,65.0,Sikkim,Gangtok,27.3389,88.6065,State Representative,2026-09-30T12:29:34.704667+00:00,True
2026-10-03 17:00:00,5.7,6.0,411.0,8.5,3.2,123.0,105.0,62.0,Sikkim,Gangtok,27.3389,88.6065,State Representative,2026-09-30T12:29:34.704667+00:00,True
2026-10-03 18:00:00,7.3,7.6,448.0,11.8,3.2,113.0,102.0,53.0,Sikkim,Gangtok,27.3389,88.6065,State Representative,2026-09-30T12:29:34.704667+00:00,True
2026-10-03 19:00:00,8.6,8.8,490.0,15.4,3.2,101.0,95.0,41.0,Sikkim,Gangtok,27.3389,88.6065,State Representative,2026-09-30T12:29:34.704667+00:00,True
2026-10-03 20:00:00,10.2,10.4,524.0,18.4,3.2,89.0,86.0,35.0,Sikkim,Gangtok,27.3389,88.6065,State Representative,2026-09-30T12:29:34.704667+00:00,True
2026-10-03 21:00:00,11.9,12.0,547.0,20.5,3.0,75.0,74.0,34.0,Sikkim,Gangtok,27.3389,88.6065,State Representative,2026-09-30T12:29:34.704667+00:00,True
2026-10-03 22:00:00,12.3,12.5,561.0,22.0,2.7,61.0,59.0,36.0,Sikkim,Gangtok,27.3389,88.6065,State Representative,2026-09-30T12:29:34.704667+00:00,True
2026-10-03 23:00:00,11.9,12.0,555.0,22.5,2.3,48.0,51.0,37.0,Sikkim,Gangtok,27.3389,88.6065,State Representative,2026-09-30T12:29:34.704667+00:00,True
2026-10-04 00:00:00,11.1,11.4,514.0,21.5,1.8,37.0,51.0,35.0,Sikkim,Gangtok,27.3389,88.6065,State Representative,2026-09-30T12:29:34.704667+00:00,True
2026-10-04 01:00:00,10.3,10.6,454.0,19.5,1.3,27.0,52.0,33.0,Sikkim,Gangtok,27.3389,88.6065,State Representative,2026-09-30T12:29:34.704667+00:00,True
2026-10-04 02:00:00,9.9,10.1,409.0,17.3,1.0,23.0,52.0,30.0,Sikkim,Gangtok,27.3389,88.6065,State Representative,2026-09-30T12:29:34.704667+00:00,True
2026-10-04 03:00:00,8.9,9.0,396.0,15.2,0.9,26.0,52.0,28.0,Sikkim,Gangtok,27.3389,88.6065,State Representative,2026-09-30T12:29:34.704667+00:00,True
2026-10-04 04:00:00,8.3,8.4,399.0,13.0,0.9,35.0,52.0,27.0,Sikkim,Gangtok,27.3389,88.6065,State Representative,2026-09-30T12:29:34.704667+00:00,True
2026-10-04 05:00:00,6.8,7.0,424.5,10.6,1.1,49.0,52.0,24.0,Sikkim,Gangtok,27.3389,88.6065,State Representative,2026-09-30T12:29:34.704667+00:00,True
2026-10-04 06:00:00,6.7,6.9,433.0,7.8,1.5,71.0,51.0,26.0,Sikkim,Gangtok,27.3389,88.6065,State Representative,2026-09-30T12:29:34.704667+00:00,True
2026-10-04 07:00:00,6.8,7.0,428.5,4.9,2.0,98.0,50.0,39.0,Sikkim,Gangtok,27.3389,88.6065,State Representative,2026-09-30T12:29:34.704667+00:00,True
2026-10-04 08:00:00,6.0,6.2,417.0,2.7,2.4,120.0,50.0,60.0,Sikkim,Gangtok,27.3389,88.6065,State Representative,2026-09-30T12:29:34.704667+00:00,True
2026-10-04 09:00:00,6.7,6.9,404.0,1.5,2.6,133.0,48.0,67.0,Sikkim,Gangtok,27.3389,88.6065,State Representative,2026-09-30T12:29:34.704667+00:00,True
2026-10-04 10:00:00,5.7,6.1,396.0,1.0,2.7,141.0,49.0,71.0,Sikkim,Gangtok,27.3389,88.6065,State Representative,2026-09-30T12:29:34.704667+00:00,True
2026-10-04 11:00:00,5.8,6.2,395.0,0.8,2.7,144.0,48.0,72.0,Sikkim,Gangtok,27.3389,88.6065,State Representative,2026-09-30T12:29:34.704667+00:00,True
2026-10-04 12:00:00,7.1,7.4,401.0,0.9,2.6,140.0,47.0,70.0,Sikkim,Gangtok,27.3389,88.6065,State Representative,2026-09-30T12:29:34.704667+00:00,True
2026-10-04 13:00:00,4.6,4.9,414.0,1.3,2.5,131.0,57.0,66.0,Sikkim,Gangtok,27.3389,88.6065,State Representative,2026-09-30T12:29:34.704667+00:00,True
2026-10-04 14:00:00,5.7,5.9,427.0,2.0,2.4,124.0,75.0,62.0,Sikkim,Gangtok,27.3389,88.6065,State Representative,2026-09-30T12:29:34.704667+00:00,True
2026-10-04 15:00:00,5.7,6.1,438.0,2.9,2.3,124.0,86.0,62.0,Sikkim,Gangtok,27.3389,88.6065,State Representative,2026-09-30T12:29:34.704667+00:00,True
2026-10-04 16:00:00,4.4,4.6,449.0,4.0,2.3,126.0,91.0,63.0,Sikkim,Gangtok,27.3389,88.6065,State Representative,2026-09-30T12:29:34.704667+00:00,True
2026-10-04 17:00:00,6.3,6.6,465.0,5.4,2.3,126.0,93.0,63.0,Sikkim,Gangtok,27.3389,88.6065,State Representative,2026-09-30T12:29:34.704667+00:00,True
2026-10-04 18:00:00,6.3,6.6,490.0,7.2,2.5,123.0,91.0,62.0,Sikkim,Gangtok,27.3389,88.6065,State Representative,2026-09-30T12:29:34.704667+00:00,True
2026-10-04 19:00:00,8.3,8.6,520.0,9.3,2.7,119.0,87.0,59.0,Sikkim,Gangtok,27.3389,88.6065,State Representative,2026-09-30T12:29:34.704667+00:00,True
2026-10-04 20:00:00,12.5,12.8,539.0,10.8,2.7,110.0,82.0,50.0,Sikkim,Gangtok,27.3389,88.6065,State Representative,2026-09-30T12:29:34.704667+00:00,True
2026-10-04 21:00:00,17.2,17.5,543.0,11.6,2.0,94.0,76.0,41.0,Sikkim,Gangtok,27.3389,88.6065,State Representative,2026-09-30T12:29:34.704667+00:00,True
2026-10-04 22:00:00,17.0,17.2,537.0,11.9,1.1,73.0,68.0,41.0,Sikkim,Gangtok,27.3389,88.6065,State Representative,2026-09-30T12:29:34.704667+00:00,True
2026-10-04 23:00:00,14.4,14.6,523.0,11.7,0.4,58.0,57.0,39.0,Sikkim,Gangtok,27.3389,88.6065,State Representative,2026-09-30T12:29:34.704667+00:00,True
2026-10-05 00:00:00,10.6,10.7,499.0,10.7,0.3,51.0,48.0,31.0,Sikkim,Gangtok,27.3389,88.6065,State Representative,2026-09-30T12:29:34.704667+00:00,True
2026-10-05 01:00:00,5.3,5.4,467.0,9.1,0.6,49.0,47.0,21.0,Sikkim,Gangtok,27.3389,88.6065,State Representative,2026-09-30T12:29:34.704667+00:00,True
2026-10-05 02:00:00,4.8,4.9,432.0,7.5,0.8,52.0,46.0,19.0,Sikkim,Gangtok,27.3389,88.6065,State Representative,2026-09-30T12:29:34.704667+00:00,True
2026-10-05 03:00:00,3.9,4.1,392.0,6.1,0.9,64.0,44.0,22.0,Sikkim,Gangtok,27.3389,88.6065,State Representative,2026-09-30T12:29:34.704667+00:00,True
2026-10-05 04:00:00,3.3,3.9,349.0,4.7,0.9,81.0,43.0,31.0,Sikkim,Gangtok,27.3389,88.6065,State Representative,2026-09-30T12:29:34.704667+00:00,True
2026-10-05 05:00:00,3.3,4.4,319.0,3.7,0.9,94.0,42.0,37.0,Sikkim,Gangtok,27.3389,88.6065,State Representative,2026-09-30T12:29:34.704667+00:00,True
2026-10-05 06:00:00,,,,,,,41.0,,Sikkim,Gangtok,27.3389,88.6065,State Representative,2026-09-30T12:29:34.704667+00:00,False
2026-10-05 07:00:00,,,,,,,,,Sikkim,Gangtok,27.3389,88.6065,State Representative,2026-09-30T12:29:34.704667+00:00,False
2026-10-05 08:00:00,,,,,,,,,Sikkim,Gangtok,27.3389,88.6065,State Representative,2026-09-30T12:29:34.704667+00:00,False
2026-10-05 09:00:00,,,,,,,,,Sikkim,Gangtok,27.3389,88.6065,State Representative,2026-09-30T12:29:34.704667+00:00,False
2026-10-05 10:00:00,,,,,,,,,Sikkim,Gangtok,27.3389,88.6065,State Representative,2026-09-30T12:29:34.704667+00:00,False
2026-10-05 11:00:00,,,,,,,,,Sikkim,Gangtok,27.3389,88.6065,State Representative,2026-09-30T12:29:34.704667+00:00,False
2026-10-05 12:00:00,,,,,,,,,Sikkim,Gangtok,27.3389,88.6065,State Representative,2026-09-30T12:29:34.704667+00:00,False
2026-10-05 13:00:00,,,,,,,,,Sikkim,Gangtok,27.3389,88.6065,State Representative,2026-09-30T12:29:34.704667+00:00,False
2026-10-05 14:00:00,,,,,,,,,Sikkim,Gangtok,27.3389,88.6065,State Representative,2026-09-30T12:29:34.704667+00:00,False
2026-10-05 15:00:00,,,,,,,,,Sikkim,Gangtok,27.3389,88.6065,State Representative,2026-09-30T12:29:34.704667+00:00,False
2026-10-05 16:00:00,,,,,,,,,Sikkim,Gangtok,27.3389,88.6065,State Representative,2026-09-30T12:29:34.704667+00:00,False
2026-10-05 17:00:00,,,,,,,,,Sikkim,Gangtok,27.3389,88.6065,State Representative,2026-09-30T12:29:34.704667+00:00,False
2026-10-05 18:00:00,,,,,,,,,Sikkim,Gangtok,27.3389,88.6065,State Representative,2026-09-30T12:29:34.704667+00:00,False
2026-10-05 19:00:00,,,,,,,,,Sikkim,Gangtok,27.3389,88.6065,State Representative,2026-09-30T12:29:34.704667+00:00,False
2026-10-05 20:00:00,,,,,,,,,Sikkim,Gangtok,27.3389,88.6065,State Representative,2026-09-30T12:29:34.704667+00:00,False
2026-10-05 21:00:00,,,,,,,,,Sikkim,Gangtok,27.3389,88.6065,State Representative,2026-09-30T12:29:34.704667+00:00,False
2026-10-05 22:00:00,,,,,,,,,Sikkim,Gangtok,27.3389,88.6065,State Representative,2026-09-30T12:29:34.704667+00:00,False
2026-10-05 23:00:00,,,,,,,,,Sikkim,Gangtok,27.3389,88.6065,State Representative,2026-09-30T12:29:34.704667+00:00,False
2026-10-06 00:00:00,,,,,,,,,Sikkim,Gangtok,27.3389,88.6065,State Representative,2026-09-30T12:29:34.704667+00:00,False
2026-10-06 01:00:00,,,,,,,,,Sikkim,Gangtok,27.3389,88.6065,State Representative,2026-09-30T12:29:34.704667+00:00,False
2026-10-06 02:00:00,,,,,,,,,Sikkim,Gangtok,27.3389,88.6065,State Representative,2026-09-30T12:29:34.704667+00:00,False
2026-10-06 03:00:00,,,,,,,,,Sikkim,Gangtok,27.3389,88.6065,State Representative,2026-09-30T12:29:34.704667+00:00,False
2026-10-06 04:00:00,,,,,,,,,Sikkim,Gangtok,27.3389,88.6065,State Representative,2026-09-30T12:29:34.704667+00:00,False
2026-10-06 05:00:00,,,,,,,,,Sikkim,Gangtok,27.3389,88.6065,State Representative,2026-09-30T12:29:34.704667+00:00,False
2026-10-06 06:00:00,,,,,,,,,Sikkim,Gangtok,27.3389,88.6065,State Representative,2026-09-30T12:29:34.704667+00:00,False
2026-10-06 07:00:00,,,,,,,,,Sikkim,Gangtok,27.3389,88.6065,State Representative,2026-09-30T12:29:34.704667+00:00,False
2026-10-06 08:00:00,,,,,,,,,Sikkim,Gangtok,27.3389,88.6065,State Representative,2026-09-30T12:29:34.704667+00:00,False
2026-10-06 09:00:00,,,,,,,,,Sikkim,Gangtok,27.3389,88.6065,State Representative,2026-09-30T12:29:34.704667+00:00,False
2026-10-06 10:00:00,,,,,,,,,Sikkim,Gangtok,27.3389,88.6065,State Representative,2026-09-30T12:29:34.704667+00:00,False
2026-10-06 11:00:00,,,,,,,,,Sikkim,Gangtok,27.3389,88.6065,State Representative,2026-09-30T12:29:34.704667+00:00,False
2026-10-06 12:00:00,,,,,,,,,Sikkim,Gangtok,27.3389,88.6065,State Representative,2026-09-30T12:29:34.704667+00:00,False
2026-10-06 13:00:00,,,,,,,,,Sikkim,Gangtok,27.3389,88.6065,State Representative,2026-09-30T12:29:34.704667+00:00,False
2026-10-06 14:00:00,,,,,,,,,Sikkim,Gangtok,27.3389,88.6065,State Representative,2026-09-30T12:29:34.704667+00:00,False
2026-10-06 15:00:00,,,,,,,,,Sikkim,Gangtok,27.3389,88.6065,State Representative,2026-09-30T12:29:34.704667+00:00,False
2026-10-06 16:00:00,,,,,,,,,Sikkim,Gangtok,27.3389,88.6065,State Representative,2026-09-30T12:29:34.704667+00:00,False
2026-10-06 17:00:00,,,,,,,,,Sikkim,Gangtok,27.3389,88.6065,State Representative,2026-09-30T12:29:34.704667+00:00,False
2026-10-06 18:00:00,,,,,,,,,Sikkim,Gangtok,27.3389,88.6065,State Representative,2026-09-30T12:29:34.704667+00:00,False
2026-10-06 19:00:00,,,,,,,,,Sikkim,Gangtok,27.3389,88.6065,State Representative,2026-09-30T12:29:34.704667+00:00,False
2026-10-06 20:00:00,,,,,,,,,Sikkim,Gangtok,27.3389,88.6065,State Representative,2026-09-30T12:29:34.704667+00:00,False
2026-10-06 21:00:00,,,,,,,,,Sikkim,Gangtok,27.3389,88.6065,State Representative,2026-09-30T12:29:34.704667+00:00,False
2026-10-06 22:00:00,,,,,,,,,Sikkim,Gangtok,27.3389,88.6065,State Representative,2026-09-30T12:29:34.704667+00:00,False
2026-10-06 23:00:00,,,,,,,,,Sikkim,Gangtok,27.3389,88.6065,State Representative,2026-09-30T12:29:34.704667+00:00,False
2026-09-30 00:00:00,22.9,28.8,560.0,11.4,9.6,79.0,96.0,45.0,Tamil Nadu,Chennai,13.0827,80.2707,State Representative,2026-09-30T12:29:35.356489+00:00,True
2026-09-30 01:00:00,25.3,31.0,570.0,13.2,12.4,74.0,96.0,46.0,Tamil Nadu,Chennai,13.0827,80.2707,State Representative,2026-09-30T12:29:35.356489+00:00,True
2026-09-30 02:00:00,27.9,33.9,549.0,14.6,14.7,72.0,95.0,47.0,Tamil Nadu,Chennai,13.0827,80.2707,State Representative,2026-09-30T12:29:35.356489+00:00,True
2026-09-30 03:00:00,31.1,37.0,461.0,15.3,16.2,71.0,95.0,49.0,Tamil Nadu,Chennai,13.0827,80.2707,State Representative,2026-09-30T12:29:35.356489+00:00,True
2026-09-30 04:00:00,32.1,36.4,342.0,15.5,17.3,72.0,95.0,50.0,Tamil Nadu,Chennai,13.0827,80.2707,State Representative,2026-09-30T12:29:35.356489+00:00,True
2026-09-30 05:00:00,27.3,32.6,282.0,13.8,12.5,69.0,95.0,47.0,Tamil Nadu,Chennai,13.0827,80.2707,State Representative,2026-09-30T12:29:35.356489+00:00,True
2026-09-30 06:00:00,29.5,34.6,350.0,14.4,13.9,78.0,95.0,48.0,Tamil Nadu,Chennai,13.0827,80.2707,State Representative,2026-09-30T12:29:35.356489+00:00,True
2026-09-30 07:00:00,30.5,34.2,477.0,15.2,15.8,92.0,95.0,49.0,Tamil Nadu,Chennai,13.0827,80.2707,State Representative,2026-09-30T12:29:35.356489+00:00,True
2026-09-30 08:00:00,32.6,36.7,546.0,14.8,17.4,111.0,95.0,51.0,Tamil Nadu,Chennai,13.0827,80.2707,State Representative,2026-09-30T12:29:35.356489+00:00,True
2026-09-30 09:00:00,33.5,37.7,488.0,12.1,18.7,140.0,95.0,70.0,Tamil Nadu,Chennai,13.0827,80.2707,State Representative,2026-09-30T12:29:35.356489+00:00,True
2026-09-30 10:00:00,35.7,40.6,371.0,8.3,19.8,175.0,94.0,95.0,Tamil Nadu,Chennai,13.0827,80.2707,State Representative,2026-09-30T12:29:35.356489+00:00,True
2026-09-30 11:00:00,38.9,45.5,283.0,5.3,19.7,200.0,94.0,120.0,Tamil Nadu,Chennai,13.0827,80.2707,State Representative,2026-09-30T12:29:35.356489+00:00,True
2026-09-30 12:00:00,39.9,47.4,261.0,3.9,17.6,210.0,94.0,130.0,Tamil Nadu,Chennai,13.0827,80.2707,State Representative,2026-09-30T12:29:35.356489+00:00,True
2026-09-30 13:00:00,39.2,46.7,268.0,3.3,14.4,212.0,95.0,132.0,Tamil Nadu,Chennai,13.0827,80.2707,State Representative,2026-09-30T12:29:35.356489+00:00,True
2026-09-30 14:00:00,37.7,45.2,276.0,3.3,12.2,208.0,126.0,128.0,Tamil Nadu,Chennai,13.0827,80.2707,State Representative,2026-09-30T12:29:35.356489+00:00,True
2026-09-30 15:00:00,36.3,43.4,272.0,4.3,11.9,198.0,152.0,118.0,Tamil Nadu,Chennai,13.0827,80.2707,State Representative,2026-09-30T12:29:35.356489+00:00,True
2026-09-30 16:00:00,34.0,39.6,270.0,5.9,12.6,184.0,169.0,104.0,Tamil Nadu,Chennai,13.0827,80.2707,State Representative,2026-09-30T12:29:35.356489+00:00,True
2026-09-30 17:00:00,32.8,36.8,280.0,7.1,13.0,171.0,181.0,91.0,Tamil Nadu,Chennai,13.0827,80.2707,State Representative,2026-09-30T12:29:35.356489+00:00,True
2026-09-30 18:00:00,31.7,34.8,308.0,7.3,12.7,163.0,186.0,83.0,Tamil Nadu,Chennai,13.0827,80.2707,State Representative,2026-09-30T12:29:35.356489+00:00,True
2026-09-30 19:00:00,30.7,33.8,348.0,7.1,12.1,157.0,184.0,79.0,Tamil Nadu,Chennai,13.0827,80.2707,State Representative,2026-09-30T12:29:35.356489+00:00,True
2026-09-30 20:00:00,29.9,33.4,398.0,7.1,12.0,151.0,177.0,76.0,Tamil Nadu,Chennai,13.0827,80.2707,State Representative,2026-09-30T12:29:35.356489+00:00,True
2026-09-30 21:00:00,30.4,34.9,468.0,7.6,12.5,144.0,168.0,72.0,Tamil Nadu,Chennai,13.0827,80.2707,State Representative,2026-09-30T12:29:35.356489+00:00,True
2026-09-30 22:00:00,31.0,36.9,547.0,8.4,13.4,138.0,157.0,69.0,Tamil Nadu,Chennai,13.0827,80.2707,State Representative,2026-09-30T12:29:35.356489+00:00,True
2026-09-30 23:00:00,32.4,39.6,599.0,9.3,14.4,130.0,144.0,65.0,Tamil Nadu,Chennai,13.0827,80.2707,State Representative,2026-09-30T12:29:35.356489+00:00,True
2026-10-01 00:00:00,32.9,39.8,603.0,10.4,15.3,120.0,130.0,60.0,Tamil Nadu,Chennai,13.0827,80.2707,State Representative,2026-09-30T12:29:35.356489+00:00,True
2026-10-01 01:00:00,32.9,39.8,580.0,11.7,16.3,110.0,116.0,50.0,Tamil Nadu,Chennai,13.0827,80.2707,State Representative,2026-09-30T12:29:35.356489+00:00,True
2026-10-01 02:00:00,31.5,36.8,552.0,12.8,17.3,101.0,103.0,49.0,Tamil Nadu,Chennai,13.0827,80.2707,State Representative,2026-09-30T12:29:35.356489+00:00,True
2026-10-01 03:00:00,32.2,37.7,518.0,13.4,18.3,94.0,95.0,50.0,Tamil Nadu,Chennai,13.0827,80.2707,State Representative,2026-09-30T12:29:35.356489+00:00,True
2026-10-01 04:00:00,33.2,39.2,479.0,13.8,19.5,89.0,96.0,50.0,Tamil Nadu,Chennai,13.0827,80.2707,State Representative,2026-09-30T12:29:35.356489+00:00,True
2026-10-01 05:00:00,33.5,39.8,457.0,14.4,20.8,89.0,96.0,51.0,Tamil Nadu,Chennai,13.0827,80.2707,State Representative,2026-09-30T12:29:35.356489+00:00,True
2026-10-01 06:00:00,33.5,40.3,472.0,16.2,22.5,92.0,96.0,51.0,Tamil Nadu,Chennai,13.0827,80.2707,State Representative,2026-09-30T12:29:35.356489+00:00,True
2026-10-01 07:00:00,34.0,40.9,504.0,18.2,24.5,100.0,96.0,51.0,Tamil Nadu,Chennai,13.0827,80.2707,State Representative,2026-09-30T12:29:35.356489+00:00,True
2026-10-01 08:00:00,35.2,43.1,517.0,18.5,26.3,116.0,97.0,56.0,Tamil Nadu,Chennai,13.0827,80.2707,State Representative,2026-09-30T12:29:35.356489+00:00,True
2026-10-01 09:00:00,38.1,47.6,495.0,15.6,28.5,147.0,97.0,74.0,Tamil Nadu,Chennai,13.0827,80.2707,State Representative,2026-09-30T12:29:35.356489+00:00,True
2026-10-01 10:00:00,41.3,53.1,454.0,11.0,30.6,185.0,97.0,105.0,Tamil Nadu,Chennai,13.0827,80.2707,State Representative,2026-09-30T12:29:35.356489+00:00,True
2026-10-01 11:00:00,43.8,57.2,409.0,7.2,30.6,214.0,98.0,134.0,Tamil Nadu,Chennai,13.0827,80.2707,State Representative,2026-09-30T12:29:35.356489+00:00,True
2026-10-01 12:00:00,45.5,59.3,357.0,5.2,26.9,227.0,98.0,147.0,Tamil Nadu,Chennai,13.0827,80.2707,State Representative,2026-09-30T12:29:35.356489+00:00,True
2026-10-01 13:00:00,45.5,59.4,300.0,4.0,21.1,230.0,115.0,150.0,Tamil Nadu,Chennai,13.0827,80.2707,State Representative,2026-09-30T12:29:35.356489+00:00,True
2026-10-01 14:00:00,44.4,58.7,261.0,3.5,16.2,225.0,145.0,145.0,Tamil Nadu,Chennai,13.0827,80.2707,State Representative,2026-09-30T12:29:35.356489+00:00,True
2026-10-01 15:00:00,42.0,56.7,257.0,4.0,13.4,210.0,168.0,130.0,Tamil Nadu,Chennai,13.0827,80.2707,State Representative,2026-09-30T12:29:35.356489+00:00,True
2026-10-01 16:00:00,39.1,53.2,271.0,5.1,11.6,187.0,185.0,107.0,Tamil Nadu,Chennai,13.0827,80.2707,State Representative,2026-09-30T12:29:35.356489+00:00,True
2026-10-01 17:00:00,36.1,48.5,278.0,6.1,10.1,167.0,197.0,87.0,Tamil Nadu,Chennai,13.0827,80.2707,State Representative,2026-09-30T12:29:35.356489+00:00,True
2026-10-01 18:00:00,33.3,44.1,266.0,6.4,8.9,152.0,200.0,76.0,Tamil Nadu,Chennai,13.0827,80.2707,State Representative,2026-09-30T12:29:35.356489+00:00,True
2026-10-01 19:00:00,30.9,41.8,247.0,6.5,8.1,139.0,195.0,70.0,Tamil Nadu,Chennai,13.0827,80.2707,State Representative,2026-09-30T12:29:35.356489+00:00,True
2026-10-01 20:00:00,30.4,42.1,237.0,6.9,7.6,128.0,183.0,64.0,Tamil Nadu,Chennai,13.0827,80.2707,State Representative,2026-09-30T12:29:35.356489+00:00,True
2026-10-01 21:00:00,31.3,44.7,242.0,8.1,7.4,120.0,167.0,60.0,Tamil Nadu,Chennai,13.0827,80.2707,State Representative,2026-09-30T12:29:35.356489+00:00,True
2026-10-01 22:00:00,31.4,44.6,255.0,9.5,7.5,114.0,149.0,54.0,Tamil Nadu,Chennai,13.0827,80.2707,State Representative,2026-09-30T12:29:35.356489+00:00,True
2026-10-01 23:00:00,31.4,44.7,272.0,10.7,7.6,109.0,125.0,49.0,Tamil Nadu,Chennai,13.0827,80.2707,State Representative,2026-09-30T12:29:35.356489+00:00,True
2026-10-02 00:00:00,31.4,44.8,293.0,11.1,7.8,104.0,104.0,49.0,Tamil Nadu,Chennai,13.0827,80.2707,State Representative,2026-09-30T12:29:35.356489+00:00,True
2026-10-02 01:00:00,31.7,45.1,318.0,11.2,8.0,100.0,101.0,50.0,Tamil Nadu,Chennai,13.0827,80.2707,State Representative,2026-09-30T12:29:35.356489+00:00,True
2026-10-02 02:00:00,32.1,45.9,339.0,11.6,8.3,96.0,101.0,50.0,Tamil Nadu,Chennai,13.0827,80.2707,State Representative,2026-09-30T12:29:35.356489+00:00,True
2026-10-02 03:00:00,32.5,46.0,352.0,13.0,8.7,90.0,101.0,50.0,Tamil Nadu,Chennai,13.0827,80.2707,State Representative,2026-09-30T12:29:35.356489+00:00,True
2026-10-02 04:00:00,33.5,46.7,361.0,14.7,9.1,83.0,101.0,51.0,Tamil Nadu,Chennai,13.0827,80.2707,State Representative,2026-09-30T12:29:35.356489+00:00,True
2026-10-02 05:00:00,35.0,47.5,374.0,15.2,9.8,80.0,101.0,51.0,Tamil Nadu,Chennai,13.0827,80.2707,State Representative,2026-09-30T12:29:35.356489+00:00,True
2026-10-02 06:00:00,37.4,49.6,406.0,13.5,11.1,83.0,101.0,53.0,Tamil Nadu,Chennai,13.0827,80.2707,State Representative,2026-09-30T12:29:35.356489+00:00,True
2026-10-02 07:00:00,28.2,41.6,443.0,10.6,12.7,90.0,102.0,48.0,Tamil Nadu,Chennai,13.0827,80.2707,State Representative,2026-09-30T12:29:35.356489+00:00,True
2026-10-02 08:00:00,24.2,38.4,447.0,7.9,13.5,95.0,101.0,45.0,Tamil Nadu,Chennai,13.0827,80.2707,State Representative,2026-09-30T12:29:35.356489+00:00,True
2026-10-02 09:00:00,22.5,37.4,390.0,5.9,12.8,98.0,100.0,44.0,Tamil Nadu,Chennai,13.0827,80.2707,State Representative,2026-09-30T12:29:35.356489+00:00,True
2026-10-02 10:00:00,21.5,36.3,301.0,4.2,11.3,100.0,99.0,44.0,Tamil Nadu,Chennai,13.0827,80.2707,State Representative,2026-09-30T12:29:35.356489+00:00,True
2026-10-02 11:00:00,21.4,36.2,233.0,3.0,9.9,101.0,97.0,44.0,Tamil Nadu,Chennai,13.0827,80.2707,State Representative,2026-09-30T12:29:35.356489+00:00,True
2026-10-02 12:00:00,21.8,36.9,210.0,2.3,9.0,100.0,95.0,44.0,Tamil Nadu,Chennai,13.0827,80.2707,State Representative,2026-09-30T12:29:35.356489+00:00,True
2026-10-02 13:00:00,21.8,37.1,208.0,2.0,8.2,98.0,93.0,44.0,Tamil Nadu,Chennai,13.0827,80.2707,State Representative,2026-09-30T12:29:35.356489+00:00,True
2026-10-02 14:00:00,21.9,38.0,209.0,2.1,7.6,95.0,92.0,44.0,Tamil Nadu,Chennai,13.0827,80.2707,State Representative,2026-09-30T12:29:35.356489+00:00,True
2026-10-02 15:00:00,21.5,37.4,209.0,2.8,7.4,89.0,90.0,44.0,Tamil Nadu,Chennai,13.0827,80.2707,State Representative,2026-09-30T12:29:35.356489+00:00,True
2026-10-02 16:00:00,21.0,37.3,211.0,4.0,7.4,81.0,88.0,43.0,Tamil Nadu,Chennai,13.0827,80.2707,State Representative,2026-09-30T12:29:35.356489+00:00,True
2026-10-02 17:00:00,21.0,38.0,210.0,5.1,7.3,75.0,87.0,43.0,Tamil Nadu,Chennai,13.0827,80.2707,State Representative,2026-09-30T12:29:35.356489+00:00,True
2026-10-02 18:00:00,21.1,38.2,201.0,5.8,7.0,71.0,86.0,43.0,Tamil Nadu,Chennai,13.0827,80.2707,State Representative,2026-09-30T12:29:35.356489+00:00,True
2026-10-02 19:00:00,21.5,39.0,189.0,6.4,6.7,69.0,85.0,44.0,Tamil Nadu,Chennai,13.0827,80.2707,State Representative,2026-09-30T12:29:35.356489+00:00,True
2026-10-02 20:00:00,21.9,39.0,181.0,7.1,6.4,67.0,84.0,44.0,Tamil Nadu,Chennai,13.0827,80.2707,State Representative,2026-09-30T12:29:35.356489+00:00,True
2026-10-02 21:00:00,22.5,39.1,182.0,8.2,6.3,65.0,83.0,44.0,Tamil Nadu,Chennai,13.0827,80.2707,State Representative,2026-09-30T12:29:35.356489+00:00,True
2026-10-02 22:00:00,22.7,38.8,187.0,9.5,6.3,62.0,83.0,44.0,Tamil Nadu,Chennai,13.0827,80.2707,State Representative,2026-09-30T12:29:35.356489+00:00,True
2026-10-02 23:00:00,23.1,38.9,187.0,10.5,6.4,60.0,82.0,45.0,Tamil Nadu,Chennai,13.0827,80.2707,State Representative,2026-09-30T12:29:35.356489+00:00,True
2026-10-03 00:00:00,23.6,39.3,175.0,11.1,6.6,58.0,81.0,45.0,Tamil Nadu,Chennai,13.0827,80.2707,State Representative,2026-09-30T12:29:35.356489+00:00,True
2026-10-03 01:00:00,24.0,39.6,158.0,11.4,6.8,57.0,81.0,45.0,Tamil Nadu,Chennai,13.0827,80.2707,State Representative,2026-09-30T12:29:35.356489+00:00,True
2026-10-03 02:00:00,24.4,39.9,152.0,11.7,7.0,55.0,80.0,45.0,Tamil Nadu,Chennai,13.0827,80.2707,State Representative,2026-09-30T12:29:35.356489+00:00,True
2026-10-03 03:00:00,24.6,39.7,166.0,12.1,6.9,53.0,79.0,45.0,Tamil Nadu,Chennai,13.0827,80.2707,State Representative,2026-09-30T12:29:35.356489+00:00,True
2026-10-03 04:00:00,24.3,38.9,192.0,12.4,6.8,51.0,79.0,45.0,Tamil Nadu,Chennai,13.0827,80.2707,State Representative,2026-09-30T12:29:35.356489+00:00,True
2026-10-03 05:00:00,24.0,37.8,215.0,12.4,7.5,51.0,78.0,45.0,Tamil Nadu,Chennai,13.0827,80.2707,State Representative,2026-09-30T12:29:35.356489+00:00,True
2026-10-03 06:00:00,24.6,37.7,236.0,11.9,10.1,53.0,77.0,45.0,Tamil Nadu,Chennai,13.0827,80.2707,State Representative,2026-09-30T12:29:35.356489+00:00,True
2026-10-03 07:00:00,23.5,36.8,255.0,11.0,13.6,57.0,76.0,45.0,Tamil Nadu,Chennai,13.0827,80.2707,State Representative,2026-09-30T12:29:35.356489+00:00,True
2026-10-03 08:00:00,21.4,35.2,259.0,9.8,15.9,64.0,76.0,44.0,Tamil Nadu,Chennai,13.0827,80.2707,State Representative,2026-09-30T12:29:35.356489+00:00,True
2026-10-03 09:00:00,21.9,36.6,234.0,7.9,15.9,78.0,76.0,44.0,Tamil Nadu,Chennai,13.0827,80.2707,State Representative,2026-09-30T12:29:35.356489+00:00,True
2026-10-03 10:00:00,23.3,38.9,193.0,5.6,14.6,96.0,76.0,45.0,Tamil Nadu,Chennai,13.0827,80.2707,State Representative,2026-09-30T12:29:35.356489+00:00,True
2026-10-03 11:00:00,23.2,38.1,162.0,3.8,13.1,108.0,76.0,48.0,Tamil Nadu,Chennai,13.0827,80.2707,State Representative,2026-09-30T12:29:35.356489+00:00,True
2026-10-03 12:00:00,22.3,35.9,152.0,2.8,11.5,110.0,76.0,50.0,Tamil Nadu,Chennai,13.0827,80.2707,State Representative,2026-09-30T12:29:35.356489+00:00,True
2026-10-03 13:00:00,20.8,33.3,152.0,2.3,9.6,106.0,76.0,46.0,Tamil Nadu,Chennai,13.0827,80.2707,State Representative,2026-09-30T12:29:35.356489+00:00,True
2026-10-03 14:00:00,19.6,31.3,155.0,2.3,8.3,101.0,76.0,43.0,Tamil Nadu,Chennai,13.0827,80.2707,State Representative,2026-09-30T12:29:35.356489+00:00,True
2026-10-03 15:00:00,18.5,29.5,162.0,3.0,8.0,95.0,76.0,42.0,Tamil Nadu,Chennai,13.0827,80.2707,State Representative,2026-09-30T12:29:35.356489+00:00,True
2026-10-03 16:00:00,17.7,28.4,173.0,4.2,8.2,87.0,75.0,42.0,Tamil Nadu,Chennai,13.0827,80.2707,State Representative,2026-09-30T12:29:35.356489+00:00,True
2026-10-03 17:00:00,17.2,28.3,179.0,5.3,8.2,79.0,75.0,41.0,Tamil Nadu,Chennai,13.0827,80.2707,State Representative,2026-09-30T12:29:35.356489+00:00,True
2026-10-03 18:00:00,16.2,27.1,177.0,5.9,7.6,73.0,75.0,41.0,Tamil Nadu,Chennai,13.0827,80.2707,State Representative,2026-09-30T12:29:35.356489+00:00,True
2026-10-03 19:00:00,15.5,26.2,170.0,6.4,6.9,67.0,74.0,40.0,Tamil Nadu,Chennai,13.0827,80.2707,State Representative,2026-09-30T12:29:35.356489+00:00,True
2026-10-03 20:00:00,15.5,25.8,166.0,6.8,6.2,62.0,74.0,40.0,Tamil Nadu,Chennai,13.0827,80.2707,State Representative,2026-09-30T12:29:35.356489+00:00,True
2026-10-03 21:00:00,15.7,25.6,168.0,7.2,5.8,59.0,73.0,40.0,Tamil Nadu,Chennai,13.0827,80.2707,State Representative,2026-09-30T12:29:35.356489+00:00,True
2026-10-03 22:00:00,15.7,25.2,171.0,7.6,5.5,58.0,73.0,40.0,Tamil Nadu,Chennai,13.0827,80.2707,State Representative,2026-09-30T12:29:35.356489+00:00,True
2026-10-03 23:00:00,15.5,24.6,173.0,7.7,5.2,57.0,72.0,40.0,Tamil Nadu,Chennai,13.0827,80.2707,State Representative,2026-09-30T12:29:35.356489+00:00,True
2026-10-04 00:00:00,15.3,24.0,167.0,7.3,4.9,56.0,72.0,40.0,Tamil Nadu,Chennai,13.0827,80.2707,State Representative,2026-09-30T12:29:35.356489+00:00,True
2026-10-04 01:00:00,15.2,23.6,158.0,6.7,4.8,56.0,71.0,40.0,Tamil Nadu,Chennai,13.0827,80.2707,State Representative,2026-09-30T12:29:35.356489+00:00,True
2026-10-04 02:00:00,15.1,23.3,159.0,6.5,4.7,55.0,70.0,40.0,Tamil Nadu,Chennai,13.0827,80.2707,State Representative,2026-09-30T12:29:35.356489+00:00,True
2026-10-04 03:00:00,15.3,23.6,181.0,7.1,4.7,53.0,70.0,40.0,Tamil Nadu,Chennai,13.0827,80.2707,State Representative,2026-09-30T12:29:35.356489+00:00,True
2026-10-04 04:00:00,15.5,23.7,211.0,8.1,4.8,51.0,69.0,40.0,Tamil Nadu,Chennai,13.0827,80.2707,State Representative,2026-09-30T12:29:35.356489+00:00,True
2026-10-04 05:00:00,16.1,24.4,217.0,8.6,5.5,51.0,68.0,41.0,Tamil Nadu,Chennai,13.0827,80.2707,State Representative,2026-09-30T12:29:35.356489+00:00,True
2026-10-04 06:00:00,16.7,24.7,207.0,8.2,7.2,54.0,68.0,41.0,Tamil Nadu,Chennai,13.0827,80.2707,State Representative,2026-09-30T12:29:35.356489+00:00,True
2026-10-04 07:00:00,15.7,23.9,186.5,7.2,9.5,60.0,67.0,40.0,Tamil Nadu,Chennai,13.0827,80.2707,State Representative,2026-09-30T12:29:35.356489+00:00,True
2026-10-04 08:00:00,14.8,23.4,163.0,6.2,11.0,67.0,66.0,40.0,Tamil Nadu,Chennai,13.0827,80.2707,State Representative,2026-09-30T12:29:35.356489+00:00,True
2026-10-04 09:00:00,15.1,24.3,158.0,5.0,11.2,77.0,66.0,40.0,Tamil Nadu,Chennai,13.0827,80.2707,State Representative,2026-09-30T12:29:35.356489+00:00,True
2026-10-04 10:00:00,15.5,24.6,154.0,3.7,10.6,87.0,65.0,40.0,Tamil Nadu,Chennai,13.0827,80.2707,State Representative,2026-09-30T12:29:35.356489+00:00,True
2026-10-04 11:00:00,15.0,23.3,151.0,2.7,9.8,95.0,65.0,40.0,Tamil Nadu,Chennai,13.0827,80.2707,State Representative,2026-09-30T12:29:35.356489+00:00,True
2026-10-04 12:00:00,13.8,20.7,149.0,2.2,8.9,97.0,64.0,39.0,Tamil Nadu,Chennai,13.0827,80.2707,State Representative,2026-09-30T12:29:35.356489+00:00,True
2026-10-04 13:00:00,12.9,18.8,148.0,2.0,7.8,96.0,63.0,38.0,Tamil Nadu,Chennai,13.0827,80.2707,State Representative,2026-09-30T12:29:35.356489+00:00,True
2026-10-04 14:00:00,12.0,17.2,148.0,2.2,7.1,93.0,63.0,37.0,Tamil Nadu,Chennai,13.0827,80.2707,State Representative,2026-09-30T12:29:35.356489+00:00,True
2026-10-04 15:00:00,11.4,16.1,149.0,2.9,7.1,88.0,62.0,34.0,Tamil Nadu,Chennai,13.0827,80.2707,State Representative,2026-09-30T12:29:35.356489+00:00,True
2026-10-04 16:00:00,10.6,15.0,152.0,3.9,7.5,81.0,62.0,31.0,Tamil Nadu,Chennai,13.0827,80.2707,State Representative,2026-09-30T12:29:35.356489+00:00,True
2026-10-04 17:00:00,10.0,14.3,154.0,4.8,7.6,74.0,61.0,30.0,Tamil Nadu,Chennai,13.0827,80.2707,State Representative,2026-09-30T12:29:35.356489+00:00,True
2026-10-04 18:00:00,9.1,13.2,156.0,5.3,7.1,68.0,61.0,28.0,Tamil Nadu,Chennai,13.0827,80.2707,State Representative,2026-09-30T12:29:35.356489+00:00,True
2026-10-04 19:00:00,9.0,13.1,157.0,5.5,6.3,63.0,60.0,28.0,Tamil Nadu,Chennai,13.0827,80.2707,State Representative,2026-09-30T12:29:35.356489+00:00,True
2026-10-04 20:00:00,9.1,13.4,159.0,5.7,5.6,59.0,59.0,28.0,Tamil Nadu,Chennai,13.0827,80.2707,State Representative,2026-09-30T12:29:35.356489+00:00,True
2026-10-04 21:00:00,9.6,14.0,161.0,5.8,5.1,57.0,59.0,29.0,Tamil Nadu,Chennai,13.0827,80.2707,State Representative,2026-09-30T12:29:35.356489+00:00,True
2026-10-04 22:00:00,9.9,14.5,163.0,5.9,4.8,56.0,58.0,30.0,Tamil Nadu,Chennai,13.0827,80.2707,State Representative,2026-09-30T12:29:35.356489+00:00,True
2026-10-04 23:00:00,10.0,14.7,164.0,5.8,4.5,56.0,58.0,30.0,Tamil Nadu,Chennai,13.0827,80.2707,State Representative,2026-09-30T12:29:35.356489+00:00,True
2026-10-05 00:00:00,10.0,14.7,164.0,5.5,4.2,56.0,58.0,30.0,Tamil Nadu,Chennai,13.0827,80.2707,State Representative,2026-09-30T12:29:35.356489+00:00,True
2026-10-05 01:00:00,10.0,14.6,164.0,5.2,4.1,56.0,57.0,30.0,Tamil Nadu,Chennai,13.0827,80.2707,State Representative,2026-09-30T12:29:35.356489+00:00,True
2026-10-05 02:00:00,10.0,14.5,165.0,5.0,4.1,57.0,57.0,30.0,Tamil Nadu,Chennai,13.0827,80.2707,State Representative,2026-09-30T12:29:35.356489+00:00,True
2026-10-05 03:00:00,9.5,13.9,170.0,5.1,4.5,60.0,56.0,29.0,Tamil Nadu,Chennai,13.0827,80.2707,State Representative,2026-09-30T12:29:35.356489+00:00,True
2026-10-05 04:00:00,9.3,13.1,178.0,5.4,5.1,63.0,56.0,29.0,Tamil Nadu,Chennai,13.0827,80.2707,State Representative,2026-09-30T12:29:35.356489+00:00,True
2026-10-05 05:00:00,9.4,13.0,183.0,5.6,5.6,66.0,55.0,29.0,Tamil Nadu,Chennai,13.0827,80.2707,State Representative,2026-09-30T12:29:35.356489+00:00,True
2026-10-05 06:00:00,,,,,,,55.0,,Tamil Nadu,Chennai,13.0827,80.2707,State Representative,2026-09-30T12:29:35.356489+00:00,False
2026-10-05 07:00:00,,,,,,,,,Tamil Nadu,Chennai,13.0827,80.2707,State Representative,2026-09-30T12:29:35.356489+00:00,False
2026-10-05 08:00:00,,,,,,,,,Tamil Nadu,Chennai,13.0827,80.2707,State Representative,2026-09-30T12:29:35.356489+00:00,False
2026-10-05 09:00:00,,,,,,,,,Tamil Nadu,Chennai,13.0827,80.2707,State Representative,2026-09-30T12:29:35.356489+00:00,False
2026-10-05 10:00:00,,,,,,,,,Tamil Nadu,Chennai,13.0827,80.2707,State Representative,2026-09-30T12:29:35.356489+00:00,False
2026-10-05 11:00:00,,,,,,,,,Tamil Nadu,Chennai,13.0827,80.2707,State Representative,2026-09-30T12:29:35.356489+00:00,False
2026-10-05 12:00:00,,,,,,,,,Tamil Nadu,Chennai,13.0827,80.2707,State Representative,2026-09-30T12:29:35.356489+00:00,False
2026-10-05 13:00:00,,,,,,,,,Tamil Nadu,Chennai,13.0827,80.2707,State Representative,2026-09-30T12:29:35.356489+00:00,False
2026-10-05 14:00:00,,,,,,,,,Tamil Nadu,Chennai,13.0827,80.2707,State Representative,2026-09-30T12:29:35.356489+00:00,False
2026-10-05 15:00:00,,,,,,,,,Tamil Nadu,Chennai,13.0827,80.2707,State Representative,2026-09-30T12:29:35.356489+00:00,False
2026-10-05 16:00:00,,,,,,,,,Tamil Nadu,Chennai,13.0827,80.2707,State Representative,2026-09-30T12:29:35.356489+00:00,False
2026-10-05 17:00:00,,,,,,,,,Tamil Nadu,Chennai,13.0827,80.2707,State Representative,2026-09-30T12:29:35.356489+00:00,False
2026-10-05 18:00:00,,,,,,,,,Tamil Nadu,Chennai,13.0827,80.2707,State Representative,2026-09-30T12:29:35.356489+00:00,False
2026-10-05 19:00:00,,,,,,,,,Tamil Nadu,Chennai,13.0827,80.2707,State Representative,2026-09-30T12:29:35.356489+00:00,False
2026-10-05 20:00:00,,,,,,,,,Tamil Nadu,Chennai,13.0827,80.2707,State Representative,2026-09-30T12:29:35.356489+00:00,False
2026-10-05 21:00:00,,,,,,,,,Tamil Nadu,Chennai,13.0827,80.2707,State Representative,2026-09-30T12:29:35.356489+00:00,False
2026-10-05 22:00:00,,,,,,,,,Tamil Nadu,Chennai,13.0827,80.2707,State Representative,2026-09-30T12:29:35.356489+00:00,False
2026-10-05 23:00:00,,,,,,,,,Tamil Nadu,Chennai,13.0827,80.2707,State Representative,2026-09-30T12:29:35.356489+00:00,False
2026-10-06 00:00:00,,,,,,,,,Tamil Nadu,Chennai,13.0827,80.2707,State Representative,2026-09-30T12:29:35.356489+00:00,False
2026-10-06 01:00:00,,,,,,,,,Tamil Nadu,Chennai,13.0827,80.2707,State Representative,2026-09-30T12:29:35.356489+00:00,False
2026-10-06 02:00:00,,,,,,,,,Tamil Nadu,Chennai,13.0827,80.2707,State Representative,2026-09-30T12:29:35.356489+00:00,False
2026-10-06 03:00:00,,,,,,,,,Tamil Nadu,Chennai,13.0827,80.2707,State Representative,2026-09-30T12:29:35.356489+00:00,False
2026-10-06 04:00:00,,,,,,,,,Tamil Nadu,Chennai,13.0827,80.2707,State Representative,2026-09-30T12:29:35.356489+00:00,False
2026-10-06 05:00:00,,,,,,,,,Tamil Nadu,Chennai,13.0827,80.2707,State Representative,2026-09-30T12:29:35.356489+00:00,False
2026-10-06 06:00:00,,,,,,,,,Tamil Nadu,Chennai,13.0827,80.2707,State Representative,2026-09-30T12:29:35.356489+00:00,False
2026-10-06 07:00:00,,,,,,,,,Tamil Nadu,Chennai,13.0827,80.2707,State Representative,2026-09-30T12:29:35.356489+00:00,False
2026-10-06 08:00:00,,,,,,,,,Tamil Nadu,Chennai,13.0827,80.2707,State Representative,2026-09-30T12:29:35.356489+00:00,False
2026-10-06 09:00:00,,,,,,,,,Tamil Nadu,Chennai,13.0827,80.2707,State Representative,2026-09-30T12:29:35.356489+00:00,False
2026-10-06 10:00:00,,,,,,,,,Tamil Nadu,Chennai,13.0827,80.2707,State Representative,2026-09-30T12:29:35.356489+00:00,False
2026-10-06 11:00:00,,,,,,,,,Tamil Nadu,Chennai,13.0827,80.2707,State Representative,2026-09-30T12:29:35.356489+00:00,False
2026-10-06 12:00:00,,,,,,,,,Tamil Nadu,Chennai,13.0827,80.2707,State Representative,2026-09-30T12:29:35.356489+00:00,False
2026-10-06 13:00:00,,,,,,,,,Tamil Nadu,Chennai,13.0827,80.2707,State Representative,2026-09-30T12:29:35.356489+00:00,False
2026-10-06 14:00:00,,,,,,,,,Tamil Nadu,Chennai,13.0827,80.2707,State Representative,2026-09-30T12:29:35.356489+00:00,False
2026-10-06 15:00:00,,,,,,,,,Tamil Nadu,Chennai,13.0827,80.2707,State Representative,2026-09-30T12:29:35.356489+00:00,False
2026-10-06 16:00:00,,,,,,,,,Tamil Nadu,Chennai,13.0827,80.2707,State Representative,2026-09-30T12:29:35.356489+00:00,False
2026-10-06 17:00:00,,,,,,,,,Tamil Nadu,Chennai,13.0827,80.2707,State Representative,2026-09-30T12:29:35.356489+00:00,False
2026-10-06 18:00:00,,,,,,,,,Tamil Nadu,Chennai,13.0827,80.2707,State Representative,2026-09-30T12:29:35.356489+00:00,False
2026-10-06 19:00:00,,,,,,,,,Tamil Nadu,Chennai,13.0827,80.2707,State Representative,2026-09-30T12:29:35.356489+00:00,False
2026-10-06 20:00:00,,,,,,,,,Tamil Nadu,Chennai,13.0827,80.2707,State Representative,2026-09-30T12:29:35.356489+00:00,False
2026-10-06 21:00:00,,,,,,,,,Tamil Nadu,Chennai,13.0827,80.2707,State Representative,2026-09-30T12:29:35.356489+00:00,False
2026-10-06 22:00:00,,,,,,,,,Tamil Nadu,Chennai,13.0827,80.2707,State Representative,2026-09-30T12:29:35.356489+00:00,False
2026-10-06 23:00:00,,,,,,,,,Tamil Nadu,Chennai,13.0827,80.2707,State Representative,2026-09-30T12:29:35.356489+00:00,False
2026-09-30 00:00:00,51.1,80.6,753.0,41.3,22.4,55.0,96.0,61.0,Telangana,Hyderabad,17.385,78.4867,State Representative,2026-09-30T12:29:35.991753+00:00,True
2026-09-30 01:00:00,54.4,85.0,842.0,42.1,24.1,55.0,97.0,62.0,Telangana,Hyderabad,17.385,78.4867,State Representative,2026-09-30T12:29:35.991753+00:00,True
2026-09-30 02:00:00,57.6,89.4,923.0,42.3,25.4,55.0,99.0,64.0,Telangana,Hyderabad,17.385,78.4867,State Representative,2026-09-30T12:29:35.991753+00:00,True
2026-09-30 03:00:00,61.5,94.1,1002.0,42.9,26.2,52.0,101.0,66.0,Telangana,Hyderabad,17.385,78.4867,State Representative,2026-09-30T12:29:35.991753+00:00,True
2026-09-30 04:00:00,64.5,97.6,1074.0,42.9,26.7,50.0,103.0,67.0,Telangana,Hyderabad,17.385,78.4867,State Representative,2026-09-30T12:29:35.991753+00:00,True
2026-09-30 05:00:00,62.6,100.1,1111.0,32.8,28.2,70.0,105.0,66.0,Telangana,Hyderabad,17.385,78.4867,State Representative,2026-09-30T12:29:35.991753+00:00,True
2026-09-30 06:00:00,69.4,108.3,1116.0,27.5,28.8,92.0,108.0,70.0,Telangana,Hyderabad,17.385,78.4867,State Representative,2026-09-30T12:29:35.991753+00:00,True
2026-09-30 07:00:00,69.4,106.4,1086.0,20.0,29.4,122.0,110.0,70.0,Telangana,Hyderabad,17.385,78.4867,State Representative,2026-09-30T12:29:35.991753+00:00,True
2026-09-30 08:00:00,43.5,93.8,987.0,13.4,28.5,147.0,113.0,74.0,Telangana,Hyderabad,17.385,78.4867,State Representative,2026-09-30T12:29:35.991753+00:00,True
2026-09-30 09:00:00,43.0,114.8,759.0,8.7,24.6,160.0,114.0,80.0,Telangana,Hyderabad,17.385,78.4867,State Representative,2026-09-30T12:29:35.991753+00:00,True
2026-09-30 10:00:00,45.5,132.2,462.0,5.0,19.1,167.0,115.0,87.0,Telangana,Hyderabad,17.385,78.4867,State Representative,2026-09-30T12:29:35.991753+00:00,True
2026-09-30 11:00:00,44.8,131.8,246.0,2.5,14.7,172.0,117.0,92.0,Telangana,Hyderabad,17.385,78.4867,State Representative,2026-09-30T12:29:35.991753+00:00,True
2026-09-30 12:00:00,43.5,125.7,185.0,1.4,12.5,176.0,119.0,96.0,Telangana,Hyderabad,17.385,78.4867,State Representative,2026-09-30T12:29:35.991753+00:00,True
2026-09-30 13:00:00,42.0,118.7,205.0,1.6,11.4,176.0,122.0,96.0,Telangana,Hyderabad,17.385,78.4867,State Representative,2026-09-30T12:29:35.991753+00:00,True
2026-09-30 14:00:00,40.6,112.2,235.0,2.5,10.5,172.0,124.0,92.0,Telangana,Hyderabad,17.385,78.4867,State Representative,2026-09-30T12:29:35.991753+00:00,True
2026-09-30 15:00:00,38.9,105.2,247.0,4.1,9.4,160.0,141.0,80.0,Telangana,Hyderabad,17.385,78.4867,State Representative,2026-09-30T12:29:35.991753+00:00,True
2026-09-30 16:00:00,37.1,97.3,268.0,6.6,8.4,142.0,149.0,71.0,Telangana,Hyderabad,17.385,78.4867,State Representative,2026-09-30T12:29:35.991753+00:00,True
2026-09-30 17:00:00,36.4,87.3,314.0,9.7,8.2,125.0,148.0,63.0,Telangana,Hyderabad,17.385,78.4867,State Representative,2026-09-30T12:29:35.991753+00:00,True
2026-09-30 18:00:00,38.9,89.6,402.0,14.0,9.0,109.0,141.0,54.0,Telangana,Hyderabad,17.385,78.4867,State Representative,2026-09-30T12:29:35.991753+00:00,True
2026-09-30 19:00:00,41.0,88.7,513.0,18.9,10.6,92.0,131.0,55.0,Telangana,Hyderabad,17.385,78.4867,State Representative,2026-09-30T12:29:35.991753+00:00,True
2026-09-30 20:00:00,43.7,89.9,611.0,23.4,12.1,78.0,132.0,56.0,Telangana,Hyderabad,17.385,78.4867,State Representative,2026-09-30T12:29:35.991753+00:00,True
2026-09-30 21:00:00,47.3,93.6,688.0,27.4,13.4,67.0,132.0,58.0,Telangana,Hyderabad,17.385,78.4867,State Representative,2026-09-30T12:29:35.991753+00:00,True
2026-09-30 22:00:00,50.4,97.1,750.0,30.9,14.7,58.0,133.0,60.0,Telangana,Hyderabad,17.385,78.4867,State Representative,2026-09-30T12:29:35.991753+00:00,True
2026-09-30 23:00:00,51.1,98.7,782.0,32.4,15.9,53.0,134.0,61.0,Telangana,Hyderabad,17.385,78.4867,State Representative,2026-09-30T12:29:35.991753+00:00,True
2026-10-01 00:00:00,50.6,99.7,759.0,30.7,16.7,53.0,134.0,60.0,Telangana,Hyderabad,17.385,78.4867,State Representative,2026-09-30T12:29:35.991753+00:00,True
2026-10-01 01:00:00,50.5,102.0,705.0,27.0,17.4,58.0,134.0,60.0,Telangana,Hyderabad,17.385,78.4867,State Representative,2026-09-30T12:29:35.991753+00:00,True
2026-10-01 02:00:00,51.3,106.2,676.0,24.1,18.6,62.0,134.0,61.0,Telangana,Hyderabad,17.385,78.4867,State Representative,2026-09-30T12:29:35.991753+00:00,True
2026-10-01 03:00:00,52.4,110.8,706.0,23.5,20.5,63.0,133.0,61.0,Telangana,Hyderabad,17.385,78.4867,State Representative,2026-09-30T12:29:35.991753+00:00,True
2026-10-01 04:00:00,53.8,115.9,760.0,23.7,22.7,65.0,132.0,62.0,Telangana,Hyderabad,17.385,78.4867,State Representative,2026-09-30T12:29:35.991753+00:00,True
2026-10-01 05:00:00,56.1,120.6,790.0,22.9,25.3,73.0,131.0,63.0,Telangana,Hyderabad,17.385,78.4867,State Representative,2026-09-30T12:29:35.991753+00:00,True
2026-10-01 06:00:00,61.7,127.6,786.0,20.1,29.2,93.0,130.0,66.0,Telangana,Hyderabad,17.385,78.4867,State Representative,2026-09-30T12:29:35.991753+00:00,True
2026-10-01 07:00:00,58.8,112.9,758.0,16.2,33.4,120.0,129.0,64.0,Telangana,Hyderabad,17.385,78.4867,State Representative,2026-09-30T12:29:35.991753+00:00,True
2026-10-01 08:00:00,47.6,99.7,692.0,12.4,34.3,141.0,128.0,71.0,Telangana,Hyderabad,17.385,78.4867,State Representative,2026-09-30T12:29:35.991753+00:00,True
2026-10-01 09:00:00,40.6,79.6,557.0,8.7,29.1,152.0,129.0,76.0,Telangana,Hyderabad,17.385,78.4867,State Representative,2026-09-30T12:29:35.991753+00:00,True
2026-10-01 10:00:00,36.3,67.3,384.0,5.1,20.7,158.0,128.0,79.0,Telangana,Hyderabad,17.385,78.4867,State Representative,2026-09-30T12:29:35.991753+00:00,True
2026-10-01 11:00:00,32.1,58.8,256.0,2.5,13.9,161.0,127.0,81.0,Telangana,Hyderabad,17.385,78.4867,State Representative,2026-09-30T12:29:35.991753+00:00,True
2026-10-01 12:00:00,29.7,53.3,213.0,1.6,10.8,161.0,126.0,81.0,Telangana,Hyderabad,17.385,78.4867,State Representative,2026-09-30T12:29:35.991753+00:00,True
2026-10-01 13:00:00,28.0,48.9,214.0,1.7,9.3,158.0,125.0,79.0,Telangana,Hyderabad,17.385,78.4867,State Representative,2026-09-30T12:29:35.991753+00:00,True
2026-10-01 14:00:00,27.7,47.4,229.0,2.4,8.3,153.0,123.0,77.0,Telangana,Hyderabad,17.385,78.4867,State Representative,2026-09-30T12:29:35.991753+00:00,True
2026-10-01 15:00:00,26.3,43.9,250.0,3.6,7.5,144.0,123.0,72.0,Telangana,Hyderabad,17.385,78.4867,State Representative,2026-09-30T12:29:35.991753+00:00,True
2026-10-01 16:00:00,26.3,42.5,284.0,5.4,7.1,133.0,128.0,67.0,Telangana,Hyderabad,17.385,78.4867,State Representative,2026-09-30T12:29:35.991753+00:00,True
2026-10-01 17:00:00,27.2,40.5,315.0,7.4,7.3,122.0,126.0,61.0,Telangana,Hyderabad,17.385,78.4867,State Representative,2026-09-30T12:29:35.991753+00:00,True
2026-10-01 18:00:00,28.3,39.8,336.0,9.7,8.1,112.0,120.0,52.0,Telangana,Hyderabad,17.385,78.4867,State Representative,2026-09-30T12:29:35.991753+00:00,True
2026-10-01 19:00:00,29.7,40.4,356.0,12.3,9.5,101.0,117.0,48.0,Telangana,Hyderabad,17.385,78.4867,State Representative,2026-09-30T12:29:35.991753+00:00,True
2026-10-01 20:00:00,31.9,42.5,380.0,14.7,10.9,93.0,116.0,50.0,Telangana,Hyderabad,17.385,78.4867,State Representative,2026-09-30T12:29:35.991753+00:00,True
2026-10-01 21:00:00,34.9,46.1,421.0,17.0,12.2,87.0,115.0,51.0,Telangana,Hyderabad,17.385,78.4867,State Representative,2026-09-30T12:29:35.991753+00:00,True
2026-10-01 22:00:00,36.9,49.9,467.0,19.2,13.5,83.0,114.0,53.0,Telangana,Hyderabad,17.385,78.4867,State Representative,2026-09-30T12:29:35.991753+00:00,True
2026-10-01 23:00:00,37.4,52.0,493.0,20.4,14.8,81.0,112.0,53.0,Telangana,Hyderabad,17.385,78.4867,State Representative,2026-09-30T12:29:35.991753+00:00,True
2026-10-02 00:00:00,37.8,54.0,482.0,20.1,16.0,82.0,111.0,53.0,Telangana,Hyderabad,17.385,78.4867,State Representative,2026-09-30T12:29:35.991753+00:00,True
2026-10-02 01:00:00,39.2,57.2,451.0,18.8,17.3,86.0,110.0,54.0,Telangana,Hyderabad,17.385,78.4867,State Representative,2026-09-30T12:29:35.991753+00:00,True
2026-10-02 02:00:00,40.3,59.8,418.0,18.0,18.7,88.0,108.0,54.0,Telangana,Hyderabad,17.385,78.4867,State Representative,2026-09-30T12:29:35.991753+00:00,True
2026-10-02 03:00:00,41.4,62.6,382.0,18.4,20.6,87.0,107.0,55.0,Telangana,Hyderabad,17.385,78.4867,State Representative,2026-09-30T12:29:35.991753+00:00,True
2026-10-02 04:00:00,43.0,65.7,344.0,19.2,22.6,85.0,106.0,56.0,Telangana,Hyderabad,17.385,78.4867,State Representative,2026-09-30T12:29:35.991753+00:00,True
2026-10-02 05:00:00,45.3,69.2,332.0,19.0,24.0,87.0,105.0,57.0,Telangana,Hyderabad,17.385,78.4867,State Representative,2026-09-30T12:29:35.991753+00:00,True
2026-10-02 06:00:00,50.6,75.2,375.0,17.0,24.8,95.0,104.0,60.0,Telangana,Hyderabad,17.385,78.4867,State Representative,2026-09-30T12:29:35.991753+00:00,True
2026-10-02 07:00:00,45.6,65.7,442.0,14.0,24.9,107.0,103.0,57.0,Telangana,Hyderabad,17.385,78.4867,State Representative,2026-09-30T12:29:35.991753+00:00,True
2026-10-02 08:00:00,33.1,55.8,470.0,10.9,23.5,118.0,101.0,58.0,Telangana,Hyderabad,17.385,78.4867,State Representative,2026-09-30T12:29:35.991753+00:00,True
2026-10-02 09:00:00,27.8,49.4,417.0,7.7,19.4,128.0,100.0,64.0,Telangana,Hyderabad,17.385,78.4867,State Representative,2026-09-30T12:29:35.991753+00:00,True
2026-10-02 10:00:00,25.5,44.9,324.0,4.5,13.7,138.0,99.0,69.0,Telangana,Hyderabad,17.385,78.4867,State Representative,2026-09-30T12:29:35.991753+00:00,True
2026-10-02 11:00:00,24.4,42.6,254.0,2.3,9.4,146.0,98.0,73.0,Telangana,Hyderabad,17.385,78.4867,State Representative,2026-09-30T12:29:35.991753+00:00,True
2026-10-02 12:00:00,24.2,42.4,231.0,1.5,7.8,151.0,97.0,76.0,Telangana,Hyderabad,17.385,78.4867,State Representative,2026-09-30T12:29:35.991753+00:00,True
2026-10-02 13:00:00,23.7,40.6,231.0,1.7,7.7,154.0,97.0,77.0,Telangana,Hyderabad,17.385,78.4867,State Representative,2026-09-30T12:29:35.991753+00:00,True
2026-10-02 14:00:00,23.1,38.4,243.0,2.5,7.6,153.0,97.0,77.0,Telangana,Hyderabad,17.385,78.4867,State Representative,2026-09-30T12:29:35.991753+00:00,True
2026-10-02 15:00:00,23.2,37.6,267.0,3.8,7.2,146.0,99.0,73.0,Telangana,Hyderabad,17.385,78.4867,State Representative,2026-09-30T12:29:35.991753+00:00,True
2026-10-02 16:00:00,23.2,36.2,303.0,5.7,6.8,135.0,108.0,68.0,Telangana,Hyderabad,17.385,78.4867,State Representative,2026-09-30T12:29:35.991753+00:00,True
2026-10-02 17:00:00,24.8,35.5,336.0,8.1,7.0,124.0,111.0,62.0,Telangana,Hyderabad,17.385,78.4867,State Representative,2026-09-30T12:29:35.991753+00:00,True
2026-10-02 18:00:00,26.5,36.2,360.0,11.2,7.9,112.0,111.0,52.0,Telangana,Hyderabad,17.385,78.4867,State Representative,2026-09-30T12:29:35.991753+00:00,True
2026-10-02 19:00:00,28.2,36.7,381.0,14.8,9.3,99.0,105.0,48.0,Telangana,Hyderabad,17.385,78.4867,State Representative,2026-09-30T12:29:35.991753+00:00,True
2026-10-02 20:00:00,30.7,38.5,404.0,17.7,10.6,90.0,95.0,49.0,Telangana,Hyderabad,17.385,78.4867,State Representative,2026-09-30T12:29:35.991753+00:00,True
2026-10-02 21:00:00,32.8,41.0,439.0,19.5,11.8,86.0,95.0,50.0,Telangana,Hyderabad,17.385,78.4867,State Representative,2026-09-30T12:29:35.991753+00:00,True
2026-10-02 22:00:00,34.6,43.2,476.0,20.5,12.9,85.0,95.0,51.0,Telangana,Hyderabad,17.385,78.4867,State Representative,2026-09-30T12:29:35.991753+00:00,True
2026-10-02 23:00:00,35.6,44.9,489.0,20.8,13.9,85.0,95.0,52.0,Telangana,Hyderabad,17.385,78.4867,State Representative,2026-09-30T12:29:35.991753+00:00,True
2026-10-03 00:00:00,36.9,46.7,453.0,20.0,14.8,86.0,95.0,53.0,Telangana,Hyderabad,17.385,78.4867,State Representative,2026-09-30T12:29:35.991753+00:00,True
2026-10-03 01:00:00,38.1,48.5,394.0,18.5,15.7,87.0,95.0,53.0,Telangana,Hyderabad,17.385,78.4867,State Representative,2026-09-30T12:29:35.991753+00:00,True
2026-10-03 02:00:00,38.9,49.8,355.0,17.3,16.3,87.0,95.0,54.0,Telangana,Hyderabad,17.385,78.4867,State Representative,2026-09-30T12:29:35.991753+00:00,True
2026-10-03 03:00:00,40.6,51.9,357.0,17.0,16.7,83.0,94.0,55.0,Telangana,Hyderabad,17.385,78.4867,State Representative,2026-09-30T12:29:35.991753+00:00,True
2026-10-03 04:00:00,41.8,53.2,379.0,17.0,17.0,78.0,94.0,55.0,Telangana,Hyderabad,17.385,78.4867,State Representative,2026-09-30T12:29:35.991753+00:00,True
2026-10-03 05:00:00,43.9,55.1,412.0,16.3,17.0,79.0,94.0,57.0,Telangana,Hyderabad,17.385,78.4867,State Representative,2026-09-30T12:29:35.991753+00:00,True
2026-10-03 06:00:00,49.6,60.8,470.0,14.5,17.0,93.0,94.0,60.0,Telangana,Hyderabad,17.385,78.4867,State Representative,2026-09-30T12:29:35.991753+00:00,True
2026-10-03 07:00:00,46.9,56.7,537.0,12.1,16.8,114.0,94.0,58.0,Telangana,Hyderabad,17.385,78.4867,State Representative,2026-09-30T12:29:35.991753+00:00,True
2026-10-03 08:00:00,35.5,47.1,559.0,9.6,15.9,131.0,94.0,66.0,Telangana,Hyderabad,17.385,78.4867,State Representative,2026-09-30T12:29:35.991753+00:00,True
2026-10-03 09:00:00,30.2,42.8,491.0,6.9,13.7,142.0,94.0,71.0,Telangana,Hyderabad,17.385,78.4867,State Representative,2026-09-30T12:29:35.991753+00:00,True
2026-10-03 10:00:00,28.3,41.1,377.0,4.2,10.9,149.0,95.0,75.0,Telangana,Hyderabad,17.385,78.4867,State Representative,2026-09-30T12:29:35.991753+00:00,True
2026-10-03 11:00:00,27.0,39.2,291.0,2.3,8.7,155.0,95.0,78.0,Telangana,Hyderabad,17.385,78.4867,State Representative,2026-09-30T12:29:35.991753+00:00,True
2026-10-03 12:00:00,26.4,38.4,264.0,1.6,7.7,161.0,95.0,81.0,Telangana,Hyderabad,17.385,78.4867,State Representative,2026-09-30T12:29:35.991753+00:00,True
2026-10-03 13:00:00,25.9,37.6,266.0,1.8,7.4,164.0,95.0,84.0,Telangana,Hyderabad,17.385,78.4867,State Representative,2026-09-30T12:29:35.991753+00:00,True
2026-10-03 14:00:00,25.4,36.9,280.0,2.6,7.2,163.0,102.0,83.0,Telangana,Hyderabad,17.385,78.4867,State Representative,2026-09-30T12:29:35.991753+00:00,True
2026-10-03 15:00:00,25.2,36.2,302.0,4.2,6.8,154.0,117.0,77.0,Telangana,Hyderabad,17.385,78.4867,State Representative,2026-09-30T12:29:35.991753+00:00,True
2026-10-03 16:00:00,25.0,35.3,336.0,6.4,6.6,140.0,126.0,70.0,Telangana,Hyderabad,17.385,78.4867,State Representative,2026-09-30T12:29:35.991753+00:00,True
2026-10-03 17:00:00,28.8,38.3,376.0,8.5,6.6,126.0,128.0,63.0,Telangana,Hyderabad,17.385,78.4867,State Representative,2026-09-30T12:29:35.991753+00:00,True
2026-10-03 18:00:00,28.7,37.0,415.0,10.2,7.1,112.0,124.0,52.0,Telangana,Hyderabad,17.385,78.4867,State Representative,2026-09-30T12:29:35.991753+00:00,True
2026-10-03 19:00:00,28.8,36.2,460.0,11.7,7.8,97.0,116.0,48.0,Telangana,Hyderabad,17.385,78.4867,State Representative,2026-09-30T12:29:35.991753+00:00,True
2026-10-03 20:00:00,29.5,36.4,521.0,13.1,8.5,86.0,104.0,48.0,Telangana,Hyderabad,17.385,78.4867,State Representative,2026-09-30T12:29:35.991753+00:00,True
2026-10-03 21:00:00,30.6,37.3,624.0,14.7,9.1,79.0,96.0,49.0,Telangana,Hyderabad,17.385,78.4867,State Representative,2026-09-30T12:29:35.991753+00:00,True
2026-10-03 22:00:00,31.9,38.6,742.0,16.2,9.7,75.0,96.0,50.0,Telangana,Hyderabad,17.385,78.4867,State Representative,2026-09-30T12:29:35.991753+00:00,True
2026-10-03 23:00:00,32.0,39.2,812.0,17.1,10.1,73.0,96.0,50.0,Telangana,Hyderabad,17.385,78.4867,State Representative,2026-09-30T12:29:35.991753+00:00,True
2026-10-04 00:00:00,31.9,39.2,794.0,16.7,10.2,72.0,96.0,50.0,Telangana,Hyderabad,17.385,78.4867,State Representative,2026-09-30T12:29:35.991753+00:00,True
2026-10-04 01:00:00,31.9,39.2,726.0,15.7,10.0,72.0,95.0,50.0,Telangana,Hyderabad,17.385,78.4867,State Representative,2026-09-30T12:29:35.991753+00:00,True
2026-10-04 02:00:00,32.9,40.3,662.0,14.9,10.1,72.0,95.0,50.0,Telangana,Hyderabad,17.385,78.4867,State Representative,2026-09-30T12:29:35.991753+00:00,True
2026-10-04 03:00:00,34.5,41.8,610.0,15.0,10.5,70.0,94.0,51.0,Telangana,Hyderabad,17.385,78.4867,State Representative,2026-09-30T12:29:35.991753+00:00,True
2026-10-04 04:00:00,35.5,43.1,561.0,15.4,11.1,69.0,94.0,52.0,Telangana,Hyderabad,17.385,78.4867,State Representative,2026-09-30T12:29:35.991753+00:00,True
2026-10-04 05:00:00,37.0,44.7,506.0,14.8,11.6,74.0,93.0,53.0,Telangana,Hyderabad,17.385,78.4867,State Representative,2026-09-30T12:29:35.991753+00:00,True
2026-10-04 06:00:00,40.5,48.3,461.5,12.4,12.1,89.0,93.0,55.0,Telangana,Hyderabad,17.385,78.4867,State Representative,2026-09-30T12:29:35.991753+00:00,True
2026-10-04 07:00:00,36.3,43.3,412.5,9.1,12.6,111.0,92.0,52.0,Telangana,Hyderabad,17.385,78.4867,State Representative,2026-09-30T12:29:35.991753+00:00,True
2026-10-04 08:00:00,32.4,42.3,347.0,6.3,12.6,130.0,91.0,65.0,Telangana,Hyderabad,17.385,78.4867,State Representative,2026-09-30T12:29:35.991753+00:00,True
2026-10-04 09:00:00,30.9,43.7,313.0,4.3,11.7,144.0,91.0,72.0,Telangana,Hyderabad,17.385,78.4867,State Representative,2026-09-30T12:29:35.991753+00:00,True
2026-10-04 10:00:00,28.5,41.8,275.0,2.8,10.3,155.0,91.0,78.0,Telangana,Hyderabad,17.385,78.4867,State Representative,2026-09-30T12:29:35.991753+00:00,True
2026-10-04 11:00:00,26.8,39.6,246.0,1.8,9.2,164.0,91.0,84.0,Telangana,Hyderabad,17.385,78.4867,State Representative,2026-09-30T12:29:35.991753+00:00,True
2026-10-04 12:00:00,25.7,38.0,232.0,1.3,8.6,170.0,91.0,90.0,Telangana,Hyderabad,17.385,78.4867,State Representative,2026-09-30T12:29:35.991753+00:00,True
2026-10-04 13:00:00,24.9,36.8,227.0,1.3,8.1,173.0,91.0,93.0,Telangana,Hyderabad,17.385,78.4867,State Representative,2026-09-30T12:29:35.991753+00:00,True
2026-10-04 14:00:00,24.6,36.1,229.0,1.9,7.8,171.0,108.0,91.0,Telangana,Hyderabad,17.385,78.4867,State Representative,2026-09-30T12:29:35.991753+00:00,True
2026-10-04 15:00:00,24.5,35.6,235.0,3.0,7.4,162.0,126.0,82.0,Telangana,Hyderabad,17.385,78.4867,State Representative,2026-09-30T12:29:35.991753+00:00,True
2026-10-04 16:00:00,24.5,35.2,248.0,4.7,7.1,149.0,136.0,75.0,Telangana,Hyderabad,17.385,78.4867,State Representative,2026-09-30T12:29:35.991753+00:00,True
2026-10-04 17:00:00,25.3,34.0,271.0,6.9,7.3,134.0,140.0,67.0,Telangana,Hyderabad,17.385,78.4867,State Representative,2026-09-30T12:29:35.991753+00:00,True
2026-10-04 18:00:00,27.4,35.7,311.0,10.3,8.4,118.0,138.0,58.0,Telangana,Hyderabad,17.385,78.4867,State Representative,2026-09-30T12:29:35.991753+00:00,True
2026-10-04 19:00:00,29.9,37.7,361.0,14.4,9.9,101.0,130.0,49.0,Telangana,Hyderabad,17.385,78.4867,State Representative,2026-09-30T12:29:35.991753+00:00,True
2026-10-04 20:00:00,31.1,38.6,399.0,17.2,11.1,87.0,117.0,49.0,Telangana,Hyderabad,17.385,78.4867,State Representative,2026-09-30T12:29:35.991753+00:00,True
2026-10-04 21:00:00,32.6,39.9,418.0,18.0,11.7,79.0,99.0,50.0,Telangana,Hyderabad,17.385,78.4867,State Representative,2026-09-30T12:29:35.991753+00:00,True
2026-10-04 22:00:00,33.5,40.4,424.0,17.7,11.9,75.0,91.0,51.0,Telangana,Hyderabad,17.385,78.4867,State Representative,2026-09-30T12:29:35.991753+00:00,True
2026-10-04 23:00:00,32.6,39.0,421.0,16.7,11.9,72.0,91.0,50.0,Telangana,Hyderabad,17.385,78.4867,State Representative,2026-09-30T12:29:35.991753+00:00,True
2026-10-05 00:00:00,31.0,36.8,404.0,14.9,11.4,70.0,91.0,49.0,Telangana,Hyderabad,17.385,78.4867,State Representative,2026-09-30T12:29:35.991753+00:00,True
2026-10-05 01:00:00,29.9,35.2,377.0,12.6,10.7,70.0,91.0,49.0,Telangana,Hyderabad,17.385,78.4867,State Representative,2026-09-30T12:29:35.991753+00:00,True
2026-10-05 02:00:00,30.0,34.9,353.0,10.7,10.1,70.0,91.0,49.0,Telangana,Hyderabad,17.385,78.4867,State Representative,2026-09-30T12:29:35.991753+00:00,True
2026-10-05 03:00:00,30.2,34.8,338.0,9.8,9.8,71.0,90.0,49.0,Telangana,Hyderabad,17.385,78.4867,State Representative,2026-09-30T12:29:35.991753+00:00,True
2026-10-05 04:00:00,30.3,35.0,326.0,9.3,9.8,73.0,90.0,49.0,Telangana,Hyderabad,17.385,78.4867,State Representative,2026-09-30T12:29:35.991753+00:00,True
2026-10-05 05:00:00,30.9,36.0,318.0,9.0,9.7,75.0,90.0,49.0,Telangana,Hyderabad,17.385,78.4867,State Representative,2026-09-30T12:29:35.991753+00:00,True
2026-10-05 06:00:00,,,,,,,89.0,,Telangana,Hyderabad,17.385,78.4867,State Representative,2026-09-30T12:29:35.991753+00:00,False
2026-10-05 07:00:00,,,,,,,,,Telangana,Hyderabad,17.385,78.4867,State Representative,2026-09-30T12:29:35.991753+00:00,False
2026-10-05 08:00:00,,,,,,,,,Telangana,Hyderabad,17.385,78.4867,State Representative,2026-09-30T12:29:35.991753+00:00,False
2026-10-05 09:00:00,,,,,,,,,Telangana,Hyderabad,17.385,78.4867,State Representative,2026-09-30T12:29:35.991753+00:00,False
2026-10-05 10:00:00,,,,,,,,,Telangana,Hyderabad,17.385,78.4867,State Representative,2026-09-30T12:29:35.991753+00:00,False
2026-10-05 11:00:00,,,,,,,,,Telangana,Hyderabad,17.385,78.4867,State Representative,2026-09-30T12:29:35.991753+00:00,False
2026-10-05 12:00:00,,,,,,,,,Telangana,Hyderabad,17.385,78.4867,State Representative,2026-09-30T12:29:35.991753+00:00,False
2026-10-05 13:00:00,,,,,,,,,Telangana,Hyderabad,17.385,78.4867,State Representative,2026-09-30T12:29:35.991753+00:00,False
2026-10-05 14:00:00,,,,,,,,,Telangana,Hyderabad,17.385,78.4867,State Representative,2026-09-30T12:29:35.991753+00:00,False
2026-10-05 15:00:00,,,,,,,,,Telangana,Hyderabad,17.385,78.4867,State Representative,2026-09-30T12:29:35.991753+00:00,False
2026-10-05 16:00:00,,,,,,,,,Telangana,Hyderabad,17.385,78.4867,State Representative,2026-09-30T12:29:35.991753+00:00,False
2026-10-05 17:00:00,,,,,,,,,Telangana,Hyderabad,17.385,78.4867,State Representative,2026-09-30T12:29:35.991753+00:00,False
2026-10-05 18:00:00,,,,,,,,,Telangana,Hyderabad,17.385,78.4867,State Representative,2026-09-30T12:29:35.991753+00:00,False
2026-10-05 19:00:00,,,,,,,,,Telangana,Hyderabad,17.385,78.4867,State Representative,2026-09-30T12:29:35.991753+00:00,False
2026-10-05 20:00:00,,,,,,,,,Telangana,Hyderabad,17.385,78.4867,State Representative,2026-09-30T12:29:35.991753+00:00,False
2026-10-05 21:00:00,,,,,,,,,Telangana,Hyderabad,17.385,78.4867,State Representative,2026-09-30T12:29:35.991753+00:00,False
2026-10-05 22:00:00,,,,,,,,,Telangana,Hyderabad,17.385,78.4867,State Representative,2026-09-30T12:29:35.991753+00:00,False
2026-10-05 23:00:00,,,,,,,,,Telangana,Hyderabad,17.385,78.4867,State Representative,2026-09-30T12:29:35.991753+00:00,False
2026-10-06 00:00:00,,,,,,,,,Telangana,Hyderabad,17.385,78.4867,State Representative,2026-09-30T12:29:35.991753+00:00,False
2026-10-06 01:00:00,,,,,,,,,Telangana,Hyderabad,17.385,78.4867,State Representative,2026-09-30T12:29:35.991753+00:00,False
2026-10-06 02:00:00,,,,,,,,,Telangana,Hyderabad,17.385,78.4867,State Representative,2026-09-30T12:29:35.991753+00:00,False
2026-10-06 03:00:00,,,,,,,,,Telangana,Hyderabad,17.385,78.4867,State Representative,2026-09-30T12:29:35.991753+00:00,False
2026-10-06 04:00:00,,,,,,,,,Telangana,Hyderabad,17.385,78.4867,State Representative,2026-09-30T12:29:35.991753+00:00,False
2026-10-06 05:00:00,,,,,,,,,Telangana,Hyderabad,17.385,78.4867,State Representative,2026-09-30T12:29:35.991753+00:00,False
2026-10-06 06:00:00,,,,,,,,,Telangana,Hyderabad,17.385,78.4867,State Representative,2026-09-30T12:29:35.991753+00:00,False
2026-10-06 07:00:00,,,,,,,,,Telangana,Hyderabad,17.385,78.4867,State Representative,2026-09-30T12:29:35.991753+00:00,False
2026-10-06 08:00:00,,,,,,,,,Telangana,Hyderabad,17.385,78.4867,State Representative,2026-09-30T12:29:35.991753+00:00,False
2026-10-06 09:00:00,,,,,,,,,Telangana,Hyderabad,17.385,78.4867,State Representative,2026-09-30T12:29:35.991753+00:00,False
2026-10-06 10:00:00,,,,,,,,,Telangana,Hyderabad,17.385,78.4867,State Representative,2026-09-30T12:29:35.991753+00:00,False
2026-10-06 11:00:00,,,,,,,,,Telangana,Hyderabad,17.385,78.4867,State Representative,2026-09-30T12:29:35.991753+00:00,False
2026-10-06 12:00:00,,,,,,,,,Telangana,Hyderabad,17.385,78.4867,State Representative,2026-09-30T12:29:35.991753+00:00,False
2026-10-06 13:00:00,,,,,,,,,Telangana,Hyderabad,17.385,78.4867,State Representative,2026-09-30T12:29:35.991753+00:00,False
2026-10-06 14:00:00,,,,,,,,,Telangana,Hyderabad,17.385,78.4867,State Representative,2026-09-30T12:29:35.991753+00:00,False
2026-10-06 15:00:00,,,,,,,,,Telangana,Hyderabad,17.385,78.4867,State Representative,2026-09-30T12:29:35.991753+00:00,False
2026-10-06 16:00:00,,,,,,,,,Telangana,Hyderabad,17.385,78.4867,State Representative,2026-09-30T12:29:35.991753+00:00,False
2026-10-06 17:00:00,,,,,,,,,Telangana,Hyderabad,17.385,78.4867,State Representative,2026-09-30T12:29:35.991753+00:00,False
2026-10-06 18:00:00,,,,,,,,,Telangana,Hyderabad,17.385,78.4867,State Representative,2026-09-30T12:29:35.991753+00:00,False
2026-10-06 19:00:00,,,,,,,,,Telangana,Hyderabad,17.385,78.4867,State Representative,2026-09-30T12:29:35.991753+00:00,False
2026-10-06 20:00:00,,,,,,,,,Telangana,Hyderabad,17.385,78.4867,State Representative,2026-09-30T12:29:35.991753+00:00,False
2026-10-06 21:00:00,,,,,,,,,Telangana,Hyderabad,17.385,78.4867,State Representative,2026-09-30T12:29:35.991753+00:00,False
2026-10-06 22:00:00,,,,,,,,,Telangana,Hyderabad,17.385,78.4867,State Representative,2026-09-30T12:29:35.991753+00:00,False
2026-10-06 23:00:00,,,,,,,,,Telangana,Hyderabad,17.385,78.4867,State Representative,2026-09-30T12:29:35.991753+00:00,False
2026-09-30 00:00:00,50.1,52.2,600.0,23.0,8.8,58.0,131.0,60.0,Tripura,Agartala,23.8315,91.2868,State Representative,2026-09-30T12:29:36.662792+00:00,True
2026-09-30 01:00:00,50.2,52.3,624.0,24.0,8.3,49.0,130.0,60.0,Tripura,Agartala,23.8315,91.2868,State Representative,2026-09-30T12:29:36.662792+00:00,True
2026-09-30 02:00:00,50.1,51.8,626.0,25.0,7.9,42.0,130.0,60.0,Tripura,Agartala,23.8315,91.2868,State Representative,2026-09-30T12:29:36.662792+00:00,True
2026-09-30 03:00:00,50.2,51.8,586.0,26.7,7.7,33.0,129.0,60.0,Tripura,Agartala,23.8315,91.2868,State Representative,2026-09-30T12:29:36.662792+00:00,True
2026-09-30 04:00:00,51.1,52.7,523.0,28.3,7.7,25.0,129.0,61.0,Tripura,Agartala,23.8315,91.2868,State Representative,2026-09-30T12:29:36.662792+00:00,True
2026-09-30 05:00:00,46.7,48.1,472.0,26.7,7.7,32.0,129.0,58.0,Tripura,Agartala,23.8315,91.2868,State Representative,2026-09-30T12:29:36.662792+00:00,True
2026-09-30 06:00:00,46.6,48.2,449.0,22.5,8.8,56.0,128.0,58.0,Tripura,Agartala,23.8315,91.2868,State Representative,2026-09-30T12:29:36.662792+00:00,True
2026-09-30 07:00:00,42.5,44.7,438.0,16.6,10.4,89.0,128.0,56.0,Tripura,Agartala,23.8315,91.2868,State Representative,2026-09-30T12:29:36.662792+00:00,True
2026-09-30 08:00:00,37.6,40.4,422.0,11.6,11.6,120.0,128.0,60.0,Tripura,Agartala,23.8315,91.2868,State Representative,2026-09-30T12:29:36.662792+00:00,True
2026-09-30 09:00:00,35.0,38.3,393.0,8.5,12.1,146.0,127.0,73.0,Tripura,Agartala,23.8315,91.2868,State Representative,2026-09-30T12:29:36.662792+00:00,True
2026-09-30 10:00:00,34.9,38.5,359.0,6.4,12.3,169.0,126.0,89.0,Tripura,Agartala,23.8315,91.2868,State Representative,2026-09-30T12:29:36.662792+00:00,True
2026-09-30 11:00:00,35.6,39.2,333.0,5.1,12.6,187.0,125.0,107.0,Tripura,Agartala,23.8315,91.2868,State Representative,2026-09-30T12:29:36.662792+00:00,True
2026-09-30 12:00:00,37.4,41.0,314.0,4.3,13.3,200.0,125.0,120.0,Tripura,Agartala,23.8315,91.2868,State Representative,2026-09-30T12:29:36.662792+00:00,True
2026-09-30 13:00:00,37.5,41.0,301.0,4.4,14.1,207.0,124.0,127.0,Tripura,Agartala,23.8315,91.2868,State Representative,2026-09-30T12:29:36.662792+00:00,True
2026-09-30 14:00:00,37.6,40.9,307.0,5.6,14.6,204.0,124.0,124.0,Tripura,Agartala,23.8315,91.2868,State Representative,2026-09-30T12:29:36.662792+00:00,True
2026-09-30 15:00:00,38.8,41.7,349.0,9.3,14.6,185.0,148.0,105.0,Tripura,Agartala,23.8315,91.2868,State Representative,2026-09-30T12:29:36.662792+00:00,True
2026-09-30 16:00:00,41.3,43.5,408.0,14.2,14.1,157.0,164.0,79.0,Tripura,Agartala,23.8315,91.2868,State Representative,2026-09-30T12:29:36.662792+00:00,True
2026-09-30 17:00:00,43.9,45.6,445.0,17.2,13.2,131.0,169.0,66.0,Tripura,Agartala,23.8315,91.2868,State Representative,2026-09-30T12:29:36.662792+00:00,True
2026-09-30 18:00:00,42.4,43.7,436.0,16.6,11.4,113.0,167.0,56.0,Tripura,Agartala,23.8315,91.2868,State Representative,2026-09-30T12:29:36.662792+00:00,True
2026-09-30 19:00:00,39.7,40.6,404.0,14.1,9.0,97.0,158.0,54.0,Tripura,Agartala,23.8315,91.2868,State Representative,2026-09-30T12:29:36.662792+00:00,True
2026-09-30 20:00:00,34.2,34.8,374.0,11.9,7.2,86.0,142.0,51.0,Tripura,Agartala,23.8315,91.2868,State Representative,2026-09-30T12:29:36.662792+00:00,True
2026-09-30 21:00:00,29.3,29.8,356.0,10.6,6.4,81.0,119.0,48.0,Tripura,Agartala,23.8315,91.2868,State Representative,2026-09-30T12:29:36.662792+00:00,True
2026-09-30 22:00:00,25.6,26.1,341.0,9.6,6.2,80.0,117.0,46.0,Tripura,Agartala,23.8315,91.2868,State Representative,2026-09-30T12:29:36.662792+00:00,True
2026-09-30 23:00:00,23.5,24.2,327.0,9.0,6.2,79.0,114.0,45.0,Tripura,Agartala,23.8315,91.2868,State Representative,2026-09-30T12:29:36.662792+00:00,True
2026-10-01 00:00:00,22.6,23.4,314.0,9.1,6.3,77.0,111.0,44.0,Tripura,Agartala,23.8315,91.2868,State Representative,2026-09-30T12:29:36.662792+00:00,True
2026-10-01 01:00:00,23.8,24.7,303.0,9.5,6.7,75.0,109.0,45.0,Tripura,Agartala,23.8315,91.2868,State Representative,2026-09-30T12:29:36.662792+00:00,True
2026-10-01 02:00:00,25.0,26.1,294.0,9.8,6.9,75.0,106.0,46.0,Tripura,Agartala,23.8315,91.2868,State Representative,2026-09-30T12:29:36.662792+00:00,True
2026-10-01 03:00:00,26.2,27.4,286.0,9.7,7.0,76.0,103.0,46.0,Tripura,Agartala,23.8315,91.2868,State Representative,2026-09-30T12:29:36.662792+00:00,True
2026-10-01 04:00:00,26.5,27.8,279.0,9.4,7.0,78.0,101.0,47.0,Tripura,Agartala,23.8315,91.2868,State Representative,2026-09-30T12:29:36.662792+00:00,True
2026-10-01 05:00:00,22.5,23.8,279.0,8.8,6.9,82.0,99.0,44.0,Tripura,Agartala,23.8315,91.2868,State Representative,2026-09-30T12:29:36.662792+00:00,True
2026-10-01 06:00:00,19.5,20.7,290.0,7.8,6.4,86.0,97.0,43.0,Tripura,Agartala,23.8315,91.2868,State Representative,2026-09-30T12:29:36.662792+00:00,True
2026-10-01 07:00:00,18.6,19.8,307.0,6.5,5.7,93.0,95.0,42.0,Tripura,Agartala,23.8315,91.2868,State Representative,2026-09-30T12:29:36.662792+00:00,True
2026-10-01 08:00:00,18.1,19.5,320.0,5.4,5.8,104.0,93.0,44.0,Tripura,Agartala,23.8315,91.2868,State Representative,2026-09-30T12:29:36.662792+00:00,True
2026-10-01 09:00:00,20.2,21.9,323.0,4.8,7.3,126.0,91.0,63.0,Tripura,Agartala,23.8315,91.2868,State Representative,2026-09-30T12:29:36.662792+00:00,True
2026-10-01 10:00:00,24.9,27.0,321.0,4.4,9.6,153.0,90.0,77.0,Tripura,Agartala,23.8315,91.2868,State Representative,2026-09-30T12:29:36.662792+00:00,True
2026-10-01 11:00:00,31.9,34.6,319.0,4.3,11.3,173.0,89.0,93.0,Tripura,Agartala,23.8315,91.2868,State Representative,2026-09-30T12:29:36.662792+00:00,True
2026-10-01 12:00:00,32.7,35.6,317.0,4.3,12.0,184.0,89.0,104.0,Tripura,Agartala,23.8315,91.2868,State Representative,2026-09-30T12:29:36.662792+00:00,True
2026-10-01 13:00:00,36.8,40.0,315.0,4.6,12.1,188.0,89.0,108.0,Tripura,Agartala,23.8315,91.2868,State Representative,2026-09-30T12:29:36.662792+00:00,True
2026-10-01 14:00:00,36.9,40.0,315.0,5.7,11.9,184.0,102.0,104.0,Tripura,Agartala,23.8315,91.2868,State Representative,2026-09-30T12:29:36.662792+00:00,True
2026-10-01 15:00:00,36.7,39.3,316.0,8.7,11.1,169.0,123.0,89.0,Tripura,Agartala,23.8315,91.2868,State Representative,2026-09-30T12:29:36.662792+00:00,True
2026-10-01 16:00:00,35.9,38.2,319.0,12.5,10.0,145.0,139.0,73.0,Tripura,Agartala,23.8315,91.2868,State Representative,2026-09-30T12:29:36.662792+00:00,True
2026-10-01 17:00:00,38.9,40.7,331.0,15.0,8.9,125.0,148.0,63.0,Tripura,Agartala,23.8315,91.2868,State Representative,2026-09-30T12:29:36.662792+00:00,True
2026-10-01 18:00:00,40.5,42.3,362.0,14.8,8.0,112.0,147.0,55.0,Tripura,Agartala,23.8315,91.2868,State Representative,2026-09-30T12:29:36.662792+00:00,True
2026-10-01 19:00:00,38.4,40.3,401.0,13.1,7.2,102.0,139.0,53.0,Tripura,Agartala,23.8315,91.2868,State Representative,2026-09-30T12:29:36.662792+00:00,True
2026-10-01 20:00:00,39.1,40.9,423.0,11.8,6.6,93.0,124.0,54.0,Tripura,Agartala,23.8315,91.2868,State Representative,2026-09-30T12:29:36.662792+00:00,True
2026-10-01 21:00:00,39.6,41.2,413.0,11.4,6.3,86.0,104.0,54.0,Tripura,Agartala,23.8315,91.2868,State Representative,2026-09-30T12:29:36.662792+00:00,True
2026-10-01 22:00:00,38.6,40.3,387.0,11.3,6.1,80.0,88.0,53.0,Tripura,Agartala,23.8315,91.2868,State Representative,2026-09-30T12:29:36.662792+00:00,True
2026-10-01 23:00:00,37.4,39.1,365.0,11.4,6.1,75.0,89.0,53.0,Tripura,Agartala,23.8315,91.2868,State Representative,2026-09-30T12:29:36.662792+00:00,True
2026-10-02 00:00:00,38.0,39.7,356.0,11.7,6.1,70.0,91.0,53.0,Tripura,Agartala,23.8315,91.2868,State Representative,2026-09-30T12:29:36.662792+00:00,True
2026-10-02 01:00:00,38.8,40.6,351.0,12.1,6.3,67.0,92.0,54.0,Tripura,Agartala,23.8315,91.2868,State Representative,2026-09-30T12:29:36.662792+00:00,True
2026-10-02 02:00:00,39.6,41.6,349.0,12.4,6.6,65.0,93.0,54.0,Tripura,Agartala,23.8315,91.2868,State Representative,2026-09-30T12:29:36.662792+00:00,True
2026-10-02 03:00:00,39.2,41.4,350.0,12.6,7.3,66.0,94.0,54.0,Tripura,Agartala,23.8315,91.2868,State Representative,2026-09-30T12:29:36.662792+00:00,True
2026-10-02 04:00:00,39.5,42.4,354.0,12.7,8.1,69.0,95.0,54.0,Tripura,Agartala,23.8315,91.2868,State Representative,2026-09-30T12:29:36.662792+00:00,True
2026-10-02 05:00:00,42.4,45.4,355.0,12.3,8.8,74.0,96.0,56.0,Tripura,Agartala,23.8315,91.2868,State Representative,2026-09-30T12:29:36.662792+00:00,True
2026-10-02 06:00:00,41.4,44.6,348.0,11.2,9.0,82.0,98.0,55.0,Tripura,Agartala,23.8315,91.2868,State Representative,2026-09-30T12:29:36.662792+00:00,True
2026-10-02 07:00:00,35.6,38.8,338.0,9.6,9.1,92.0,99.0,52.0,Tripura,Agartala,23.8315,91.2868,State Representative,2026-09-30T12:29:36.662792+00:00,True
2026-10-02 08:00:00,36.9,40.9,333.0,8.1,9.8,107.0,101.0,53.0,Tripura,Agartala,23.8315,91.2868,State Representative,2026-09-30T12:29:36.662792+00:00,True
2026-10-02 09:00:00,40.0,44.6,337.0,6.8,11.7,132.0,103.0,66.0,Tripura,Agartala,23.8315,91.2868,State Representative,2026-09-30T12:29:36.662792+00:00,True
2026-10-02 10:00:00,45.1,49.9,346.0,5.6,14.1,162.0,105.0,82.0,Tripura,Agartala,23.8315,91.2868,State Representative,2026-09-30T12:29:36.662792+00:00,True
2026-10-02 11:00:00,63.3,70.1,350.0,4.9,15.8,184.0,107.0,104.0,Tripura,Agartala,23.8315,91.2868,State Representative,2026-09-30T12:29:36.662792+00:00,True
2026-10-02 12:00:00,51.9,57.4,340.0,4.5,16.2,195.0,110.0,115.0,Tripura,Agartala,23.8315,91.2868,State Representative,2026-09-30T12:29:36.662792+00:00,True
2026-10-02 13:00:00,56.5,62.4,324.0,4.5,15.8,199.0,112.0,119.0,Tripura,Agartala,23.8315,91.2868,State Representative,2026-09-30T12:29:36.662792+00:00,True
2026-10-02 14:00:00,71.9,78.9,321.0,5.6,15.1,194.0,114.0,114.0,Tripura,Agartala,23.8315,91.2868,State Representative,2026-09-30T12:29:36.662792+00:00,True
2026-10-02 15:00:00,63.6,69.2,340.0,8.9,14.1,175.0,136.0,95.0,Tripura,Agartala,23.8315,91.2868,State Representative,2026-09-30T12:29:36.662792+00:00,True
2026-10-02 16:00:00,61.7,66.1,370.0,13.2,12.7,147.0,152.0,74.0,Tripura,Agartala,23.8315,91.2868,State Representative,2026-09-30T12:29:36.662792+00:00,True
2026-10-02 17:00:00,63.3,66.4,399.0,16.2,11.4,122.0,159.0,67.0,Tripura,Agartala,23.8315,91.2868,State Representative,2026-09-30T12:29:36.662792+00:00,True
2026-10-02 18:00:00,63.1,65.9,424.0,16.5,10.3,106.0,157.0,67.0,Tripura,Agartala,23.8315,91.2868,State Representative,2026-09-30T12:29:36.662792+00:00,True
2026-10-02 19:00:00,62.9,65.7,448.0,15.4,9.3,93.0,148.0,66.0,Tripura,Agartala,23.8315,91.2868,State Representative,2026-09-30T12:29:36.662792+00:00,True
2026-10-02 20:00:00,58.6,61.2,459.0,14.4,8.4,82.0,131.0,64.0,Tripura,Agartala,23.8315,91.2868,State Representative,2026-09-30T12:29:36.662792+00:00,True
2026-10-02 21:00:00,53.4,55.8,451.0,14.1,7.7,74.0,133.0,62.0,Tripura,Agartala,23.8315,91.2868,State Representative,2026-09-30T12:29:36.662792+00:00,True
2026-10-02 22:00:00,50.5,52.6,431.0,13.8,7.2,67.0,134.0,60.0,Tripura,Agartala,23.8315,91.2868,State Representative,2026-09-30T12:29:36.662792+00:00,True
2026-10-02 23:00:00,46.0,48.1,407.0,13.4,6.7,63.0,136.0,58.0,Tripura,Agartala,23.8315,91.2868,State Representative,2026-09-30T12:29:36.662792+00:00,True
2026-10-03 00:00:00,38.6,40.6,378.0,12.7,6.0,60.0,137.0,53.0,Tripura,Agartala,23.8315,91.2868,State Representative,2026-09-30T12:29:36.662792+00:00,True
2026-10-03 01:00:00,33.8,35.3,344.0,11.8,5.2,60.0,137.0,51.0,Tripura,Agartala,23.8315,91.2868,State Representative,2026-09-30T12:29:36.662792+00:00,True
2026-10-03 02:00:00,29.7,31.1,318.0,11.2,4.8,60.0,136.0,48.0,Tripura,Agartala,23.8315,91.2868,State Representative,2026-09-30T12:29:36.662792+00:00,True
2026-10-03 03:00:00,27.9,29.5,304.0,11.3,4.8,59.0,135.0,47.0,Tripura,Agartala,23.8315,91.2868,State Representative,2026-09-30T12:29:36.662792+00:00,True
2026-10-03 04:00:00,27.8,29.5,296.0,11.6,5.2,60.0,134.0,47.0,Tripura,Agartala,23.8315,91.2868,State Representative,2026-09-30T12:29:36.662792+00:00,True
2026-10-03 05:00:00,31.8,34.2,291.0,11.5,6.2,67.0,133.0,50.0,Tripura,Agartala,23.8315,91.2868,State Representative,2026-09-30T12:29:36.662792+00:00,True
2026-10-03 06:00:00,34.5,37.3,283.0,10.6,8.4,85.0,132.0,51.0,Tripura,Agartala,23.8315,91.2868,State Representative,2026-09-30T12:29:36.662792+00:00,True
2026-10-03 07:00:00,38.3,42.1,276.0,9.2,11.2,109.0,131.0,53.0,Tripura,Agartala,23.8315,91.2868,State Representative,2026-09-30T12:29:36.662792+00:00,True
2026-10-03 08:00:00,43.5,48.7,282.0,7.9,13.7,134.0,131.0,67.0,Tripura,Agartala,23.8315,91.2868,State Representative,2026-09-30T12:29:36.662792+00:00,True
2026-10-03 09:00:00,50.1,56.7,309.0,6.7,15.6,160.0,132.0,80.0,Tripura,Agartala,23.8315,91.2868,State Representative,2026-09-30T12:29:36.662792+00:00,True
2026-10-03 10:00:00,51.7,59.4,348.0,5.5,17.2,187.0,133.0,107.0,Tripura,Agartala,23.8315,91.2868,State Representative,2026-09-30T12:29:36.662792+00:00,True
2026-10-03 11:00:00,53.3,61.5,379.0,4.8,18.2,207.0,134.0,127.0,Tripura,Agartala,23.8315,91.2868,State Representative,2026-09-30T12:29:36.662792+00:00,True
2026-10-03 12:00:00,53.3,61.5,388.0,4.3,18.3,219.0,133.0,139.0,Tripura,Agartala,23.8315,91.2868,State Representative,2026-09-30T12:29:36.662792+00:00,True
2026-10-03 13:00:00,52.9,60.3,389.0,4.2,17.7,224.0,133.0,144.0,Tripura,Agartala,23.8315,91.2868,State Representative,2026-09-30T12:29:36.662792+00:00,True
2026-10-03 14:00:00,51.9,59.0,405.0,5.3,17.0,219.0,148.0,139.0,Tripura,Agartala,23.8315,91.2868,State Representative,2026-09-30T12:29:36.662792+00:00,True
2026-10-03 15:00:00,52.2,58.8,456.0,8.8,16.4,200.0,170.0,120.0,Tripura,Agartala,23.8315,91.2868,State Representative,2026-09-30T12:29:36.662792+00:00,True
2026-10-03 16:00:00,54.0,59.8,522.0,13.7,15.7,172.0,185.0,92.0,Tripura,Agartala,23.8315,91.2868,State Representative,2026-09-30T12:29:36.662792+00:00,True
2026-10-03 17:00:00,57.5,61.7,562.0,17.2,15.0,146.0,191.0,73.0,Tripura,Agartala,23.8315,91.2868,State Representative,2026-09-30T12:29:36.662792+00:00,True
2026-10-03 18:00:00,58.4,62.6,554.0,18.3,14.4,127.0,188.0,64.0,Tripura,Agartala,23.8315,91.2868,State Representative,2026-09-30T12:29:36.662792+00:00,True
2026-10-03 19:00:00,58.7,63.3,519.0,18.2,13.7,111.0,179.0,64.0,Tripura,Agartala,23.8315,91.2868,State Representative,2026-09-30T12:29:36.662792+00:00,True
2026-10-03 20:00:00,60.8,65.9,481.0,17.7,13.0,98.0,164.0,65.0,Tripura,Agartala,23.8315,91.2868,State Representative,2026-09-30T12:29:36.662792+00:00,True
2026-10-03 21:00:00,60.5,65.7,444.0,16.8,12.2,88.0,142.0,65.0,Tripura,Agartala,23.8315,91.2868,State Representative,2026-09-30T12:29:36.662792+00:00,True
2026-10-03 22:00:00,57.7,62.6,404.0,15.6,11.2,81.0,128.0,64.0,Tripura,Agartala,23.8315,91.2868,State Representative,2026-09-30T12:29:36.662792+00:00,True
2026-10-03 23:00:00,54.1,58.7,375.0,14.6,10.3,74.0,128.0,62.0,Tripura,Agartala,23.8315,91.2868,State Representative,2026-09-30T12:29:36.662792+00:00,True
2026-10-04 00:00:00,51.6,55.5,368.0,14.1,9.3,66.0,129.0,61.0,Tripura,Agartala,23.8315,91.2868,State Representative,2026-09-30T12:29:36.662792+00:00,True
2026-10-04 01:00:00,49.6,53.1,372.0,14.0,8.2,59.0,131.0,60.0,Tripura,Agartala,23.8315,91.2868,State Representative,2026-09-30T12:29:36.662792+00:00,True
2026-10-04 02:00:00,48.1,51.2,371.0,14.3,7.3,52.0,132.0,59.0,Tripura,Agartala,23.8315,91.2868,State Representative,2026-09-30T12:29:36.662792+00:00,True
2026-10-04 03:00:00,46.8,49.8,355.0,15.7,6.5,43.0,134.0,58.0,Tripura,Agartala,23.8315,91.2868,State Representative,2026-09-30T12:29:36.662792+00:00,True
2026-10-04 04:00:00,45.8,48.7,334.0,17.6,6.0,36.0,136.0,58.0,Tripura,Agartala,23.8315,91.2868,State Representative,2026-09-30T12:29:36.662792+00:00,True
2026-10-04 05:00:00,46.8,49.7,350.3,18.0,6.0,38.0,138.0,58.0,Tripura,Agartala,23.8315,91.2868,State Representative,2026-09-30T12:29:36.662792+00:00,True
2026-10-04 06:00:00,46.4,50.3,366.0,15.7,6.8,56.0,140.0,58.0,Tripura,Agartala,23.8315,91.2868,State Representative,2026-09-30T12:29:36.662792+00:00,True
2026-10-04 07:00:00,45.4,52.6,372.3,12.0,8.3,84.0,141.0,57.0,Tripura,Agartala,23.8315,91.2868,State Representative,2026-09-30T12:29:36.662792+00:00,True
2026-10-04 08:00:00,47.1,56.9,376.0,8.9,10.0,115.0,142.0,58.0,Tripura,Agartala,23.8315,91.2868,State Representative,2026-09-30T12:29:36.662792+00:00,True
2026-10-04 09:00:00,51.6,64.7,378.0,7.2,12.3,151.0,142.0,76.0,Tripura,Agartala,23.8315,91.2868,State Representative,2026-09-30T12:29:36.662792+00:00,True
2026-10-04 10:00:00,53.0,67.5,389.0,6.0,15.0,189.0,142.0,109.0,Tripura,Agartala,23.8315,91.2868,State Representative,2026-09-30T12:29:36.662792+00:00,True
2026-10-04 11:00:00,56.8,74.0,396.0,5.3,16.8,218.0,142.0,138.0,Tripura,Agartala,23.8315,91.2868,State Representative,2026-09-30T12:29:36.662792+00:00,True
2026-10-04 12:00:00,57.9,76.1,389.0,4.4,17.1,232.0,143.0,152.0,Tripura,Agartala,23.8315,91.2868,State Representative,2026-09-30T12:29:36.662792+00:00,True
2026-10-04 13:00:00,59.6,78.7,379.0,3.9,16.5,237.0,143.0,157.0,Tripura,Agartala,23.8315,91.2868,State Representative,2026-09-30T12:29:36.662792+00:00,True
2026-10-04 14:00:00,59.4,78.2,386.0,5.3,15.9,231.0,144.0,151.0,Tripura,Agartala,23.8315,91.2868,State Representative,2026-09-30T12:29:36.662792+00:00,True
2026-10-04 15:00:00,61.0,79.9,422.0,10.3,15.8,211.0,170.0,131.0,Tripura,Agartala,23.8315,91.2868,State Representative,2026-09-30T12:29:36.662792+00:00,True
2026-10-04 16:00:00,64.5,79.2,476.0,17.3,15.7,180.0,190.0,100.0,Tripura,Agartala,23.8315,91.2868,State Representative,2026-09-30T12:29:36.662792+00:00,True
2026-10-04 17:00:00,74.3,89.2,531.0,22.9,15.3,151.0,200.0,76.0,Tripura,Agartala,23.8315,91.2868,State Representative,2026-09-30T12:29:36.662792+00:00,True
2026-10-04 18:00:00,92.7,107.8,591.0,26.1,14.2,126.0,200.0,81.0,Tripura,Agartala,23.8315,91.2868,State Representative,2026-09-30T12:29:36.662792+00:00,True
2026-10-04 19:00:00,99.4,111.5,653.0,27.9,12.8,103.0,190.0,84.0,Tripura,Agartala,23.8315,91.2868,State Representative,2026-09-30T12:29:36.662792+00:00,True
2026-10-04 20:00:00,92.2,102.2,690.0,28.1,11.3,85.0,172.0,81.0,Tripura,Agartala,23.8315,91.2868,State Representative,2026-09-30T12:29:36.662792+00:00,True
2026-10-04 21:00:00,86.6,95.0,682.0,25.9,9.8,75.0,153.0,78.0,Tripura,Agartala,23.8315,91.2868,State Representative,2026-09-30T12:29:36.662792+00:00,True
2026-10-04 22:00:00,80.3,87.5,649.0,22.1,8.2,70.0,153.0,75.0,Tripura,Agartala,23.8315,91.2868,State Representative,2026-09-30T12:29:36.662792+00:00,True
2026-10-04 23:00:00,75.0,82.0,621.0,19.4,7.0,64.0,154.0,73.0,Tripura,Agartala,23.8315,91.2868,State Representative,2026-09-30T12:29:36.662792+00:00,True
2026-10-05 00:00:00,72.6,79.4,610.0,18.8,6.3,56.0,155.0,71.0,Tripura,Agartala,23.8315,91.2868,State Representative,2026-09-30T12:29:36.662792+00:00,True
2026-10-05 01:00:00,71.5,78.2,604.0,19.2,5.8,47.0,155.0,71.0,Tripura,Agartala,23.8315,91.2868,State Representative,2026-09-30T12:29:36.662792+00:00,True
2026-10-05 02:00:00,71.7,78.5,604.0,20.0,5.6,39.0,156.0,71.0,Tripura,Agartala,23.8315,91.2868,State Representative,2026-09-30T12:29:36.662792+00:00,True
2026-10-05 03:00:00,72.2,78.9,611.0,21.3,5.5,32.0,157.0,71.0,Tripura,Agartala,23.8315,91.2868,State Representative,2026-09-30T12:29:36.662792+00:00,True
2026-10-05 04:00:00,72.9,79.4,622.0,23.0,5.6,25.0,157.0,71.0,Tripura,Agartala,23.8315,91.2868,State Representative,2026-09-30T12:29:36.662792+00:00,True
2026-10-05 05:00:00,75.2,82.2,631.0,24.3,5.7,21.0,158.0,73.0,Tripura,Agartala,23.8315,91.2868,State Representative,2026-09-30T12:29:36.662792+00:00,True
2026-10-05 06:00:00,,,,,,,159.0,,Tripura,Agartala,23.8315,91.2868,State Representative,2026-09-30T12:29:36.662792+00:00,False
2026-10-05 07:00:00,,,,,,,,,Tripura,Agartala,23.8315,91.2868,State Representative,2026-09-30T12:29:36.662792+00:00,False
2026-10-05 08:00:00,,,,,,,,,Tripura,Agartala,23.8315,91.2868,State Representative,2026-09-30T12:29:36.662792+00:00,False
2026-10-05 09:00:00,,,,,,,,,Tripura,Agartala,23.8315,91.2868,State Representative,2026-09-30T12:29:36.662792+00:00,False
2026-10-05 10:00:00,,,,,,,,,Tripura,Agartala,23.8315,91.2868,State Representative,2026-09-30T12:29:36.662792+00:00,False
2026-10-05 11:00:00,,,,,,,,,Tripura,Agartala,23.8315,91.2868,State Representative,2026-09-30T12:29:36.662792+00:00,False
2026-10-05 12:00:00,,,,,,,,,Tripura,Agartala,23.8315,91.2868,State Representative,2026-09-30T12:29:36.662792+00:00,False
2026-10-05 13:00:00,,,,,,,,,Tripura,Agartala,23.8315,91.2868,State Representative,2026-09-30T12:29:36.662792+00:00,False
2026-10-05 14:00:00,,,,,,,,,Tripura,Agartala,23.8315,91.2868,State Representative,2026-09-30T12:29:36.662792+00:00,False
2026-10-05 15:00:00,,,,,,,,,Tripura,Agartala,23.8315,91.2868,State Representative,2026-09-30T12:29:36.662792+00:00,False
2026-10-05 16:00:00,,,,,,,,,Tripura,Agartala,23.8315,91.2868,State Representative,2026-09-30T12:29:36.662792+00:00,False
2026-10-05 17:00:00,,,,,,,,,Tripura,Agartala,23.8315,91.2868,State Representative,2026-09-30T12:29:36.662792+00:00,False
2026-10-05 18:00:00,,,,,,,,,Tripura,Agartala,23.8315,91.2868,State Representative,2026-09-30T12:29:36.662792+00:00,False
2026-10-05 19:00:00,,,,,,,,,Tripura,Agartala,23.8315,91.2868,State Representative,2026-09-30T12:29:36.662792+00:00,False
2026-10-05 20:00:00,,,,,,,,,Tripura,Agartala,23.8315,91.2868,State Representative,2026-09-30T12:29:36.662792+00:00,False
2026-10-05 21:00:00,,,,,,,,,Tripura,Agartala,23.8315,91.2868,State Representative,2026-09-30T12:29:36.662792+00:00,False
2026-10-05 22:00:00,,,,,,,,,Tripura,Agartala,23.8315,91.2868,State Representative,2026-09-30T12:29:36.662792+00:00,False
2026-10-05 23:00:00,,,,,,,,,Tripura,Agartala,23.8315,91.2868,State Representative,2026-09-30T12:29:36.662792+00:00,False
2026-10-06 00:00:00,,,,,,,,,Tripura,Agartala,23.8315,91.2868,State Representative,2026-09-30T12:29:36.662792+00:00,False
2026-10-06 01:00:00,,,,,,,,,Tripura,Agartala,23.8315,91.2868,State Representative,2026-09-30T12:29:36.662792+00:00,False
2026-10-06 02:00:00,,,,,,,,,Tripura,Agartala,23.8315,91.2868,State Representative,2026-09-30T12:29:36.662792+00:00,False
2026-10-06 03:00:00,,,,,,,,,Tripura,Agartala,23.8315,91.2868,State Representative,2026-09-30T12:29:36.662792+00:00,False
2026-10-06 04:00:00,,,,,,,,,Tripura,Agartala,23.8315,91.2868,State Representative,2026-09-30T12:29:36.662792+00:00,False
2026-10-06 05:00:00,,,,,,,,,Tripura,Agartala,23.8315,91.2868,State Representative,2026-09-30T12:29:36.662792+00:00,False
2026-10-06 06:00:00,,,,,,,,,Tripura,Agartala,23.8315,91.2868,State Representative,2026-09-30T12:29:36.662792+00:00,False
2026-10-06 07:00:00,,,,,,,,,Tripura,Agartala,23.8315,91.2868,State Representative,2026-09-30T12:29:36.662792+00:00,False
2026-10-06 08:00:00,,,,,,,,,Tripura,Agartala,23.8315,91.2868,State Representative,2026-09-30T12:29:36.662792+00:00,False
2026-10-06 09:00:00,,,,,,,,,Tripura,Agartala,23.8315,91.2868,State Representative,2026-09-30T12:29:36.662792+00:00,False
2026-10-06 10:00:00,,,,,,,,,Tripura,Agartala,23.8315,91.2868,State Representative,2026-09-30T12:29:36.662792+00:00,False
2026-10-06 11:00:00,,,,,,,,,Tripura,Agartala,23.8315,91.2868,State Representative,2026-09-30T12:29:36.662792+00:00,False
2026-10-06 12:00:00,,,,,,,,,Tripura,Agartala,23.8315,91.2868,State Representative,2026-09-30T12:29:36.662792+00:00,False
2026-10-06 13:00:00,,,,,,,,,Tripura,Agartala,23.8315,91.2868,State Representative,2026-09-30T12:29:36.662792+00:00,False
2026-10-06 14:00:00,,,,,,,,,Tripura,Agartala,23.8315,91.2868,State Representative,2026-09-30T12:29:36.662792+00:00,False
2026-10-06 15:00:00,,,,,,,,,Tripura,Agartala,23.8315,91.2868,State Representative,2026-09-30T12:29:36.662792+00:00,False
2026-10-06 16:00:00,,,,,,,,,Tripura,Agartala,23.8315,91.2868,State Representative,2026-09-30T12:29:36.662792+00:00,False
2026-10-06 17:00:00,,,,,,,,,Tripura,Agartala,23.8315,91.2868,State Representative,2026-09-30T12:29:36.662792+00:00,False
2026-10-06 18:00:00,,,,,,,,,Tripura,Agartala,23.8315,91.2868,State Representative,2026-09-30T12:29:36.662792+00:00,False
2026-10-06 19:00:00,,,,,,,,,Tripura,Agartala,23.8315,91.2868,State Representative,2026-09-30T12:29:36.662792+00:00,False
2026-10-06 20:00:00,,,,,,,,,Tripura,Agartala,23.8315,91.2868,State Representative,2026-09-30T12:29:36.662792+00:00,False
2026-10-06 21:00:00,,,,,,,,,Tripura,Agartala,23.8315,91.2868,State Representative,2026-09-30T12:29:36.662792+00:00,False
2026-10-06 22:00:00,,,,,,,,,Tripura,Agartala,23.8315,91.2868,State Representative,2026-09-30T12:29:36.662792+00:00,False
2026-10-06 23:00:00,,,,,,,,,Tripura,Agartala,23.8315,91.2868,State Representative,2026-09-30T12:29:36.662792+00:00,False
2026-09-30 00:00:00,37.8,42.4,408.0,17.9,12.3,62.0,125.0,53.0,Uttar Pradesh,Lucknow,26.8467,80.9462,State Representative,2026-09-30T12:29:37.309726+00:00,True
2026-09-30 01:00:00,35.5,40.6,392.0,16.9,11.9,60.0,120.0,52.0,Uttar Pradesh,Lucknow,26.8467,80.9462,State Representative,2026-09-30T12:29:37.309726+00:00,True
2026-09-30 02:00:00,33.1,40.2,383.0,16.1,11.7,59.0,114.0,50.0,Uttar Pradesh,Lucknow,26.8467,80.9462,State Representative,2026-09-30T12:29:37.309726+00:00,True
2026-09-30 03:00:00,30.9,42.5,385.0,15.9,11.8,58.0,108.0,49.0,Uttar Pradesh,Lucknow,26.8467,80.9462,State Representative,2026-09-30T12:29:37.309726+00:00,True
2026-09-30 04:00:00,29.3,47.6,394.0,15.9,12.2,58.0,104.0,48.0,Uttar Pradesh,Lucknow,26.8467,80.9462,State Representative,2026-09-30T12:29:37.309726+00:00,True
2026-09-30 05:00:00,27.9,50.2,412.0,14.5,13.4,65.0,100.0,47.0,Uttar Pradesh,Lucknow,26.8467,80.9462,State Representative,2026-09-30T12:29:37.309726+00:00,True
2026-09-30 06:00:00,31.9,66.1,449.0,13.4,14.9,72.0,98.0,50.0,Uttar Pradesh,Lucknow,26.8467,80.9462,State Representative,2026-09-30T12:29:37.309726+00:00,True
2026-09-30 07:00:00,37.4,86.8,495.0,11.8,16.9,82.0,96.0,53.0,Uttar Pradesh,Lucknow,26.8467,80.9462,State Representative,2026-09-30T12:29:37.309726+00:00,True
2026-09-30 08:00:00,50.9,160.7,518.0,9.9,18.2,97.0,96.0,71.0,Uttar Pradesh,Lucknow,26.8467,80.9462,State Representative,2026-09-30T12:29:37.309726+00:00,True
2026-09-30 09:00:00,60.5,210.0,500.0,7.5,18.3,123.0,97.0,84.0,Uttar Pradesh,Lucknow,26.8467,80.9462,State Representative,2026-09-30T12:29:37.309726+00:00,True
2026-09-30 10:00:00,58.4,199.8,459.0,4.7,17.8,154.0,99.0,81.0,Uttar Pradesh,Lucknow,26.8467,80.9462,State Representative,2026-09-30T12:29:37.309726+00:00,True
2026-09-30 11:00:00,50.1,152.7,425.0,2.8,17.0,176.0,102.0,96.0,Uttar Pradesh,Lucknow,26.8467,80.9462,State Representative,2026-09-30T12:29:37.309726+00:00,True
2026-09-30 12:00:00,38.3,101.7,402.0,1.9,15.8,184.0,104.0,104.0,Uttar Pradesh,Lucknow,26.8467,80.9462,State Representative,2026-09-30T12:29:37.309726+00:00,True
2026-09-30 13:00:00,33.3,73.3,385.0,1.7,14.2,183.0,105.0,103.0,Uttar Pradesh,Lucknow,26.8467,80.9462,State Representative,2026-09-30T12:29:37.309726+00:00,True
2026-09-30 14:00:00,33.9,65.0,389.0,2.6,13.0,177.0,105.0,97.0,Uttar Pradesh,Lucknow,26.8467,80.9462,State Representative,2026-09-30T12:29:37.309726+00:00,True
2026-09-30 15:00:00,34.8,63.6,431.0,5.0,12.4,165.0,117.0,85.0,Uttar Pradesh,Lucknow,26.8467,80.9462,State Representative,2026-09-30T12:29:37.309726+00:00,True
2026-09-30 16:00:00,36.9,62.6,494.0,8.5,12.1,147.0,134.0,74.0,Uttar Pradesh,Lucknow,26.8467,80.9462,State Representative,2026-09-30T12:29:37.309726+00:00,True
2026-09-30 17:00:00,40.0,65.9,543.0,11.8,12.3,130.0,145.0,65.0,Uttar Pradesh,Lucknow,26.8467,80.9462,State Representative,2026-09-30T12:29:37.309726+00:00,True
2026-09-30 18:00:00,44.4,71.9,565.0,15.0,13.2,116.0,146.0,57.0,Uttar Pradesh,Lucknow,26.8467,80.9462,State Representative,2026-09-30T12:29:37.309726+00:00,True
2026-09-30 19:00:00,47.1,78.7,573.0,18.0,14.6,102.0,138.0,58.0,Uttar Pradesh,Lucknow,26.8467,80.9462,State Representative,2026-09-30T12:29:37.309726+00:00,True
2026-09-30 20:00:00,49.0,86.4,570.0,20.1,15.5,91.0,123.0,59.0,Uttar Pradesh,Lucknow,26.8467,80.9462,State Representative,2026-09-30T12:29:37.309726+00:00,True
2026-09-30 21:00:00,50.6,94.3,554.0,20.6,15.6,84.0,112.0,60.0,Uttar Pradesh,Lucknow,26.8467,80.9462,State Representative,2026-09-30T12:29:37.309726+00:00,True
2026-09-30 22:00:00,52.0,102.2,527.0,20.0,15.3,80.0,113.0,61.0,Uttar Pradesh,Lucknow,26.8467,80.9462,State Representative,2026-09-30T12:29:37.309726+00:00,True
2026-09-30 23:00:00,52.6,109.0,503.0,19.4,14.9,76.0,114.0,61.0,Uttar Pradesh,Lucknow,26.8467,80.9462,State Representative,2026-09-30T12:29:37.309726+00:00,True
2026-10-01 00:00:00,53.4,115.3,485.0,18.9,14.4,73.0,115.0,62.0,Uttar Pradesh,Lucknow,26.8467,80.9462,State Representative,2026-09-30T12:29:37.309726+00:00,True
2026-10-01 01:00:00,54.9,122.0,469.0,18.2,13.8,70.0,117.0,62.0,Uttar Pradesh,Lucknow,26.8467,80.9462,State Representative,2026-09-30T12:29:37.309726+00:00,True
2026-10-01 02:00:00,56.7,126.2,461.0,17.8,13.5,68.0,119.0,63.0,Uttar Pradesh,Lucknow,26.8467,80.9462,State Representative,2026-09-30T12:29:37.309726+00:00,True
2026-10-01 03:00:00,58.1,127.6,461.0,18.0,13.5,63.0,121.0,64.0,Uttar Pradesh,Lucknow,26.8467,80.9462,State Representative,2026-09-30T12:29:37.309726+00:00,True
2026-10-01 04:00:00,59.5,128.1,468.0,18.5,13.6,59.0,124.0,65.0,Uttar Pradesh,Lucknow,26.8467,80.9462,State Representative,2026-09-30T12:29:37.309726+00:00,True
2026-10-01 05:00:00,61.7,129.9,484.0,18.3,14.1,60.0,127.0,66.0,Uttar Pradesh,Lucknow,26.8467,80.9462,State Representative,2026-09-30T12:29:37.309726+00:00,True
2026-10-01 06:00:00,65.4,133.6,523.0,17.0,15.0,69.0,131.0,68.0,Uttar Pradesh,Lucknow,26.8467,80.9462,State Representative,2026-09-30T12:29:37.309726+00:00,True
2026-10-01 07:00:00,65.2,123.9,572.0,15.0,16.1,83.0,134.0,68.0,Uttar Pradesh,Lucknow,26.8467,80.9462,State Representative,2026-09-30T12:29:37.309726+00:00,True
2026-10-01 08:00:00,69.2,164.4,589.0,12.5,17.2,102.0,137.0,72.0,Uttar Pradesh,Lucknow,26.8467,80.9462,State Representative,2026-09-30T12:29:37.309726+00:00,True
2026-10-01 09:00:00,80.1,241.2,546.0,9.2,18.5,128.0,139.0,92.0,Uttar Pradesh,Lucknow,26.8467,80.9462,State Representative,2026-09-30T12:29:37.309726+00:00,True
2026-10-01 10:00:00,85.7,310.1,471.0,5.4,19.8,159.0,141.0,111.0,Uttar Pradesh,Lucknow,26.8467,80.9462,State Representative,2026-09-30T12:29:37.309726+00:00,True
2026-10-01 11:00:00,78.0,272.9,414.0,2.7,20.2,181.0,144.0,101.0,Uttar Pradesh,Lucknow,26.8467,80.9462,State Representative,2026-09-30T12:29:37.309726+00:00,True
2026-10-01 12:00:00,66.4,210.5,389.0,1.4,19.0,191.0,147.0,111.0,Uttar Pradesh,Lucknow,26.8467,80.9462,State Representative,2026-09-30T12:29:37.309726+00:00,True
2026-10-01 13:00:00,55.1,158.3,382.0,1.3,16.9,192.0,150.0,112.0,Uttar Pradesh,Lucknow,26.8467,80.9462,State Representative,2026-09-30T12:29:37.309726+00:00,True
2026-10-01 14:00:00,48.4,122.5,397.0,2.5,15.2,186.0,151.0,106.0,Uttar Pradesh,Lucknow,26.8467,80.9462,State Representative,2026-09-30T12:29:37.309726+00:00,True
2026-10-01 15:00:00,45.2,99.4,445.0,5.6,14.2,170.0,151.0,90.0,Uttar Pradesh,Lucknow,26.8467,80.9462,State Representative,2026-09-30T12:29:37.309726+00:00,True
2026-10-01 16:00:00,45.8,82.4,516.0,10.0,13.7,148.0,151.0,74.0,Uttar Pradesh,Lucknow,26.8467,80.9462,State Representative,2026-09-30T12:29:37.309726+00:00,True
2026-10-01 17:00:00,49.0,78.5,574.0,15.1,14.1,126.0,154.0,63.0,Uttar Pradesh,Lucknow,26.8467,80.9462,State Representative,2026-09-30T12:29:37.309726+00:00,True
2026-10-01 18:00:00,55.3,84.5,605.0,21.3,16.2,107.0,153.0,63.0,Uttar Pradesh,Lucknow,26.8467,80.9462,State Representative,2026-09-30T12:29:37.309726+00:00,True
2026-10-01 19:00:00,60.5,89.2,624.0,28.1,19.1,90.0,152.0,65.0,Uttar Pradesh,Lucknow,26.8467,80.9462,State Representative,2026-09-30T12:29:37.309726+00:00,True
2026-10-01 20:00:00,63.6,92.7,647.0,33.0,21.0,75.0,153.0,67.0,Uttar Pradesh,Lucknow,26.8467,80.9462,State Representative,2026-09-30T12:29:37.309726+00:00,True
2026-10-01 21:00:00,66.8,97.1,689.0,34.8,20.9,64.0,153.0,68.0,Uttar Pradesh,Lucknow,26.8467,80.9462,State Representative,2026-09-30T12:29:37.309726+00:00,True
2026-10-01 22:00:00,68.5,99.9,735.0,34.8,19.9,55.0,153.0,69.0,Uttar Pradesh,Lucknow,26.8467,80.9462,State Representative,2026-09-30T12:29:37.309726+00:00,True
2026-10-01 23:00:00,68.0,101.7,757.0,33.9,18.6,49.0,154.0,69.0,Uttar Pradesh,Lucknow,26.8467,80.9462,State Representative,2026-09-30T12:29:37.309726+00:00,True
2026-10-02 00:00:00,67.3,104.3,739.0,32.0,17.3,46.0,154.0,69.0,Uttar Pradesh,Lucknow,26.8467,80.9462,State Representative,2026-09-30T12:29:37.309726+00:00,True
2026-10-02 01:00:00,67.3,107.8,697.0,29.3,15.8,44.0,155.0,69.0,Uttar Pradesh,Lucknow,26.8467,80.9462,State Representative,2026-09-30T12:29:37.309726+00:00,True
2026-10-02 02:00:00,67.5,111.8,651.0,27.3,14.7,43.0,155.0,69.0,Uttar Pradesh,Lucknow,26.8467,80.9462,State Representative,2026-09-30T12:29:37.309726+00:00,True
2026-10-02 03:00:00,68.0,116.4,602.0,27.1,14.1,38.0,156.0,69.0,Uttar Pradesh,Lucknow,26.8467,80.9462,State Representative,2026-09-30T12:29:37.309726+00:00,True
2026-10-02 04:00:00,68.5,121.1,549.0,27.7,13.7,33.0,156.0,69.0,Uttar Pradesh,Lucknow,26.8467,80.9462,State Representative,2026-09-30T12:29:37.309726+00:00,True
2026-10-02 05:00:00,69.4,125.7,512.0,27.1,13.6,34.0,156.0,70.0,Uttar Pradesh,Lucknow,26.8467,80.9462,State Representative,2026-09-30T12:29:37.309726+00:00,True
2026-10-02 06:00:00,72.4,130.4,511.0,24.6,13.6,44.0,156.0,71.0,Uttar Pradesh,Lucknow,26.8467,80.9462,State Representative,2026-09-30T12:29:37.309726+00:00,True
2026-10-02 07:00:00,70.8,119.7,527.0,21.1,13.8,60.0,157.0,70.0,Uttar Pradesh,Lucknow,26.8467,80.9462,State Representative,2026-09-30T12:29:37.309726+00:00,True
2026-10-02 08:00:00,69.8,133.2,520.0,17.1,14.5,83.0,157.0,70.0,Uttar Pradesh,Lucknow,26.8467,80.9462,State Representative,2026-09-30T12:29:37.309726+00:00,True
2026-10-02 09:00:00,73.3,158.8,466.0,12.2,16.2,119.0,157.0,72.0,Uttar Pradesh,Lucknow,26.8467,80.9462,State Representative,2026-09-30T12:29:37.309726+00:00,True
2026-10-02 10:00:00,73.1,172.8,390.0,6.9,18.4,161.0,157.0,81.0,Uttar Pradesh,Lucknow,26.8467,80.9462,State Representative,2026-09-30T12:29:37.309726+00:00,True
2026-10-02 11:00:00,76.6,224.0,328.0,3.1,19.5,191.0,156.0,111.0,Uttar Pradesh,Lucknow,26.8467,80.9462,State Representative,2026-09-30T12:29:37.309726+00:00,True
2026-10-02 12:00:00,72.2,216.5,288.0,1.4,18.3,199.0,156.0,119.0,Uttar Pradesh,Lucknow,26.8467,80.9462,State Representative,2026-09-30T12:29:37.309726+00:00,True
2026-10-02 13:00:00,64.0,179.7,262.0,1.2,16.0,195.0,156.0,115.0,Uttar Pradesh,Lucknow,26.8467,80.9462,State Representative,2026-09-30T12:29:37.309726+00:00,True
2026-10-02 14:00:00,58.1,152.7,266.0,2.6,14.2,184.0,157.0,104.0,Uttar Pradesh,Lucknow,26.8467,80.9462,State Representative,2026-09-30T12:29:37.309726+00:00,True
2026-10-02 15:00:00,54.1,124.3,320.0,6.2,13.5,167.0,157.0,87.0,Uttar Pradesh,Lucknow,26.8467,80.9462,State Representative,2026-09-30T12:29:37.309726+00:00,True
2026-10-02 16:00:00,55.4,106.2,404.0,11.5,13.4,144.0,157.0,72.0,Uttar Pradesh,Lucknow,26.8467,80.9462,State Representative,2026-09-30T12:29:37.309726+00:00,True
2026-10-02 17:00:00,59.1,100.8,471.0,16.5,13.9,122.0,157.0,65.0,Uttar Pradesh,Lucknow,26.8467,80.9462,State Representative,2026-09-30T12:29:37.309726+00:00,True
2026-10-02 18:00:00,64.5,102.9,507.0,21.2,15.4,104.0,158.0,67.0,Uttar Pradesh,Lucknow,26.8467,80.9462,State Representative,2026-09-30T12:29:37.309726+00:00,True
2026-10-02 19:00:00,67.8,102.0,525.0,25.8,17.6,88.0,158.0,69.0,Uttar Pradesh,Lucknow,26.8467,80.9462,State Representative,2026-09-30T12:29:37.309726+00:00,True
2026-10-02 20:00:00,68.9,100.8,522.0,28.6,18.8,75.0,158.0,69.0,Uttar Pradesh,Lucknow,26.8467,80.9462,State Representative,2026-09-30T12:29:37.309726+00:00,True
2026-10-02 21:00:00,68.5,100.1,485.0,28.6,18.4,67.0,158.0,69.0,Uttar Pradesh,Lucknow,26.8467,80.9462,State Representative,2026-09-30T12:29:37.309726+00:00,True
2026-10-02 22:00:00,67.1,99.4,425.0,26.9,17.2,63.0,158.0,69.0,Uttar Pradesh,Lucknow,26.8467,80.9462,State Representative,2026-09-30T12:29:37.309726+00:00,True
2026-10-02 23:00:00,65.0,99.7,379.0,25.3,15.9,59.0,158.0,68.0,Uttar Pradesh,Lucknow,26.8467,80.9462,State Representative,2026-09-30T12:29:37.309726+00:00,True
2026-10-03 00:00:00,62.6,99.9,360.0,24.4,14.7,54.0,158.0,66.0,Uttar Pradesh,Lucknow,26.8467,80.9462,State Representative,2026-09-30T12:29:37.309726+00:00,True
2026-10-03 01:00:00,61.0,100.6,355.0,23.7,13.5,49.0,158.0,66.0,Uttar Pradesh,Lucknow,26.8467,80.9462,State Representative,2026-09-30T12:29:37.309726+00:00,True
2026-10-03 02:00:00,59.3,100.4,349.0,23.2,12.4,45.0,158.0,65.0,Uttar Pradesh,Lucknow,26.8467,80.9462,State Representative,2026-09-30T12:29:37.309726+00:00,True
2026-10-03 03:00:00,57.4,98.0,338.0,23.4,11.6,39.0,158.0,64.0,Uttar Pradesh,Lucknow,26.8467,80.9462,State Representative,2026-09-30T12:29:37.309726+00:00,True
2026-10-03 04:00:00,55.2,94.1,326.0,23.8,11.1,33.0,157.0,63.0,Uttar Pradesh,Lucknow,26.8467,80.9462,State Representative,2026-09-30T12:29:37.309726+00:00,True
2026-10-03 05:00:00,53.0,88.7,323.0,23.2,10.6,33.0,157.0,62.0,Uttar Pradesh,Lucknow,26.8467,80.9462,State Representative,2026-09-30T12:29:37.309726+00:00,True
2026-10-03 06:00:00,51.6,82.9,335.0,21.1,10.2,39.0,156.0,61.0,Uttar Pradesh,Lucknow,26.8467,80.9462,State Representative,2026-09-30T12:29:37.309726+00:00,True
2026-10-03 07:00:00,48.3,72.2,355.0,18.0,9.8,50.0,156.0,59.0,Uttar Pradesh,Lucknow,26.8467,80.9462,State Representative,2026-09-30T12:29:37.309726+00:00,True
2026-10-03 08:00:00,45.9,72.6,365.0,14.7,9.9,69.0,155.0,58.0,Uttar Pradesh,Lucknow,26.8467,80.9462,State Representative,2026-09-30T12:29:37.309726+00:00,True
2026-10-03 09:00:00,45.2,78.7,357.0,11.0,10.6,102.0,154.0,57.0,Uttar Pradesh,Lucknow,26.8467,80.9462,State Representative,2026-09-30T12:29:37.309726+00:00,True
2026-10-03 10:00:00,50.6,108.3,339.0,7.0,11.8,143.0,154.0,72.0,Uttar Pradesh,Lucknow,26.8467,80.9462,State Representative,2026-09-30T12:29:37.309726+00:00,True
2026-10-03 11:00:00,61.7,166.2,322.0,4.0,12.8,173.0,153.0,93.0,Uttar Pradesh,Lucknow,26.8467,80.9462,State Representative,2026-09-30T12:29:37.309726+00:00,True
2026-10-03 12:00:00,70.3,214.2,302.0,2.3,13.5,185.0,153.0,105.0,Uttar Pradesh,Lucknow,26.8467,80.9462,State Representative,2026-09-30T12:29:37.309726+00:00,True
2026-10-03 13:00:00,69.6,199.3,282.0,1.7,14.1,186.0,152.0,106.0,Uttar Pradesh,Lucknow,26.8467,80.9462,State Representative,2026-09-30T12:29:37.309726+00:00,True
2026-10-03 14:00:00,64.0,162.1,280.0,2.6,14.4,179.0,153.0,99.0,Uttar Pradesh,Lucknow,26.8467,80.9462,State Representative,2026-09-30T12:29:37.309726+00:00,True
2026-10-03 15:00:00,58.9,131.8,313.0,5.7,14.1,163.0,153.0,83.0,Uttar Pradesh,Lucknow,26.8467,80.9462,State Representative,2026-09-30T12:29:37.309726+00:00,True
2026-10-03 16:00:00,57.7,106.6,363.0,10.4,13.5,139.0,153.0,70.0,Uttar Pradesh,Lucknow,26.8467,80.9462,State Representative,2026-09-30T12:29:37.309726+00:00,True
2026-10-03 17:00:00,60.1,99.0,393.0,15.0,13.3,117.0,153.0,65.0,Uttar Pradesh,Lucknow,26.8467,80.9462,State Representative,2026-09-30T12:29:37.309726+00:00,True
2026-10-03 18:00:00,63.3,99.0,382.0,19.3,14.1,99.0,153.0,67.0,Uttar Pradesh,Lucknow,26.8467,80.9462,State Representative,2026-09-30T12:29:37.309726+00:00,True
2026-10-03 19:00:00,65.0,97.6,351.0,23.5,15.4,83.0,153.0,68.0,Uttar Pradesh,Lucknow,26.8467,80.9462,State Representative,2026-09-30T12:29:37.309726+00:00,True
2026-10-03 20:00:00,63.6,94.3,331.0,26.4,16.0,70.0,153.0,67.0,Uttar Pradesh,Lucknow,26.8467,80.9462,State Representative,2026-09-30T12:29:37.309726+00:00,True
2026-10-03 21:00:00,61.0,92.7,336.0,27.0,15.4,62.0,153.0,66.0,Uttar Pradesh,Lucknow,26.8467,80.9462,State Representative,2026-09-30T12:29:37.309726+00:00,True
2026-10-03 22:00:00,58.9,92.0,352.0,26.3,14.1,58.0,153.0,64.0,Uttar Pradesh,Lucknow,26.8467,80.9462,State Representative,2026-09-30T12:29:37.309726+00:00,True
2026-10-03 23:00:00,56.8,91.3,361.0,25.5,12.9,54.0,152.0,63.0,Uttar Pradesh,Lucknow,26.8467,80.9462,State Representative,2026-09-30T12:29:37.309726+00:00,True
2026-10-04 00:00:00,54.6,89.4,359.0,25.0,11.8,49.0,152.0,62.0,Uttar Pradesh,Lucknow,26.8467,80.9462,State Representative,2026-09-30T12:29:37.309726+00:00,True
2026-10-04 01:00:00,51.6,84.1,351.0,24.5,10.7,44.0,152.0,61.0,Uttar Pradesh,Lucknow,26.8467,80.9462,State Representative,2026-09-30T12:29:37.309726+00:00,True
2026-10-04 02:00:00,47.4,74.5,335.0,23.8,9.8,40.0,152.0,59.0,Uttar Pradesh,Lucknow,26.8467,80.9462,State Representative,2026-09-30T12:29:37.309726+00:00,True
2026-10-04 03:00:00,42.4,63.6,299.0,23.2,9.1,36.0,151.0,56.0,Uttar Pradesh,Lucknow,26.8467,80.9462,State Representative,2026-09-30T12:29:37.309726+00:00,True
2026-10-04 04:00:00,37.5,52.6,254.0,22.4,8.5,33.0,151.0,53.0,Uttar Pradesh,Lucknow,26.8467,80.9462,State Representative,2026-09-30T12:29:37.309726+00:00,True
2026-10-04 05:00:00,33.5,44.2,259.5,20.8,8.1,34.0,150.0,51.0,Uttar Pradesh,Lucknow,26.8467,80.9462,State Representative,2026-09-30T12:29:37.309726+00:00,True
2026-10-04 06:00:00,31.3,39.2,277.0,17.9,8.0,41.0,149.0,49.0,Uttar Pradesh,Lucknow,26.8467,80.9462,State Representative,2026-09-30T12:29:37.309726+00:00,True
2026-10-04 07:00:00,30.3,36.3,298.5,14.2,8.1,52.0,147.0,49.0,Uttar Pradesh,Lucknow,26.8467,80.9462,State Representative,2026-09-30T12:29:37.309726+00:00,True
2026-10-04 08:00:00,27.6,34.9,311.0,10.8,8.2,68.0,145.0,47.0,Uttar Pradesh,Lucknow,26.8467,80.9462,State Representative,2026-09-30T12:29:37.309726+00:00,True
2026-10-04 09:00:00,26.1,35.3,291.0,7.8,8.1,92.0,143.0,46.0,Uttar Pradesh,Lucknow,26.8467,80.9462,State Representative,2026-09-30T12:29:37.309726+00:00,True
2026-10-04 10:00:00,25.8,37.3,267.0,5.0,8.1,120.0,141.0,60.0,Uttar Pradesh,Lucknow,26.8467,80.9462,State Representative,2026-09-30T12:29:37.309726+00:00,True
2026-10-04 11:00:00,26.3,41.1,250.0,3.0,8.0,141.0,138.0,71.0,Uttar Pradesh,Lucknow,26.8467,80.9462,State Representative,2026-09-30T12:29:37.309726+00:00,True
2026-10-04 12:00:00,27.8,48.7,241.0,1.8,7.9,152.0,135.0,76.0,Uttar Pradesh,Lucknow,26.8467,80.9462,State Representative,2026-09-30T12:29:37.309726+00:00,True
2026-10-04 13:00:00,30.2,58.1,238.0,1.5,7.9,157.0,130.0,79.0,Uttar Pradesh,Lucknow,26.8467,80.9462,State Representative,2026-09-30T12:29:37.309726+00:00,True
2026-10-04 14:00:00,31.7,63.1,246.0,2.5,8.0,154.0,126.0,77.0,Uttar Pradesh,Lucknow,26.8467,80.9462,State Representative,2026-09-30T12:29:37.309726+00:00,True
2026-10-04 15:00:00,32.1,64.0,266.0,5.3,8.1,141.0,123.0,71.0,Uttar Pradesh,Lucknow,26.8467,80.9462,State Representative,2026-09-30T12:29:37.309726+00:00,True
2026-10-04 16:00:00,32.6,56.1,295.0,9.6,8.3,121.0,120.0,61.0,Uttar Pradesh,Lucknow,26.8467,80.9462,State Representative,2026-09-30T12:29:37.309726+00:00,True
2026-10-04 17:00:00,37.3,57.3,336.0,14.4,9.3,102.0,117.0,53.0,Uttar Pradesh,Lucknow,26.8467,80.9462,State Representative,2026-09-30T12:29:37.309726+00:00,True
2026-10-04 18:00:00,44.6,64.5,395.0,20.0,11.7,86.0,115.0,57.0,Uttar Pradesh,Lucknow,26.8467,80.9462,State Representative,2026-09-30T12:29:37.309726+00:00,True
2026-10-04 19:00:00,50.3,67.5,464.0,26.3,14.9,70.0,113.0,60.0,Uttar Pradesh,Lucknow,26.8467,80.9462,State Representative,2026-09-30T12:29:37.309726+00:00,True
2026-10-04 20:00:00,51.8,68.0,521.0,31.7,17.4,57.0,111.0,61.0,Uttar Pradesh,Lucknow,26.8467,80.9462,State Representative,2026-09-30T12:29:37.309726+00:00,True
2026-10-04 21:00:00,56.1,73.6,559.0,36.0,19.0,48.0,110.0,63.0,Uttar Pradesh,Lucknow,26.8467,80.9462,State Representative,2026-09-30T12:29:37.309726+00:00,True
2026-10-04 22:00:00,61.5,81.5,586.0,39.5,19.9,42.0,110.0,66.0,Uttar Pradesh,Lucknow,26.8467,80.9462,State Representative,2026-09-30T12:29:37.309726+00:00,True
2026-10-04 23:00:00,63.1,85.7,601.0,41.9,19.9,36.0,110.0,67.0,Uttar Pradesh,Lucknow,26.8467,80.9462,State Representative,2026-09-30T12:29:37.309726+00:00,True
2026-10-05 00:00:00,62.6,87.3,603.0,42.9,18.5,29.0,111.0,66.0,Uttar Pradesh,Lucknow,26.8467,80.9462,State Representative,2026-09-30T12:29:37.309726+00:00,True
2026-10-05 01:00:00,61.9,87.5,593.0,42.9,16.2,23.0,111.0,66.0,Uttar Pradesh,Lucknow,26.8467,80.9462,State Representative,2026-09-30T12:29:37.309726+00:00,True
2026-10-05 02:00:00,60.1,86.6,581.0,42.2,14.2,18.0,112.0,65.0,Uttar Pradesh,Lucknow,26.8467,80.9462,State Representative,2026-09-30T12:29:37.309726+00:00,True
2026-10-05 03:00:00,57.4,83.8,566.0,40.7,12.9,15.0,114.0,64.0,Uttar Pradesh,Lucknow,26.8467,80.9462,State Representative,2026-09-30T12:29:37.309726+00:00,True
2026-10-05 04:00:00,54.6,80.6,549.0,38.5,12.0,13.0,115.0,62.0,Uttar Pradesh,Lucknow,26.8467,80.9462,State Representative,2026-09-30T12:29:37.309726+00:00,True
2026-10-05 05:00:00,52.0,76.6,537.0,36.9,11.4,12.0,117.0,61.0,Uttar Pradesh,Lucknow,26.8467,80.9462,State Representative,2026-09-30T12:29:37.309726+00:00,True
2026-10-05 06:00:00,,,,,,,119.0,,Uttar Pradesh,Lucknow,26.8467,80.9462,State Representative,2026-09-30T12:29:37.309726+00:00,False
2026-10-05 07:00:00,,,,,,,,,Uttar Pradesh,Lucknow,26.8467,80.9462,State Representative,2026-09-30T12:29:37.309726+00:00,False
2026-10-05 08:00:00,,,,,,,,,Uttar Pradesh,Lucknow,26.8467,80.9462,State Representative,2026-09-30T12:29:37.309726+00:00,False
2026-10-05 09:00:00,,,,,,,,,Uttar Pradesh,Lucknow,26.8467,80.9462,State Representative,2026-09-30T12:29:37.309726+00:00,False
2026-10-05 10:00:00,,,,,,,,,Uttar Pradesh,Lucknow,26.8467,80.9462,State Representative,2026-09-30T12:29:37.309726+00:00,False
2026-10-05 11:00:00,,,,,,,,,Uttar Pradesh,Lucknow,26.8467,80.9462,State Representative,2026-09-30T12:29:37.309726+00:00,False
2026-10-05 12:00:00,,,,,,,,,Uttar Pradesh,Lucknow,26.8467,80.9462,State Representative,2026-09-30T12:29:37.309726+00:00,False
2026-10-05 13:00:00,,,,,,,,,Uttar Pradesh,Lucknow,26.8467,80.9462,State Representative,2026-09-30T12:29:37.309726+00:00,False
2026-10-05 14:00:00,,,,,,,,,Uttar Pradesh,Lucknow,26.8467,80.9462,State Representative,2026-09-30T12:29:37.309726+00:00,False
2026-10-05 15:00:00,,,,,,,,,Uttar Pradesh,Lucknow,26.8467,80.9462,State Representative,2026-09-30T12:29:37.309726+00:00,False
2026-10-05 16:00:00,,,,,,,,,Uttar Pradesh,Lucknow,26.8467,80.9462,State Representative,2026-09-30T12:29:37.309726+00:00,False
2026-10-05 17:00:00,,,,,,,,,Uttar Pradesh,Lucknow,26.8467,80.9462,State Representative,2026-09-30T12:29:37.309726+00:00,False
2026-10-05 18:00:00,,,,,,,,,Uttar Pradesh,Lucknow,26.8467,80.9462,State Representative,2026-09-30T12:29:37.309726+00:00,False
2026-10-05 19:00:00,,,,,,,,,Uttar Pradesh,Lucknow,26.8467,80.9462,State Representative,2026-09-30T12:29:37.309726+00:00,False
2026-10-05 20:00:00,,,,,,,,,Uttar Pradesh,Lucknow,26.8467,80.9462,State Representative,2026-09-30T12:29:37.309726+00:00,False
2026-10-05 21:00:00,,,,,,,,,Uttar Pradesh,Lucknow,26.8467,80.9462,State Representative,2026-09-30T12:29:37.309726+00:00,False
2026-10-05 22:00:00,,,,,,,,,Uttar Pradesh,Lucknow,26.8467,80.9462,State Representative,2026-09-30T12:29:37.309726+00:00,False
2026-10-05 23:00:00,,,,,,,,,Uttar Pradesh,Lucknow,26.8467,80.9462,State Representative,2026-09-30T12:29:37.309726+00:00,False
2026-10-06 00:00:00,,,,,,,,,Uttar Pradesh,Lucknow,26.8467,80.9462,State Representative,2026-09-30T12:29:37.309726+00:00,False
2026-10-06 01:00:00,,,,,,,,,Uttar Pradesh,Lucknow,26.8467,80.9462,State Representative,2026-09-30T12:29:37.309726+00:00,False
2026-10-06 02:00:00,,,,,,,,,Uttar Pradesh,Lucknow,26.8467,80.9462,State Representative,2026-09-30T12:29:37.309726+00:00,False
2026-10-06 03:00:00,,,,,,,,,Uttar Pradesh,Lucknow,26.8467,80.9462,State Representative,2026-09-30T12:29:37.309726+00:00,False
2026-10-06 04:00:00,,,,,,,,,Uttar Pradesh,Lucknow,26.8467,80.9462,State Representative,2026-09-30T12:29:37.309726+00:00,False
2026-10-06 05:00:00,,,,,,,,,Uttar Pradesh,Lucknow,26.8467,80.9462,State Representative,2026-09-30T12:29:37.309726+00:00,False
2026-10-06 06:00:00,,,,,,,,,Uttar Pradesh,Lucknow,26.8467,80.9462,State Representative,2026-09-30T12:29:37.309726+00:00,False
2026-10-06 07:00:00,,,,,,,,,Uttar Pradesh,Lucknow,26.8467,80.9462,State Representative,2026-09-30T12:29:37.309726+00:00,False
2026-10-06 08:00:00,,,,,,,,,Uttar Pradesh,Lucknow,26.8467,80.9462,State Representative,2026-09-30T12:29:37.309726+00:00,False
2026-10-06 09:00:00,,,,,,,,,Uttar Pradesh,Lucknow,26.8467,80.9462,State Representative,2026-09-30T12:29:37.309726+00:00,False
2026-10-06 10:00:00,,,,,,,,,Uttar Pradesh,Lucknow,26.8467,80.9462,State Representative,2026-09-30T12:29:37.309726+00:00,False
2026-10-06 11:00:00,,,,,,,,,Uttar Pradesh,Lucknow,26.8467,80.9462,State Representative,2026-09-30T12:29:37.309726+00:00,False
2026-10-06 12:00:00,,,,,,,,,Uttar Pradesh,Lucknow,26.8467,80.9462,State Representative,2026-09-30T12:29:37.309726+00:00,False
2026-10-06 13:00:00,,,,,,,,,Uttar Pradesh,Lucknow,26.8467,80.9462,State Representative,2026-09-30T12:29:37.309726+00:00,False
2026-10-06 14:00:00,,,,,,,,,Uttar Pradesh,Lucknow,26.8467,80.9462,State Representative,2026-09-30T12:29:37.309726+00:00,False
2026-10-06 15:00:00,,,,,,,,,Uttar Pradesh,Lucknow,26.8467,80.9462,State Representative,2026-09-30T12:29:37.309726+00:00,False
2026-10-06 16:00:00,,,,,,,,,Uttar Pradesh,Lucknow,26.8467,80.9462,State Representative,2026-09-30T12:29:37.309726+00:00,False
2026-10-06 17:00:00,,,,,,,,,Uttar Pradesh,Lucknow,26.8467,80.9462,State Representative,2026-09-30T12:29:37.309726+00:00,False
2026-10-06 18:00:00,,,,,,,,,Uttar Pradesh,Lucknow,26.8467,80.9462,State Representative,2026-09-30T12:29:37.309726+00:00,False
2026-10-06 19:00:00,,,,,,,,,Uttar Pradesh,Lucknow,26.8467,80.9462,State Representative,2026-09-30T12:29:37.309726+00:00,False
2026-10-06 20:00:00,,,,,,,,,Uttar Pradesh,Lucknow,26.8467,80.9462,State Representative,2026-09-30T12:29:37.309726+00:00,False
2026-10-06 21:00:00,,,,,,,,,Uttar Pradesh,Lucknow,26.8467,80.9462,State Representative,2026-09-30T12:29:37.309726+00:00,False
2026-10-06 22:00:00,,,,,,,,,Uttar Pradesh,Lucknow,26.8467,80.9462,State Representative,2026-09-30T12:29:37.309726+00:00,False
2026-10-06 23:00:00,,,,,,,,,Uttar Pradesh,Lucknow,26.8467,80.9462,State Representative,2026-09-30T12:29:37.309726+00:00,False
2026-09-30 00:00:00,27.0,27.1,447.0,38.7,13.2,61.0,62.0,48.0,Uttarakhand,Dehradun,30.3165,78.0322,State Representative,2026-09-30T12:29:37.992291+00:00,True
2026-09-30 01:00:00,26.4,26.5,410.0,38.3,11.5,51.0,63.0,48.0,Uttarakhand,Dehradun,30.3165,78.0322,State Representative,2026-09-30T12:29:37.992291+00:00,True
2026-09-30 02:00:00,24.5,24.7,383.0,37.1,9.8,43.0,64.0,47.0,Uttarakhand,Dehradun,30.3165,78.0322,State Representative,2026-09-30T12:29:37.992291+00:00,True
2026-09-30 03:00:00,22.8,22.9,375.0,35.5,8.2,33.0,65.0,46.0,Uttarakhand,Dehradun,30.3165,78.0322,State Representative,2026-09-30T12:29:37.992291+00:00,True
2026-09-30 04:00:00,21.9,22.1,377.0,33.0,6.5,24.0,66.0,45.0,Uttarakhand,Dehradun,30.3165,78.0322,State Representative,2026-09-30T12:29:37.992291+00:00,True
2026-09-30 05:00:00,21.8,25.8,381.0,29.7,7.2,27.0,66.0,44.0,Uttarakhand,Dehradun,30.3165,78.0322,State Representative,2026-09-30T12:29:37.992291+00:00,True
2026-09-30 06:00:00,19.4,21.1,389.0,24.2,6.5,45.0,67.0,43.0,Uttarakhand,Dehradun,30.3165,78.0322,State Representative,2026-09-30T12:29:37.992291+00:00,True
2026-09-30 07:00:00,13.2,14.3,399.0,16.4,5.6,70.0,67.0,36.0,Uttarakhand,Dehradun,30.3165,78.0322,State Representative,2026-09-30T12:29:37.992291+00:00,True
2026-09-30 08:00:00,10.7,11.4,398.0,10.0,5.3,95.0,68.0,38.0,Uttarakhand,Dehradun,30.3165,78.0322,State Representative,2026-09-30T12:29:37.992291+00:00,True
2026-09-30 09:00:00,10.2,11.1,375.0,6.2,6.2,119.0,68.0,59.0,Uttarakhand,Dehradun,30.3165,78.0322,State Representative,2026-09-30T12:29:37.992291+00:00,True
2026-09-30 10:00:00,11.5,13.4,341.0,3.7,7.7,143.0,68.0,72.0,Uttarakhand,Dehradun,30.3165,78.0322,State Representative,2026-09-30T12:29:37.992291+00:00,True
2026-09-30 11:00:00,13.2,16.1,319.0,2.1,8.8,161.0,68.0,81.0,Uttarakhand,Dehradun,30.3165,78.0322,State Representative,2026-09-30T12:29:37.992291+00:00,True
2026-09-30 12:00:00,15.0,18.4,317.0,1.3,9.1,171.0,68.0,91.0,Uttarakhand,Dehradun,30.3165,78.0322,State Representative,2026-09-30T12:29:37.992291+00:00,True
2026-09-30 13:00:00,16.9,20.3,327.0,1.4,8.9,175.0,69.0,95.0,Uttarakhand,Dehradun,30.3165,78.0322,State Representative,2026-09-30T12:29:37.992291+00:00,True
2026-09-30 14:00:00,18.6,21.8,349.0,2.1,9.0,177.0,75.0,97.0,Uttarakhand,Dehradun,30.3165,78.0322,State Representative,2026-09-30T12:29:37.992291+00:00,True
2026-09-30 15:00:00,20.9,24.2,383.0,2.6,9.3,178.0,103.0,98.0,Uttarakhand,Dehradun,30.3165,78.0322,State Representative,2026-09-30T12:29:37.992291+00:00,True
2026-09-30 16:00:00,24.3,28.1,429.0,3.6,9.8,176.0,126.0,96.0,Uttarakhand,Dehradun,30.3165,78.0322,State Representative,2026-09-30T12:29:37.992291+00:00,True
2026-09-30 17:00:00,26.4,30.4,481.0,7.3,10.8,169.0,143.0,89.0,Uttarakhand,Dehradun,30.3165,78.0322,State Representative,2026-09-30T12:29:37.992291+00:00,True
2026-09-30 18:00:00,29.9,33.8,546.0,16.3,12.8,154.0,153.0,77.0,Uttarakhand,Dehradun,30.3165,78.0322,State Representative,2026-09-30T12:29:37.992291+00:00,True
2026-09-30 19:00:00,38.9,43.4,618.0,28.0,15.2,135.0,154.0,68.0,Uttarakhand,Dehradun,30.3165,78.0322,State Representative,2026-09-30T12:29:37.992291+00:00,True
2026-09-30 20:00:00,45.2,50.3,675.0,36.2,17.0,119.0,150.0,59.0,Uttarakhand,Dehradun,30.3165,78.0322,State Representative,2026-09-30T12:29:37.992291+00:00,True
2026-09-30 21:00:00,47.1,52.5,713.0,37.7,17.9,113.0,139.0,58.0,Uttarakhand,Dehradun,30.3165,78.0322,State Representative,2026-09-30T12:29:37.992291+00:00,True
2026-09-30 22:00:00,47.6,53.6,736.0,35.8,18.1,110.0,126.0,59.0,Uttarakhand,Dehradun,30.3165,78.0322,State Representative,2026-09-30T12:29:37.992291+00:00,True
2026-09-30 23:00:00,48.7,53.8,730.0,34.3,17.5,103.0,112.0,59.0,Uttarakhand,Dehradun,30.3165,78.0322,State Representative,2026-09-30T12:29:37.992291+00:00,True
2026-10-01 00:00:00,46.8,50.5,677.0,35.0,15.8,87.0,96.0,58.0,Uttarakhand,Dehradun,30.3165,78.0322,State Representative,2026-09-30T12:29:37.992291+00:00,True
2026-10-01 01:00:00,43.5,46.1,595.0,36.0,13.3,67.0,82.0,56.0,Uttarakhand,Dehradun,30.3165,78.0322,State Representative,2026-09-30T12:29:37.992291+00:00,True
2026-10-01 02:00:00,39.3,41.1,521.0,36.2,10.9,50.0,83.0,54.0,Uttarakhand,Dehradun,30.3165,78.0322,State Representative,2026-09-30T12:29:37.992291+00:00,True
2026-10-01 03:00:00,34.8,36.0,463.0,35.1,8.7,35.0,84.0,51.0,Uttarakhand,Dehradun,30.3165,78.0322,State Representative,2026-09-30T12:29:37.992291+00:00,True
2026-10-01 04:00:00,29.6,30.5,414.0,33.1,6.6,24.0,85.0,48.0,Uttarakhand,Dehradun,30.3165,78.0322,State Representative,2026-09-30T12:29:37.992291+00:00,True
2026-10-01 05:00:00,24.5,25.1,384.0,29.7,5.1,22.0,86.0,45.0,Uttarakhand,Dehradun,30.3165,78.0322,State Representative,2026-09-30T12:29:37.992291+00:00,True
2026-10-01 06:00:00,20.8,21.3,389.0,24.0,4.1,35.0,86.0,43.0,Uttarakhand,Dehradun,30.3165,78.0322,State Representative,2026-09-30T12:29:37.992291+00:00,True
2026-10-01 07:00:00,15.9,16.3,415.0,16.9,3.7,59.0,86.0,41.0,Uttarakhand,Dehradun,30.3165,78.0322,State Representative,2026-09-30T12:29:37.992291+00:00,True
2026-10-01 08:00:00,14.3,14.8,427.0,10.9,4.1,85.0,87.0,39.0,Uttarakhand,Dehradun,30.3165,78.0322,State Representative,2026-09-30T12:29:37.992291+00:00,True
2026-10-01 09:00:00,17.5,22.2,405.0,6.9,6.0,116.0,87.0,56.0,Uttarakhand,Dehradun,30.3165,78.0322,State Representative,2026-09-30T12:29:37.992291+00:00,True
2026-10-01 10:00:00,19.0,23.7,371.0,3.9,8.7,149.0,87.0,75.0,Uttarakhand,Dehradun,30.3165,78.0322,State Representative,2026-09-30T12:29:37.992291+00:00,True
2026-10-01 11:00:00,20.1,24.4,352.0,2.0,10.8,175.0,88.0,95.0,Uttarakhand,Dehradun,30.3165,78.0322,State Representative,2026-09-30T12:29:37.992291+00:00,True
2026-10-01 12:00:00,21.5,25.8,363.0,1.0,11.6,189.0,88.0,109.0,Uttarakhand,Dehradun,30.3165,78.0322,State Representative,2026-09-30T12:29:37.992291+00:00,True
2026-10-01 13:00:00,23.2,27.2,389.0,1.1,11.9,196.0,89.0,116.0,Uttarakhand,Dehradun,30.3165,78.0322,State Representative,2026-09-30T12:29:37.992291+00:00,True
2026-10-01 14:00:00,25.8,29.4,419.0,2.1,12.0,196.0,89.0,116.0,Uttarakhand,Dehradun,30.3165,78.0322,State Representative,2026-09-30T12:29:37.992291+00:00,True
2026-10-01 15:00:00,27.9,30.9,442.0,4.2,11.9,188.0,114.0,108.0,Uttarakhand,Dehradun,30.3165,78.0322,State Representative,2026-09-30T12:29:37.992291+00:00,True
2026-10-01 16:00:00,29.8,32.5,468.0,7.3,11.7,173.0,142.0,93.0,Uttarakhand,Dehradun,30.3165,78.0322,State Representative,2026-09-30T12:29:37.992291+00:00,True
2026-10-01 17:00:00,32.9,35.0,515.0,11.3,12.2,161.0,158.0,81.0,Uttarakhand,Dehradun,30.3165,78.0322,State Representative,2026-09-30T12:29:37.992291+00:00,True
2026-10-01 18:00:00,38.1,40.2,612.0,16.7,14.1,155.0,165.0,78.0,Uttarakhand,Dehradun,30.3165,78.0322,State Representative,2026-09-30T12:29:37.992291+00:00,True
2026-10-01 19:00:00,43.9,46.2,730.0,23.0,16.7,151.0,166.0,76.0,Uttarakhand,Dehradun,30.3165,78.0322,State Representative,2026-09-30T12:29:37.992291+00:00,True
2026-10-01 20:00:00,46.1,48.5,795.0,28.3,18.5,144.0,162.0,72.0,Uttarakhand,Dehradun,30.3165,78.0322,State Representative,2026-09-30T12:29:37.992291+00:00,True
2026-10-01 21:00:00,49.4,51.9,762.0,31.9,19.0,131.0,155.0,66.0,Uttarakhand,Dehradun,30.3165,78.0322,State Representative,2026-09-30T12:29:37.992291+00:00,True
2026-10-01 22:00:00,50.8,53.6,676.0,34.5,18.7,115.0,143.0,60.0,Uttarakhand,Dehradun,30.3165,78.0322,State Representative,2026-09-30T12:29:37.992291+00:00,True
2026-10-01 23:00:00,51.5,54.1,597.0,36.2,17.8,99.0,126.0,61.0,Uttarakhand,Dehradun,30.3165,78.0322,State Representative,2026-09-30T12:29:37.992291+00:00,True
2026-10-02 00:00:00,49.9,52.7,544.0,36.8,16.1,84.0,107.0,60.0,Uttarakhand,Dehradun,30.3165,78.0322,State Representative,2026-09-30T12:29:37.992291+00:00,True
2026-10-02 01:00:00,47.3,50.1,498.0,36.4,13.8,70.0,94.0,58.0,Uttarakhand,Dehradun,30.3165,78.0322,State Representative,2026-09-30T12:29:37.992291+00:00,True
2026-10-02 02:00:00,43.5,46.4,461.0,35.8,11.6,56.0,94.0,56.0,Uttarakhand,Dehradun,30.3165,78.0322,State Representative,2026-09-30T12:29:37.992291+00:00,True
2026-10-02 03:00:00,39.1,42.0,433.0,35.6,9.6,40.0,94.0,54.0,Uttarakhand,Dehradun,30.3165,78.0322,State Representative,2026-09-30T12:29:37.992291+00:00,True
2026-10-02 04:00:00,33.6,36.4,415.0,35.1,7.7,25.0,95.0,51.0,Uttarakhand,Dehradun,30.3165,78.0322,State Representative,2026-09-30T12:29:37.992291+00:00,True
2026-10-02 05:00:00,28.0,30.6,409.0,32.7,6.2,21.0,95.0,47.0,Uttarakhand,Dehradun,30.3165,78.0322,State Representative,2026-09-30T12:29:37.992291+00:00,True
2026-10-02 06:00:00,23.7,26.0,426.0,26.7,5.2,35.0,95.0,45.0,Uttarakhand,Dehradun,30.3165,78.0322,State Representative,2026-09-30T12:29:37.992291+00:00,True
2026-10-02 07:00:00,20.2,22.5,454.0,18.7,4.6,60.0,95.0,43.0,Uttarakhand,Dehradun,30.3165,78.0322,State Representative,2026-09-30T12:29:37.992291+00:00,True
2026-10-02 08:00:00,17.2,19.0,467.0,11.9,5.1,89.0,96.0,41.0,Uttarakhand,Dehradun,30.3165,78.0322,State Representative,2026-09-30T12:29:37.992291+00:00,True
2026-10-02 09:00:00,24.9,29.3,445.0,7.4,7.5,123.0,96.0,62.0,Uttarakhand,Dehradun,30.3165,78.0322,State Representative,2026-09-30T12:29:37.992291+00:00,True
2026-10-02 10:00:00,26.3,29.4,406.0,4.1,10.9,161.0,96.0,81.0,Uttarakhand,Dehradun,30.3165,78.0322,State Representative,2026-09-30T12:29:37.992291+00:00,True
2026-10-02 11:00:00,26.3,28.5,378.0,1.9,13.4,190.0,97.0,110.0,Uttarakhand,Dehradun,30.3165,78.0322,State Representative,2026-09-30T12:29:37.992291+00:00,True
2026-10-02 12:00:00,27.2,29.5,369.0,0.9,14.1,203.0,98.0,123.0,Uttarakhand,Dehradun,30.3165,78.0322,State Representative,2026-09-30T12:29:37.992291+00:00,True
2026-10-02 13:00:00,28.6,31.3,371.0,1.1,13.9,206.0,98.0,126.0,Uttarakhand,Dehradun,30.3165,78.0322,State Representative,2026-09-30T12:29:37.992291+00:00,True
2026-10-02 14:00:00,31.5,34.6,386.0,2.1,13.8,205.0,98.0,125.0,Uttarakhand,Dehradun,30.3165,78.0322,State Representative,2026-09-30T12:29:37.992291+00:00,True
2026-10-02 15:00:00,34.7,38.1,413.0,3.8,13.8,201.0,130.0,121.0,Uttarakhand,Dehradun,30.3165,78.0322,State Representative,2026-09-30T12:29:37.992291+00:00,True
2026-10-02 16:00:00,37.8,41.1,453.0,6.2,13.8,192.0,157.0,112.0,Uttarakhand,Dehradun,30.3165,78.0322,State Representative,2026-09-30T12:29:37.992291+00:00,True
2026-10-02 17:00:00,41.1,43.8,509.0,9.6,14.4,183.0,174.0,103.0,Uttarakhand,Dehradun,30.3165,78.0322,State Representative,2026-09-30T12:29:37.992291+00:00,True
2026-10-02 18:00:00,46.2,49.1,604.0,14.7,16.1,175.0,183.0,95.0,Uttarakhand,Dehradun,30.3165,78.0322,State Representative,2026-09-30T12:29:37.992291+00:00,True
2026-10-02 19:00:00,49.7,52.5,716.0,20.6,18.2,166.0,185.0,86.0,Uttarakhand,Dehradun,30.3165,78.0322,State Representative,2026-09-30T12:29:37.992291+00:00,True
2026-10-02 20:00:00,52.4,55.1,776.0,25.3,19.7,156.0,182.0,78.0,Uttarakhand,Dehradun,30.3165,78.0322,State Representative,2026-09-30T12:29:37.992291+00:00,True
2026-10-02 21:00:00,54.9,57.3,741.0,27.9,20.0,145.0,174.0,73.0,Uttarakhand,Dehradun,30.3165,78.0322,State Representative,2026-09-30T12:29:37.992291+00:00,True
2026-10-02 22:00:00,56.0,58.6,654.0,29.2,19.5,132.0,164.0,66.0,Uttarakhand,Dehradun,30.3165,78.0322,State Representative,2026-09-30T12:29:37.992291+00:00,True
2026-10-02 23:00:00,56.2,59.4,584.0,29.4,18.6,121.0,153.0,63.0,Uttarakhand,Dehradun,30.3165,78.0322,State Representative,2026-09-30T12:29:37.992291+00:00,True
2026-10-03 00:00:00,56.0,60.1,558.0,27.9,17.0,112.0,137.0,63.0,Uttarakhand,Dehradun,30.3165,78.0322,State Representative,2026-09-30T12:29:37.992291+00:00,True
2026-10-03 01:00:00,57.3,62.2,549.0,25.3,15.0,103.0,120.0,64.0,Uttarakhand,Dehradun,30.3165,78.0322,State Representative,2026-09-30T12:29:37.992291+00:00,True
2026-10-03 02:00:00,57.0,62.4,536.0,23.4,13.0,93.0,106.0,64.0,Uttarakhand,Dehradun,30.3165,78.0322,State Representative,2026-09-30T12:29:37.992291+00:00,True
2026-10-03 03:00:00,54.6,61.0,510.0,23.7,11.1,74.0,108.0,62.0,Uttarakhand,Dehradun,30.3165,78.0322,State Representative,2026-09-30T12:29:37.992291+00:00,True
2026-10-03 04:00:00,50.4,57.6,480.0,24.8,9.2,54.0,109.0,60.0,Uttarakhand,Dehradun,30.3165,78.0322,State Representative,2026-09-30T12:29:37.992291+00:00,True
2026-10-03 05:00:00,45.4,53.4,459.0,24.2,8.2,47.0,111.0,57.0,Uttarakhand,Dehradun,30.3165,78.0322,State Representative,2026-09-30T12:29:37.992291+00:00,True
2026-10-03 06:00:00,41.4,49.8,455.0,20.4,8.6,64.0,113.0,55.0,Uttarakhand,Dehradun,30.3165,78.0322,State Representative,2026-09-30T12:29:37.992291+00:00,True
2026-10-03 07:00:00,39.2,50.3,460.0,14.9,9.8,94.0,115.0,54.0,Uttarakhand,Dehradun,30.3165,78.0322,State Representative,2026-09-30T12:29:37.992291+00:00,True
2026-10-03 08:00:00,31.8,44.1,455.0,10.1,11.2,123.0,117.0,62.0,Uttarakhand,Dehradun,30.3165,78.0322,State Representative,2026-09-30T12:29:37.992291+00:00,True
2026-10-03 09:00:00,40.6,62.6,429.0,6.6,12.6,148.0,118.0,74.0,Uttarakhand,Dehradun,30.3165,78.0322,State Representative,2026-09-30T12:29:37.992291+00:00,True
2026-10-03 10:00:00,41.0,60.1,394.0,3.6,14.2,172.0,120.0,92.0,Uttarakhand,Dehradun,30.3165,78.0322,State Representative,2026-09-30T12:29:37.992291+00:00,True
2026-10-03 11:00:00,40.0,57.5,370.0,1.7,15.1,190.0,121.0,110.0,Uttarakhand,Dehradun,30.3165,78.0322,State Representative,2026-09-30T12:29:37.992291+00:00,True
2026-10-03 12:00:00,40.5,58.6,361.0,0.8,15.0,199.0,123.0,119.0,Uttarakhand,Dehradun,30.3165,78.0322,State Representative,2026-09-30T12:29:37.992291+00:00,True
2026-10-03 13:00:00,40.5,59.1,362.0,0.8,14.4,201.0,124.0,121.0,Uttarakhand,Dehradun,30.3165,78.0322,State Representative,2026-09-30T12:29:37.992291+00:00,True
2026-10-03 14:00:00,44.5,64.7,378.0,2.0,13.8,197.0,125.0,117.0,Uttarakhand,Dehradun,30.3165,78.0322,State Representative,2026-09-30T12:29:37.992291+00:00,True
2026-10-03 15:00:00,45.8,65.2,409.0,4.6,13.4,185.0,148.0,105.0,Uttarakhand,Dehradun,30.3165,78.0322,State Representative,2026-09-30T12:29:37.992291+00:00,True
2026-10-03 16:00:00,47.4,65.2,456.0,8.4,13.1,167.0,163.0,87.0,Uttarakhand,Dehradun,30.3165,78.0322,State Representative,2026-09-30T12:29:37.992291+00:00,True
2026-10-03 17:00:00,50.4,63.6,523.0,12.5,13.5,153.0,170.0,77.0,Uttarakhand,Dehradun,30.3165,78.0322,State Representative,2026-09-30T12:29:37.992291+00:00,True
2026-10-03 18:00:00,56.1,70.8,634.0,17.1,15.5,150.0,171.0,75.0,Uttarakhand,Dehradun,30.3165,78.0322,State Representative,2026-09-30T12:29:37.992291+00:00,True
2026-10-03 19:00:00,61.2,77.8,766.0,22.1,18.2,150.0,167.0,75.0,Uttarakhand,Dehradun,30.3165,78.0322,State Representative,2026-09-30T12:29:37.992291+00:00,True
2026-10-03 20:00:00,65.2,82.4,854.0,26.1,20.1,148.0,161.0,74.0,Uttarakhand,Dehradun,30.3165,78.0322,State Representative,2026-09-30T12:29:37.992291+00:00,True
2026-10-03 21:00:00,67.8,85.2,867.0,28.5,20.5,139.0,153.0,70.0,Uttarakhand,Dehradun,30.3165,78.0322,State Representative,2026-09-30T12:29:37.992291+00:00,True
2026-10-03 22:00:00,69.6,86.8,835.0,29.8,20.1,126.0,141.0,70.0,Uttarakhand,Dehradun,30.3165,78.0322,State Representative,2026-09-30T12:29:37.992291+00:00,True
2026-10-03 23:00:00,70.5,87.5,791.0,30.7,19.2,113.0,136.0,70.0,Uttarakhand,Dehradun,30.3165,78.0322,State Representative,2026-09-30T12:29:37.992291+00:00,True
2026-10-04 00:00:00,70.3,87.1,737.0,31.2,17.8,99.0,138.0,70.0,Uttarakhand,Dehradun,30.3165,78.0322,State Representative,2026-09-30T12:29:37.992291+00:00,True
2026-10-04 01:00:00,68.7,85.4,670.0,31.2,16.0,84.0,139.0,69.0,Uttarakhand,Dehradun,30.3165,78.0322,State Representative,2026-09-30T12:29:37.992291+00:00,True
2026-10-04 02:00:00,67.3,83.6,608.0,31.1,14.2,70.0,140.0,69.0,Uttarakhand,Dehradun,30.3165,78.0322,State Representative,2026-09-30T12:29:37.992291+00:00,True
2026-10-04 03:00:00,63.8,79.9,549.0,31.5,12.3,53.0,141.0,67.0,Uttarakhand,Dehradun,30.3165,78.0322,State Representative,2026-09-30T12:29:37.992291+00:00,True
2026-10-04 04:00:00,58.3,73.6,496.0,31.7,10.5,37.0,142.0,64.0,Uttarakhand,Dehradun,30.3165,78.0322,State Representative,2026-09-30T12:29:37.992291+00:00,True
2026-10-04 05:00:00,52.2,66.4,504.5,30.0,9.1,33.0,143.0,61.0,Uttarakhand,Dehradun,30.3165,78.0322,State Representative,2026-09-30T12:29:37.992291+00:00,True
2026-10-04 06:00:00,47.6,61.2,519.0,24.6,8.2,48.0,144.0,59.0,Uttarakhand,Dehradun,30.3165,78.0322,State Representative,2026-09-30T12:29:37.992291+00:00,True
2026-10-04 07:00:00,43.2,53.4,532.5,17.3,7.8,75.0,145.0,56.0,Uttarakhand,Dehradun,30.3165,78.0322,State Representative,2026-09-30T12:29:37.992291+00:00,True
2026-10-04 08:00:00,36.8,51.9,535.0,11.0,8.4,104.0,145.0,52.0,Uttarakhand,Dehradun,30.3165,78.0322,State Representative,2026-09-30T12:29:37.992291+00:00,True
2026-10-04 09:00:00,50.6,112.9,514.0,6.7,10.7,134.0,146.0,67.0,Uttarakhand,Dehradun,30.3165,78.0322,State Representative,2026-09-30T12:29:37.992291+00:00,True
2026-10-04 10:00:00,52.7,115.5,493.0,3.5,13.9,165.0,147.0,85.0,Uttarakhand,Dehradun,30.3165,78.0322,State Representative,2026-09-30T12:29:37.992291+00:00,True
2026-10-04 11:00:00,51.7,105.7,479.0,1.4,16.1,187.0,148.0,107.0,Uttarakhand,Dehradun,30.3165,78.0322,State Representative,2026-09-30T12:29:37.992291+00:00,True
2026-10-04 12:00:00,52.2,102.4,472.0,0.5,16.2,194.0,149.0,114.0,Uttarakhand,Dehradun,30.3165,78.0322,State Representative,2026-09-30T12:29:37.992291+00:00,True
2026-10-04 13:00:00,54.0,103.4,471.0,0.7,15.2,191.0,150.0,111.0,Uttarakhand,Dehradun,30.3165,78.0322,State Representative,2026-09-30T12:29:37.992291+00:00,True
2026-10-04 14:00:00,51.8,96.4,478.0,1.5,14.4,184.0,150.0,104.0,Uttarakhand,Dehradun,30.3165,78.0322,State Representative,2026-09-30T12:29:37.992291+00:00,True
2026-10-04 15:00:00,54.2,98.3,494.0,2.9,13.8,171.0,151.0,91.0,Uttarakhand,Dehradun,30.3165,78.0322,State Representative,2026-09-30T12:29:37.992291+00:00,True
2026-10-04 16:00:00,57.5,100.8,518.0,5.0,13.4,153.0,151.0,77.0,Uttarakhand,Dehradun,30.3165,78.0322,State Representative,2026-09-30T12:29:37.992291+00:00,True
2026-10-04 17:00:00,58.8,89.6,546.0,7.7,13.6,140.0,157.0,70.0,Uttarakhand,Dehradun,30.3165,78.0322,State Representative,2026-09-30T12:29:37.992291+00:00,True
2026-10-04 18:00:00,62.9,95.7,579.0,11.3,15.2,136.0,158.0,68.0,Uttarakhand,Dehradun,30.3165,78.0322,State Representative,2026-09-30T12:29:37.992291+00:00,True
2026-10-04 19:00:00,68.2,106.4,617.0,15.6,17.5,137.0,154.0,69.0,Uttarakhand,Dehradun,30.3165,78.0322,State Representative,2026-09-30T12:29:37.992291+00:00,True
2026-10-04 20:00:00,72.4,113.4,649.0,19.4,19.2,134.0,152.0,71.0,Uttarakhand,Dehradun,30.3165,78.0322,State Representative,2026-09-30T12:29:37.992291+00:00,True
2026-10-04 21:00:00,75.4,116.4,675.0,22.6,19.6,123.0,152.0,73.0,Uttarakhand,Dehradun,30.3165,78.0322,State Representative,2026-09-30T12:29:37.992291+00:00,True
2026-10-04 22:00:00,77.1,116.6,696.0,25.3,19.4,108.0,152.0,74.0,Uttarakhand,Dehradun,30.3165,78.0322,State Representative,2026-09-30T12:29:37.992291+00:00,True
2026-10-04 23:00:00,76.8,115.0,706.0,27.2,18.7,94.0,153.0,73.0,Uttarakhand,Dehradun,30.3165,78.0322,State Representative,2026-09-30T12:29:37.992291+00:00,True
2026-10-05 00:00:00,75.0,111.8,700.0,27.8,17.6,83.0,153.0,73.0,Uttarakhand,Dehradun,30.3165,78.0322,State Representative,2026-09-30T12:29:37.992291+00:00,True
2026-10-05 01:00:00,72.6,108.0,682.0,27.6,16.2,74.0,153.0,71.0,Uttarakhand,Dehradun,30.3165,78.0322,State Representative,2026-09-30T12:29:37.992291+00:00,True
2026-10-05 02:00:00,69.6,103.1,659.0,27.4,14.7,64.0,153.0,70.0,Uttarakhand,Dehradun,30.3165,78.0322,State Representative,2026-09-30T12:29:37.992291+00:00,True
2026-10-05 03:00:00,65.7,96.9,629.0,27.7,13.1,53.0,153.0,68.0,Uttarakhand,Dehradun,30.3165,78.0322,State Representative,2026-09-30T12:29:37.992291+00:00,True
2026-10-05 04:00:00,60.8,89.6,595.0,28.0,11.4,41.0,153.0,65.0,Uttarakhand,Dehradun,30.3165,78.0322,State Representative,2026-09-30T12:29:37.992291+00:00,True
2026-10-05 05:00:00,55.8,82.0,571.0,28.2,10.2,33.0,153.0,63.0,Uttarakhand,Dehradun,30.3165,78.0322,State Representative,2026-09-30T12:29:37.992291+00:00,True
2026-10-05 06:00:00,,,,,,,153.0,,Uttarakhand,Dehradun,30.3165,78.0322,State Representative,2026-09-30T12:29:37.992291+00:00,False
2026-10-05 07:00:00,,,,,,,,,Uttarakhand,Dehradun,30.3165,78.0322,State Representative,2026-09-30T12:29:37.992291+00:00,False
2026-10-05 08:00:00,,,,,,,,,Uttarakhand,Dehradun,30.3165,78.0322,State Representative,2026-09-30T12:29:37.992291+00:00,False
2026-10-05 09:00:00,,,,,,,,,Uttarakhand,Dehradun,30.3165,78.0322,State Representative,2026-09-30T12:29:37.992291+00:00,False
2026-10-05 10:00:00,,,,,,,,,Uttarakhand,Dehradun,30.3165,78.0322,State Representative,2026-09-30T12:29:37.992291+00:00,False
2026-10-05 11:00:00,,,,,,,,,Uttarakhand,Dehradun,30.3165,78.0322,State Representative,2026-09-30T12:29:37.992291+00:00,False
2026-10-05 12:00:00,,,,,,,,,Uttarakhand,Dehradun,30.3165,78.0322,State Representative,2026-09-30T12:29:37.992291+00:00,False
2026-10-05 13:00:00,,,,,,,,,Uttarakhand,Dehradun,30.3165,78.0322,State Representative,2026-09-30T12:29:37.992291+00:00,False
2026-10-05 14:00:00,,,,,,,,,Uttarakhand,Dehradun,30.3165,78.0322,State Representative,2026-09-30T12:29:37.992291+00:00,False
2026-10-05 15:00:00,,,,,,,,,Uttarakhand,Dehradun,30.3165,78.0322,State Representative,2026-09-30T12:29:37.992291+00:00,False
2026-10-05 16:00:00,,,,,,,,,Uttarakhand,Dehradun,30.3165,78.0322,State Representative,2026-09-30T12:29:37.992291+00:00,False
2026-10-05 17:00:00,,,,,,,,,Uttarakhand,Dehradun,30.3165,78.0322,State Representative,2026-09-30T12:29:37.992291+00:00,False
2026-10-05 18:00:00,,,,,,,,,Uttarakhand,Dehradun,30.3165,78.0322,State Representative,2026-09-30T12:29:37.992291+00:00,False
2026-10-05 19:00:00,,,,,,,,,Uttarakhand,Dehradun,30.3165,78.0322,State Representative,2026-09-30T12:29:37.992291+00:00,False
2026-10-05 20:00:00,,,,,,,,,Uttarakhand,Dehradun,30.3165,78.0322,State Representative,2026-09-30T12:29:37.992291+00:00,False
2026-10-05 21:00:00,,,,,,,,,Uttarakhand,Dehradun,30.3165,78.0322,State Representative,2026-09-30T12:29:37.992291+00:00,False
2026-10-05 22:00:00,,,,,,,,,Uttarakhand,Dehradun,30.3165,78.0322,State Representative,2026-09-30T12:29:37.992291+00:00,False
2026-10-05 23:00:00,,,,,,,,,Uttarakhand,Dehradun,30.3165,78.0322,State Representative,2026-09-30T12:29:37.992291+00:00,False
2026-10-06 00:00:00,,,,,,,,,Uttarakhand,Dehradun,30.3165,78.0322,State Representative,2026-09-30T12:29:37.992291+00:00,False
2026-10-06 01:00:00,,,,,,,,,Uttarakhand,Dehradun,30.3165,78.0322,State Representative,2026-09-30T12:29:37.992291+00:00,False
2026-10-06 02:00:00,,,,,,,,,Uttarakhand,Dehradun,30.3165,78.0322,State Representative,2026-09-30T12:29:37.992291+00:00,False
2026-10-06 03:00:00,,,,,,,,,Uttarakhand,Dehradun,30.3165,78.0322,State Representative,2026-09-30T12:29:37.992291+00:00,False
2026-10-06 04:00:00,,,,,,,,,Uttarakhand,Dehradun,30.3165,78.0322,State Representative,2026-09-30T12:29:37.992291+00:00,False
2026-10-06 05:00:00,,,,,,,,,Uttarakhand,Dehradun,30.3165,78.0322,State Representative,2026-09-30T12:29:37.992291+00:00,False
2026-10-06 06:00:00,,,,,,,,,Uttarakhand,Dehradun,30.3165,78.0322,State Representative,2026-09-30T12:29:37.992291+00:00,False
2026-10-06 07:00:00,,,,,,,,,Uttarakhand,Dehradun,30.3165,78.0322,State Representative,2026-09-30T12:29:37.992291+00:00,False
2026-10-06 08:00:00,,,,,,,,,Uttarakhand,Dehradun,30.3165,78.0322,State Representative,2026-09-30T12:29:37.992291+00:00,False
2026-10-06 09:00:00,,,,,,,,,Uttarakhand,Dehradun,30.3165,78.0322,State Representative,2026-09-30T12:29:37.992291+00:00,False
2026-10-06 10:00:00,,,,,,,,,Uttarakhand,Dehradun,30.3165,78.0322,State Representative,2026-09-30T12:29:37.992291+00:00,False
2026-10-06 11:00:00,,,,,,,,,Uttarakhand,Dehradun,30.3165,78.0322,State Representative,2026-09-30T12:29:37.992291+00:00,False
2026-10-06 12:00:00,,,,,,,,,Uttarakhand,Dehradun,30.3165,78.0322,State Representative,2026-09-30T12:29:37.992291+00:00,False
2026-10-06 13:00:00,,,,,,,,,Uttarakhand,Dehradun,30.3165,78.0322,State Representative,2026-09-30T12:29:37.992291+00:00,False
2026-10-06 14:00:00,,,,,,,,,Uttarakhand,Dehradun,30.3165,78.0322,State Representative,2026-09-30T12:29:37.992291+00:00,False
2026-10-06 15:00:00,,,,,,,,,Uttarakhand,Dehradun,30.3165,78.0322,State Representative,2026-09-30T12:29:37.992291+00:00,False
2026-10-06 16:00:00,,,,,,,,,Uttarakhand,Dehradun,30.3165,78.0322,State Representative,2026-09-30T12:29:37.992291+00:00,False
2026-10-06 17:00:00,,,,,,,,,Uttarakhand,Dehradun,30.3165,78.0322,State Representative,2026-09-30T12:29:37.992291+00:00,False
2026-10-06 18:00:00,,,,,,,,,Uttarakhand,Dehradun,30.3165,78.0322,State Representative,2026-09-30T12:29:37.992291+00:00,False
2026-10-06 19:00:00,,,,,,,,,Uttarakhand,Dehradun,30.3165,78.0322,State Representative,2026-09-30T12:29:37.992291+00:00,False
2026-10-06 20:00:00,,,,,,,,,Uttarakhand,Dehradun,30.3165,78.0322,State Representative,2026-09-30T12:29:37.992291+00:00,False
2026-10-06 21:00:00,,,,,,,,,Uttarakhand,Dehradun,30.3165,78.0322,State Representative,2026-09-30T12:29:37.992291+00:00,False
2026-10-06 22:00:00,,,,,,,,,Uttarakhand,Dehradun,30.3165,78.0322,State Representative,2026-09-30T12:29:37.992291+00:00,False
2026-10-06 23:00:00,,,,,,,,,Uttarakhand,Dehradun,30.3165,78.0322,State Representative,2026-09-30T12:29:37.992291+00:00,False
2026-09-30 00:00:00,142.0,151.3,1097.0,52.1,46.1,37.0,172.0,101.0,West Bengal,Kolkata,22.5726,88.3639,State Representative,2026-09-30T12:29:38.692227+00:00,True
2026-09-30 01:00:00,123.9,132.2,857.0,36.8,36.9,47.0,173.0,94.0,West Bengal,Kolkata,22.5726,88.3639,State Representative,2026-09-30T12:29:38.692227+00:00,True
2026-09-30 02:00:00,112.2,120.1,721.0,25.2,29.9,53.0,173.0,89.0,West Bengal,Kolkata,22.5726,88.3639,State Representative,2026-09-30T12:29:38.692227+00:00,True
2026-09-30 03:00:00,105.2,112.5,742.0,21.6,27.0,48.0,173.0,86.0,West Bengal,Kolkata,22.5726,88.3639,State Representative,2026-09-30T12:29:38.692227+00:00,True
2026-09-30 04:00:00,101.3,108.0,867.0,21.8,26.3,39.0,172.0,85.0,West Bengal,Kolkata,22.5726,88.3639,State Representative,2026-09-30T12:29:38.692227+00:00,True
2026-09-30 05:00:00,102.9,111.3,957.0,21.4,29.0,47.0,172.0,85.0,West Bengal,Kolkata,22.5726,88.3639,State Representative,2026-09-30T12:29:38.692227+00:00,True
2026-09-30 06:00:00,102.7,109.7,969.0,19.5,32.7,71.0,172.0,85.0,West Bengal,Kolkata,22.5726,88.3639,State Representative,2026-09-30T12:29:38.692227+00:00,True
2026-09-30 07:00:00,95.9,103.4,945.0,16.8,37.6,105.0,172.0,82.0,West Bengal,Kolkata,22.5726,88.3639,State Representative,2026-09-30T12:29:38.692227+00:00,True
2026-09-30 08:00:00,76.1,84.8,878.0,13.9,39.4,135.0,172.0,73.0,West Bengal,Kolkata,22.5726,88.3639,State Representative,2026-09-30T12:29:38.692227+00:00,True
2026-09-30 09:00:00,60.1,70.1,732.0,10.4,35.4,159.0,173.0,80.0,West Bengal,Kolkata,22.5726,88.3639,State Representative,2026-09-30T12:29:38.692227+00:00,True
2026-09-30 10:00:00,53.8,64.3,543.0,6.7,28.3,180.0,173.0,100.0,West Bengal,Kolkata,22.5726,88.3639,State Representative,2026-09-30T12:29:38.692227+00:00,True
2026-09-30 11:00:00,49.1,59.8,404.0,4.1,22.7,194.0,173.0,114.0,West Bengal,Kolkata,22.5726,88.3639,State Representative,2026-09-30T12:29:38.692227+00:00,True
2026-09-30 12:00:00,45.9,55.8,332.0,2.5,20.0,201.0,174.0,121.0,West Bengal,Kolkata,22.5726,88.3639,State Representative,2026-09-30T12:29:38.692227+00:00,True
2026-09-30 13:00:00,44.6,53.9,311.0,2.1,18.7,202.0,174.0,122.0,West Bengal,Kolkata,22.5726,88.3639,State Representative,2026-09-30T12:29:38.692227+00:00,True
2026-09-30 14:00:00,44.7,53.3,386.0,4.3,18.5,195.0,174.0,115.0,West Bengal,Kolkata,22.5726,88.3639,State Representative,2026-09-30T12:29:38.692227+00:00,True
2026-09-30 15:00:00,46.0,53.8,625.0,10.3,18.9,176.0,174.0,96.0,West Bengal,Kolkata,22.5726,88.3639,State Representative,2026-09-30T12:29:38.692227+00:00,True
2026-09-30 16:00:00,51.1,57.2,961.0,19.0,20.4,150.0,173.0,75.0,West Bengal,Kolkata,22.5726,88.3639,State Representative,2026-09-30T12:29:38.692227+00:00,True
2026-09-30 17:00:00,62.2,68.2,1232.0,28.2,23.8,124.0,173.0,66.0,West Bengal,Kolkata,22.5726,88.3639,State Representative,2026-09-30T12:29:38.692227+00:00,True
2026-09-30 18:00:00,80.6,86.8,1390.0,39.6,31.5,99.0,173.0,75.0,West Bengal,Kolkata,22.5726,88.3639,State Representative,2026-09-30T12:29:38.692227+00:00,True
2026-09-30 19:00:00,102.2,108.7,1483.0,51.5,41.2,74.0,173.0,85.0,West Bengal,Kolkata,22.5726,88.3639,State Representative,2026-09-30T12:29:38.692227+00:00,True
2026-09-30 20:00:00,118.5,125.3,1498.0,56.8,46.1,58.0,174.0,91.0,West Bengal,Kolkata,22.5726,88.3639,State Representative,2026-09-30T12:29:38.692227+00:00,True
2026-09-30 21:00:00,125.7,132.2,1402.0,50.3,42.1,55.0,174.0,94.0,West Bengal,Kolkata,22.5726,88.3639,State Representative,2026-09-30T12:29:38.692227+00:00,True
2026-09-30 22:00:00,111.1,116.9,1228.0,37.1,33.4,61.0,174.0,88.0,West Bengal,Kolkata,22.5726,88.3639,State Representative,2026-09-30T12:29:38.692227+00:00,True
2026-09-30 23:00:00,92.9,98.5,1063.0,26.0,25.9,66.0,173.0,81.0,West Bengal,Kolkata,22.5726,88.3639,State Representative,2026-09-30T12:29:38.692227+00:00,True
2026-10-01 00:00:00,82.7,88.2,923.0,19.8,21.5,68.0,171.0,76.0,West Bengal,Kolkata,22.5726,88.3639,State Representative,2026-09-30T12:29:38.692227+00:00,True
2026-10-01 01:00:00,78.2,84.1,791.0,15.6,18.2,69.0,170.0,74.0,West Bengal,Kolkata,22.5726,88.3639,State Representative,2026-09-30T12:29:38.692227+00:00,True
2026-10-01 02:00:00,76.6,82.7,703.0,13.0,16.0,70.0,168.0,73.0,West Bengal,Kolkata,22.5726,88.3639,State Representative,2026-09-30T12:29:38.692227+00:00,True
2026-10-01 03:00:00,76.4,82.7,680.0,12.7,15.1,67.0,167.0,73.0,West Bengal,Kolkata,22.5726,88.3639,State Representative,2026-09-30T12:29:38.692227+00:00,True
2026-10-01 04:00:00,76.8,83.8,700.0,13.9,15.3,63.0,166.0,73.0,West Bengal,Kolkata,22.5726,88.3639,State Representative,2026-09-30T12:29:38.692227+00:00,True
2026-10-01 05:00:00,78.9,86.4,731.0,14.4,16.0,67.0,166.0,74.0,West Bengal,Kolkata,22.5726,88.3639,State Representative,2026-09-30T12:29:38.692227+00:00,True
2026-10-01 06:00:00,82.7,89.6,785.0,13.0,17.3,87.0,165.0,76.0,West Bengal,Kolkata,22.5726,88.3639,State Representative,2026-09-30T12:29:38.692227+00:00,True
2026-10-01 07:00:00,79.4,88.5,850.0,10.8,19.1,115.0,164.0,75.0,West Bengal,Kolkata,22.5726,88.3639,State Representative,2026-09-30T12:29:38.692227+00:00,True
2026-10-01 08:00:00,70.3,82.0,857.0,8.6,20.5,141.0,164.0,71.0,West Bengal,Kolkata,22.5726,88.3639,State Representative,2026-09-30T12:29:38.692227+00:00,True
2026-10-01 09:00:00,64.5,77.1,750.0,6.6,21.2,161.0,164.0,81.0,West Bengal,Kolkata,22.5726,88.3639,State Representative,2026-09-30T12:29:38.692227+00:00,True
2026-10-01 10:00:00,60.5,73.6,586.0,4.6,21.4,179.0,164.0,99.0,West Bengal,Kolkata,22.5726,88.3639,State Representative,2026-09-30T12:29:38.692227+00:00,True
2026-10-01 11:00:00,60.1,72.6,467.0,3.2,21.5,191.0,164.0,111.0,West Bengal,Kolkata,22.5726,88.3639,State Representative,2026-09-30T12:29:38.692227+00:00,True
2026-10-01 12:00:00,59.8,71.9,427.0,2.4,21.4,197.0,164.0,117.0,West Bengal,Kolkata,22.5726,88.3639,State Representative,2026-09-30T12:29:38.692227+00:00,True
2026-10-01 13:00:00,58.9,70.3,433.0,2.2,21.1,198.0,165.0,118.0,West Bengal,Kolkata,22.5726,88.3639,State Representative,2026-09-30T12:29:38.692227+00:00,True
2026-10-01 14:00:00,56.7,67.5,488.0,3.6,20.5,189.0,165.0,109.0,West Bengal,Kolkata,22.5726,88.3639,State Representative,2026-09-30T12:29:38.692227+00:00,True
2026-10-01 15:00:00,54.0,64.0,628.0,7.5,18.8,163.0,166.0,83.0,West Bengal,Kolkata,22.5726,88.3639,State Representative,2026-09-30T12:29:38.692227+00:00,True
2026-10-01 16:00:00,56.5,63.6,817.0,13.1,16.8,128.0,166.0,64.0,West Bengal,Kolkata,22.5726,88.3639,State Representative,2026-09-30T12:29:38.692227+00:00,True
2026-10-01 17:00:00,58.0,64.0,945.0,18.0,16.5,100.0,166.0,64.0,West Bengal,Kolkata,22.5726,88.3639,State Representative,2026-09-30T12:29:38.692227+00:00,True
2026-10-01 18:00:00,65.4,71.9,959.0,21.8,19.5,87.0,166.0,68.0,West Bengal,Kolkata,22.5726,88.3639,State Representative,2026-09-30T12:29:38.692227+00:00,True
2026-10-01 19:00:00,75.9,82.9,912.0,25.0,24.1,82.0,165.0,73.0,West Bengal,Kolkata,22.5726,88.3639,State Representative,2026-09-30T12:29:38.692227+00:00,True
2026-10-01 20:00:00,80.6,88.2,852.0,27.4,27.3,76.0,165.0,75.0,West Bengal,Kolkata,22.5726,88.3639,State Representative,2026-09-30T12:29:38.692227+00:00,True
2026-10-01 21:00:00,88.9,96.9,787.0,29.0,27.8,66.0,163.0,79.0,West Bengal,Kolkata,22.5726,88.3639,State Representative,2026-09-30T12:29:38.692227+00:00,True
2026-10-01 22:00:00,95.0,103.1,709.0,29.7,26.9,56.0,162.0,82.0,West Bengal,Kolkata,22.5726,88.3639,State Representative,2026-09-30T12:29:38.692227+00:00,True
2026-10-01 23:00:00,95.2,103.1,636.0,29.0,25.5,49.0,162.0,82.0,West Bengal,Kolkata,22.5726,88.3639,State Representative,2026-09-30T12:29:38.692227+00:00,True
2026-10-02 00:00:00,91.5,99.2,569.0,26.0,23.4,47.0,162.0,81.0,West Bengal,Kolkata,22.5726,88.3639,State Representative,2026-09-30T12:29:38.692227+00:00,True
2026-10-02 01:00:00,87.1,95.0,507.0,21.6,20.8,49.0,162.0,79.0,West Bengal,Kolkata,22.5726,88.3639,State Representative,2026-09-30T12:29:38.692227+00:00,True
2026-10-02 02:00:00,84.8,93.1,472.0,18.4,18.8,50.0,162.0,77.0,West Bengal,Kolkata,22.5726,88.3639,State Representative,2026-09-30T12:29:38.692227+00:00,True
2026-10-02 03:00:00,83.4,92.4,480.0,17.9,17.8,46.0,163.0,77.0,West Bengal,Kolkata,22.5726,88.3639,State Representative,2026-09-30T12:29:38.692227+00:00,True
2026-10-02 04:00:00,82.4,92.0,514.0,18.6,17.5,42.0,163.0,76.0,West Bengal,Kolkata,22.5726,88.3639,State Representative,2026-09-30T12:29:38.692227+00:00,True
2026-10-02 05:00:00,84.5,94.5,548.0,18.1,17.8,50.0,163.0,77.0,West Bengal,Kolkata,22.5726,88.3639,State Representative,2026-09-30T12:29:38.692227+00:00,True
2026-10-02 06:00:00,89.6,98.7,581.0,15.0,19.2,80.0,163.0,80.0,West Bengal,Kolkata,22.5726,88.3639,State Representative,2026-09-30T12:29:38.692227+00:00,True
2026-10-02 07:00:00,81.7,93.1,613.0,10.7,21.4,122.0,163.0,76.0,West Bengal,Kolkata,22.5726,88.3639,State Representative,2026-09-30T12:29:38.692227+00:00,True
2026-10-02 08:00:00,67.5,80.1,615.0,7.1,22.9,156.0,163.0,78.0,West Bengal,Kolkata,22.5726,88.3639,State Representative,2026-09-30T12:29:38.692227+00:00,True
2026-10-02 09:00:00,61.9,74.5,561.0,5.0,23.2,176.0,163.0,96.0,West Bengal,Kolkata,22.5726,88.3639,State Representative,2026-09-30T12:29:38.692227+00:00,True
2026-10-02 10:00:00,59.0,70.8,477.0,3.6,22.9,188.0,163.0,108.0,West Bengal,Kolkata,22.5726,88.3639,State Representative,2026-09-30T12:29:38.692227+00:00,True
2026-10-02 11:00:00,58.9,70.5,412.0,2.8,22.6,196.0,163.0,116.0,West Bengal,Kolkata,22.5726,88.3639,State Representative,2026-09-30T12:29:38.692227+00:00,True
2026-10-02 12:00:00,58.9,70.3,360.0,2.2,22.5,203.0,163.0,123.0,West Bengal,Kolkata,22.5726,88.3639,State Representative,2026-09-30T12:29:38.692227+00:00,True
2026-10-02 13:00:00,58.3,69.2,328.0,2.2,22.2,207.0,163.0,127.0,West Bengal,Kolkata,22.5726,88.3639,State Representative,2026-09-30T12:29:38.692227+00:00,True
2026-10-02 14:00:00,57.5,68.0,381.0,3.5,21.7,200.0,163.0,120.0,West Bengal,Kolkata,22.5726,88.3639,State Representative,2026-09-30T12:29:38.692227+00:00,True
2026-10-02 15:00:00,58.1,68.7,598.0,7.5,20.5,175.0,168.0,95.0,West Bengal,Kolkata,22.5726,88.3639,State Representative,2026-09-30T12:29:38.692227+00:00,True
2026-10-02 16:00:00,56.6,63.6,901.0,12.8,18.9,141.0,177.0,71.0,West Bengal,Kolkata,22.5726,88.3639,State Representative,2026-09-30T12:29:38.692227+00:00,True
2026-10-02 17:00:00,58.7,65.0,1122.0,16.7,17.8,112.0,174.0,64.0,West Bengal,Kolkata,22.5726,88.3639,State Representative,2026-09-30T12:29:38.692227+00:00,True
2026-10-02 18:00:00,61.2,67.1,1200.0,17.9,17.9,96.0,164.0,66.0,West Bengal,Kolkata,22.5726,88.3639,State Representative,2026-09-30T12:29:38.692227+00:00,True
2026-10-02 19:00:00,63.1,68.7,1197.0,17.7,18.5,86.0,163.0,67.0,West Bengal,Kolkata,22.5726,88.3639,State Representative,2026-09-30T12:29:38.692227+00:00,True
2026-10-02 20:00:00,63.1,68.5,1132.0,17.0,18.5,79.0,163.0,67.0,West Bengal,Kolkata,22.5726,88.3639,State Representative,2026-09-30T12:29:38.692227+00:00,True
2026-10-02 21:00:00,62.9,68.0,978.0,15.8,17.3,75.0,162.0,66.0,West Bengal,Kolkata,22.5726,88.3639,State Representative,2026-09-30T12:29:38.692227+00:00,True
2026-10-02 22:00:00,62.2,67.3,763.0,14.2,15.6,75.0,162.0,66.0,West Bengal,Kolkata,22.5726,88.3639,State Representative,2026-09-30T12:29:38.692227+00:00,True
2026-10-02 23:00:00,59.8,65.0,590.0,12.7,14.1,75.0,161.0,65.0,West Bengal,Kolkata,22.5726,88.3639,State Representative,2026-09-30T12:29:38.692227+00:00,True
2026-10-03 00:00:00,58.2,63.3,499.0,11.5,13.1,75.0,160.0,64.0,West Bengal,Kolkata,22.5726,88.3639,State Representative,2026-09-30T12:29:38.692227+00:00,True
2026-10-03 01:00:00,56.9,62.2,451.0,10.5,12.3,75.0,159.0,63.0,West Bengal,Kolkata,22.5726,88.3639,State Representative,2026-09-30T12:29:38.692227+00:00,True
2026-10-03 02:00:00,56.3,61.7,428.0,10.0,11.9,75.0,158.0,63.0,West Bengal,Kolkata,22.5726,88.3639,State Representative,2026-09-30T12:29:38.692227+00:00,True
2026-10-03 03:00:00,56.5,61.9,432.0,10.5,11.8,72.0,157.0,63.0,West Bengal,Kolkata,22.5726,88.3639,State Representative,2026-09-30T12:29:38.692227+00:00,True
2026-10-03 04:00:00,55.6,61.2,461.0,11.4,12.1,68.0,156.0,63.0,West Bengal,Kolkata,22.5726,88.3639,State Representative,2026-09-30T12:29:38.692227+00:00,True
2026-10-03 05:00:00,55.1,60.1,499.0,11.6,12.9,71.0,155.0,63.0,West Bengal,Kolkata,22.5726,88.3639,State Representative,2026-09-30T12:29:38.692227+00:00,True
2026-10-03 06:00:00,56.1,60.8,559.0,10.3,14.4,87.0,154.0,63.0,West Bengal,Kolkata,22.5726,88.3639,State Representative,2026-09-30T12:29:38.692227+00:00,True
2026-10-03 07:00:00,52.6,58.1,627.0,8.3,16.4,110.0,153.0,61.0,West Bengal,Kolkata,22.5726,88.3639,State Representative,2026-09-30T12:29:38.692227+00:00,True
2026-10-03 08:00:00,51.2,58.6,648.0,6.4,18.1,131.0,152.0,66.0,West Bengal,Kolkata,22.5726,88.3639,State Representative,2026-09-30T12:29:38.692227+00:00,True
2026-10-03 09:00:00,50.3,60.3,576.0,5.0,19.2,149.0,152.0,75.0,West Bengal,Kolkata,22.5726,88.3639,State Representative,2026-09-30T12:29:38.692227+00:00,True
2026-10-03 10:00:00,51.3,67.8,455.0,3.7,19.9,166.0,152.0,86.0,West Bengal,Kolkata,22.5726,88.3639,State Representative,2026-09-30T12:29:38.692227+00:00,True
2026-10-03 11:00:00,51.7,74.3,366.0,2.9,20.2,177.0,151.0,97.0,West Bengal,Kolkata,22.5726,88.3639,State Representative,2026-09-30T12:29:38.692227+00:00,True
2026-10-03 12:00:00,51.7,75.9,321.0,2.0,19.7,183.0,151.0,103.0,West Bengal,Kolkata,22.5726,88.3639,State Representative,2026-09-30T12:29:38.692227+00:00,True
2026-10-03 13:00:00,52.3,76.4,306.0,1.6,18.8,183.0,151.0,103.0,West Bengal,Kolkata,22.5726,88.3639,State Representative,2026-09-30T12:29:38.692227+00:00,True
2026-10-03 14:00:00,53.0,76.6,363.0,3.4,18.3,176.0,151.0,96.0,West Bengal,Kolkata,22.5726,88.3639,State Representative,2026-09-30T12:29:38.692227+00:00,True
2026-10-03 15:00:00,54.0,76.6,541.0,9.6,18.5,156.0,151.0,78.0,West Bengal,Kolkata,22.5726,88.3639,State Representative,2026-09-30T12:29:38.692227+00:00,True
2026-10-03 16:00:00,59.0,76.8,790.0,18.1,19.2,129.0,151.0,65.0,West Bengal,Kolkata,22.5726,88.3639,State Representative,2026-09-30T12:29:38.692227+00:00,True
2026-10-03 17:00:00,67.3,83.8,1002.0,24.4,19.9,105.0,151.0,69.0,West Bengal,Kolkata,22.5726,88.3639,State Representative,2026-09-30T12:29:38.692227+00:00,True
2026-10-03 18:00:00,73.8,88.7,1164.0,26.8,21.1,89.0,151.0,72.0,West Bengal,Kolkata,22.5726,88.3639,State Representative,2026-09-30T12:29:38.692227+00:00,True
2026-10-03 19:00:00,77.3,90.3,1290.0,27.0,22.4,77.0,151.0,74.0,West Bengal,Kolkata,22.5726,88.3639,State Representative,2026-09-30T12:29:38.692227+00:00,True
2026-10-03 20:00:00,75.7,87.1,1313.0,25.7,22.6,70.0,152.0,73.0,West Bengal,Kolkata,22.5726,88.3639,State Representative,2026-09-30T12:29:38.692227+00:00,True
2026-10-03 21:00:00,71.9,81.7,1165.0,22.4,20.7,69.0,152.0,71.0,West Bengal,Kolkata,22.5726,88.3639,State Representative,2026-09-30T12:29:38.692227+00:00,True
2026-10-03 22:00:00,67.5,76.1,915.0,17.6,17.6,73.0,152.0,69.0,West Bengal,Kolkata,22.5726,88.3639,State Representative,2026-09-30T12:29:38.692227+00:00,True
2026-10-03 23:00:00,63.3,71.0,705.0,13.7,15.1,76.0,152.0,67.0,West Bengal,Kolkata,22.5726,88.3639,State Representative,2026-09-30T12:29:38.692227+00:00,True
2026-10-04 00:00:00,61.9,69.2,584.0,11.7,13.8,77.0,153.0,66.0,West Bengal,Kolkata,22.5726,88.3639,State Representative,2026-09-30T12:29:38.692227+00:00,True
2026-10-04 01:00:00,61.0,68.2,502.0,10.5,13.2,77.0,153.0,66.0,West Bengal,Kolkata,22.5726,88.3639,State Representative,2026-09-30T12:29:38.692227+00:00,True
2026-10-04 02:00:00,60.1,67.5,454.0,10.0,12.8,77.0,153.0,65.0,West Bengal,Kolkata,22.5726,88.3639,State Representative,2026-09-30T12:29:38.692227+00:00,True
2026-10-04 03:00:00,59.0,66.6,453.0,10.3,12.6,74.0,153.0,65.0,West Bengal,Kolkata,22.5726,88.3639,State Representative,2026-09-30T12:29:38.692227+00:00,True
2026-10-04 04:00:00,57.9,65.4,486.0,11.3,12.6,71.0,153.0,64.0,West Bengal,Kolkata,22.5726,88.3639,State Representative,2026-09-30T12:29:38.692227+00:00,True
2026-10-04 05:00:00,58.4,65.9,488.3,11.4,13.3,74.0,153.0,64.0,West Bengal,Kolkata,22.5726,88.3639,State Representative,2026-09-30T12:29:38.692227+00:00,True
2026-10-04 06:00:00,61.7,68.2,472.0,10.0,14.9,89.0,153.0,66.0,West Bengal,Kolkata,22.5726,88.3639,State Representative,2026-09-30T12:29:38.692227+00:00,True
2026-10-04 07:00:00,58.0,66.6,455.0,7.8,17.1,111.0,153.0,64.0,West Bengal,Kolkata,22.5726,88.3639,State Representative,2026-09-30T12:29:38.692227+00:00,True
2026-10-04 08:00:00,56.6,68.2,431.0,5.9,19.0,131.0,153.0,66.0,West Bengal,Kolkata,22.5726,88.3639,State Representative,2026-09-30T12:29:38.692227+00:00,True
2026-10-04 09:00:00,59.6,76.8,406.0,4.5,20.3,148.0,154.0,74.0,West Bengal,Kolkata,22.5726,88.3639,State Representative,2026-09-30T12:29:38.692227+00:00,True
2026-10-04 10:00:00,59.5,82.9,371.0,3.3,21.2,164.0,154.0,84.0,West Bengal,Kolkata,22.5726,88.3639,State Representative,2026-09-30T12:29:38.692227+00:00,True
2026-10-04 11:00:00,55.6,82.4,343.0,2.6,21.6,175.0,154.0,95.0,West Bengal,Kolkata,22.5726,88.3639,State Representative,2026-09-30T12:29:38.692227+00:00,True
2026-10-04 12:00:00,54.0,81.0,323.0,1.8,20.8,181.0,154.0,101.0,West Bengal,Kolkata,22.5726,88.3639,State Representative,2026-09-30T12:29:38.692227+00:00,True
2026-10-04 13:00:00,53.6,80.1,310.0,1.4,19.4,182.0,154.0,102.0,West Bengal,Kolkata,22.5726,88.3639,State Representative,2026-09-30T12:29:38.692227+00:00,True
2026-10-04 14:00:00,53.4,79.2,321.0,3.0,18.9,177.0,154.0,97.0,West Bengal,Kolkata,22.5726,88.3639,State Representative,2026-09-30T12:29:38.692227+00:00,True
2026-10-04 15:00:00,54.1,78.7,361.0,7.7,19.5,164.0,154.0,84.0,West Bengal,Kolkata,22.5726,88.3639,State Representative,2026-09-30T12:29:38.692227+00:00,True
2026-10-04 16:00:00,55.8,79.4,424.0,14.5,20.9,144.0,154.0,72.0,West Bengal,Kolkata,22.5726,88.3639,State Representative,2026-09-30T12:29:38.692227+00:00,True
2026-10-04 17:00:00,69.4,89.9,514.0,21.7,23.9,124.0,154.0,70.0,West Bengal,Kolkata,22.5726,88.3639,State Representative,2026-09-30T12:29:38.692227+00:00,True
2026-10-04 18:00:00,84.3,105.5,657.0,30.3,30.4,102.0,154.0,77.0,West Bengal,Kolkata,22.5726,88.3639,State Representative,2026-09-30T12:29:38.692227+00:00,True
2026-10-04 19:00:00,103.4,124.8,826.0,39.3,38.4,79.0,155.0,85.0,West Bengal,Kolkata,22.5726,88.3639,State Representative,2026-09-30T12:29:38.692227+00:00,True
2026-10-04 20:00:00,118.5,139.7,942.0,44.8,43.1,61.0,155.0,91.0,West Bengal,Kolkata,22.5726,88.3639,State Representative,2026-09-30T12:29:38.692227+00:00,True
2026-10-04 21:00:00,128.5,149.0,971.0,44.5,41.8,52.0,157.0,95.0,West Bengal,Kolkata,22.5726,88.3639,State Representative,2026-09-30T12:29:38.692227+00:00,True
2026-10-04 22:00:00,128.1,147.1,947.0,40.7,37.1,48.0,158.0,95.0,West Bengal,Kolkata,22.5726,88.3639,State Representative,2026-09-30T12:29:38.692227+00:00,True
2026-10-04 23:00:00,114.3,131.3,897.0,35.5,31.8,48.0,160.0,90.0,West Bengal,Kolkata,22.5726,88.3639,State Representative,2026-09-30T12:29:38.692227+00:00,True
2026-10-05 00:00:00,100.6,115.7,812.0,28.7,26.1,51.0,162.0,84.0,West Bengal,Kolkata,22.5726,88.3639,State Representative,2026-09-30T12:29:38.692227+00:00,True
2026-10-05 01:00:00,90.3,104.1,700.0,20.5,19.8,57.0,163.0,80.0,West Bengal,Kolkata,22.5726,88.3639,State Representative,2026-09-30T12:29:38.692227+00:00,True
2026-10-05 02:00:00,83.4,95.9,612.0,14.5,15.1,62.0,164.0,77.0,West Bengal,Kolkata,22.5726,88.3639,State Representative,2026-09-30T12:29:38.692227+00:00,True
2026-10-05 03:00:00,78.2,90.6,568.0,12.3,13.3,65.0,164.0,74.0,West Bengal,Kolkata,22.5726,88.3639,State Representative,2026-09-30T12:29:38.692227+00:00,True
2026-10-05 04:00:00,75.0,87.5,547.0,12.2,13.2,67.0,165.0,73.0,West Bengal,Kolkata,22.5726,88.3639,State Representative,2026-09-30T12:29:38.692227+00:00,True
2026-10-05 05:00:00,75.0,87.8,535.0,12.4,13.3,69.0,166.0,73.0,West Bengal,Kolkata,22.5726,88.3639,State Representative,2026-09-30T12:29:38.692227+00:00,True
2026-10-05 06:00:00,,,,,,,166.0,,West Bengal,Kolkata,22.5726,88.3639,State Representative,2026-09-30T12:29:38.692227+00:00,False
2026-10-05 07:00:00,,,,,,,,,West Bengal,Kolkata,22.5726,88.3639,State Representative,2026-09-30T12:29:38.692227+00:00,False
2026-10-05 08:00:00,,,,,,,,,West Bengal,Kolkata,22.5726,88.3639,State Representative,2026-09-30T12:29:38.692227+00:00,False
2026-10-05 09:00:00,,,,,,,,,West Bengal,Kolkata,22.5726,88.3639,State Representative,2026-09-30T12:29:38.692227+00:00,False
2026-10-05 10:00:00,,,,,,,,,West Bengal,Kolkata,22.5726,88.3639,State Representative,2026-09-30T12:29:38.692227+00:00,False
2026-10-05 11:00:00,,,,,,,,,West Bengal,Kolkata,22.5726,88.3639,State Representative,2026-09-30T12:29:38.692227+00:00,False
2026-10-05 12:00:00,,,,,,,,,West Bengal,Kolkata,22.5726,88.3639,State Representative,2026-09-30T12:29:38.692227+00:00,False
2026-10-05 13:00:00,,,,,,,,,West Bengal,Kolkata,22.5726,88.3639,State Representative,2026-09-30T12:29:38.692227+00:00,False
2026-10-05 14:00:00,,,,,,,,,West Bengal,Kolkata,22.5726,88.3639,State Representative,2026-09-30T12:29:38.692227+00:00,False
2026-10-05 15:00:00,,,,,,,,,West Bengal,Kolkata,22.5726,88.3639,State Representative,2026-09-30T12:29:38.692227+00:00,False
2026-10-05 16:00:00,,,,,,,,,West Bengal,Kolkata,22.5726,88.3639,State Representative,2026-09-30T12:29:38.692227+00:00,False
2026-10-05 17:00:00,,,,,,,,,West Bengal,Kolkata,22.5726,88.3639,State Representative,2026-09-30T12:29:38.692227+00:00,False
2026-10-05 18:00:00,,,,,,,,,West Bengal,Kolkata,22.5726,88.3639,State Representative,2026-09-30T12:29:38.692227+00:00,False
2026-10-05 19:00:00,,,,,,,,,West Bengal,Kolkata,22.5726,88.3639,State Representative,2026-09-30T12:29:38.692227+00:00,False
2026-10-05 20:00:00,,,,,,,,,West Bengal,Kolkata,22.5726,88.3639,State Representative,2026-09-30T12:29:38.692227+00:00,False
2026-10-05 21:00:00,,,,,,,,,West Bengal,Kolkata,22.5726,88.3639,State Representative,2026-09-30T12:29:38.692227+00:00,False
2026-10-05 22:00:00,,,,,,,,,West Bengal,Kolkata,22.5726,88.3639,State Representative,2026-09-30T12:29:38.692227+00:00,False
2026-10-05 23:00:00,,,,,,,,,West Bengal,Kolkata,22.5726,88.3639,State Representative,2026-09-30T12:29:38.692227+00:00,False
2026-10-06 00:00:00,,,,,,,,,West Bengal,Kolkata,22.5726,88.3639,State Representative,2026-09-30T12:29:38.692227+00:00,False
2026-10-06 01:00:00,,,,,,,,,West Bengal,Kolkata,22.5726,88.3639,State Representative,2026-09-30T12:29:38.692227+00:00,False
2026-10-06 02:00:00,,,,,,,,,West Bengal,Kolkata,22.5726,88.3639,State Representative,2026-09-30T12:29:38.692227+00:00,False
2026-10-06 03:00:00,,,,,,,,,West Bengal,Kolkata,22.5726,88.3639,State Representative,2026-09-30T12:29:38.692227+00:00,False
2026-10-06 04:00:00,,,,,,,,,West Bengal,Kolkata,22.5726,88.3639,State Representative,2026-09-30T12:29:38.692227+00:00,False
2026-10-06 05:00:00,,,,,,,,,West Bengal,Kolkata,22.5726,88.3639,State Representative,2026-09-30T12:29:38.692227+00:00,False
2026-10-06 06:00:00,,,,,,,,,West Bengal,Kolkata,22.5726,88.3639,State Representative,2026-09-30T12:29:38.692227+00:00,False
2026-10-06 07:00:00,,,,,,,,,West Bengal,Kolkata,22.5726,88.3639,State Representative,2026-09-30T12:29:38.692227+00:00,False
2026-10-06 08:00:00,,,,,,,,,West Bengal,Kolkata,22.5726,88.3639,State Representative,2026-09-30T12:29:38.692227+00:00,False
2026-10-06 09:00:00,,,,,,,,,West Bengal,Kolkata,22.5726,88.3639,State Representative,2026-09-30T12:29:38.692227+00:00,False
2026-10-06 10:00:00,,,,,,,,,West Bengal,Kolkata,22.5726,88.3639,State Representative,2026-09-30T12:29:38.692227+00:00,False
2026-10-06 11:00:00,,,,,,,,,West Bengal,Kolkata,22.5726,88.3639,State Representative,2026-09-30T12:29:38.692227+00:00,False
2026-10-06 12:00:00,,,,,,,,,West Bengal,Kolkata,22.5726,88.3639,State Representative,2026-09-30T12:29:38.692227+00:00,False
2026-10-06 13:00:00,,,,,,,,,West Bengal,Kolkata,22.5726,88.3639,State Representative,2026-09-30T12:29:38.692227+00:00,False
2026-10-06 14:00:00,,,,,,,,,West Bengal,Kolkata,22.5726,88.3639,State Representative,2026-09-30T12:29:38.692227+00:00,False
2026-10-06 15:00:00,,,,,,,,,West Bengal,Kolkata,22.5726,88.3639,State Representative,2026-09-30T12:29:38.692227+00:00,False
2026-10-06 16:00:00,,,,,,,,,West Bengal,Kolkata,22.5726,88.3639,State Representative,2026-09-30T12:29:38.692227+00:00,False
2026-10-06 17:00:00,,,,,,,,,West Bengal,Kolkata,22.5726,88.3639,State Representative,2026-09-30T12:29:38.692227+00:00,False
2026-10-06 18:00:00,,,,,,,,,West Bengal,Kolkata,22.5726,88.3639,State Representative,2026-09-30T12:29:38.692227+00:00,False
2026-10-06 19:00:00,,,,,,,,,West Bengal,Kolkata,22.5726,88.3639,State Representative,2026-09-30T12:29:38.692227+00:00,False
2026-10-06 20:00:00,,,,,,,,,West Bengal,Kolkata,22.5726,88.3639,State Representative,2026-09-30T12:29:38.692227+00:00,False
2026-10-06 21:00:00,,,,,,,,,West Bengal,Kolkata,22.5726,88.3639,State Representative,2026-09-30T12:29:38.692227+00:00,False
2026-10-06 22:00:00,,,,,,,,,West Bengal,Kolkata,22.5726,88.3639,State Representative,2026-09-30T12:29:38.692227+00:00,False
2026-10-06 23:00:00,,,,,,,,,West Bengal,Kolkata,22.5726,88.3639,State Representative,2026-09-30T12:29:38.692227+00:00,False
2026-09-30 00:00:00,69.2,232.4,613.0,23.9,19.7,81.0,142.0,90.0,Delhi,New Delhi,28.6139,77.209,Union Territory,2026-09-30T12:29:39.359154+00:00,True
2026-09-30 01:00:00,62.6,195.1,541.0,20.2,19.2,84.0,144.0,80.0,Delhi,New Delhi,28.6139,77.209,Union Territory,2026-09-30T12:29:39.359154+00:00,True
2026-09-30 02:00:00,57.0,164.4,493.0,17.6,19.0,86.0,145.0,72.0,Delhi,New Delhi,28.6139,77.209,Union Territory,2026-09-30T12:29:39.359154+00:00,True
2026-09-30 03:00:00,52.4,142.5,468.0,16.7,19.3,84.0,146.0,66.0,Delhi,New Delhi,28.6139,77.209,Union Territory,2026-09-30T12:29:39.359154+00:00,True
2026-09-30 04:00:00,49.2,128.5,466.0,16.9,19.9,80.0,146.0,62.0,Delhi,New Delhi,28.6139,77.209,Union Territory,2026-09-30T12:29:39.359154+00:00,True
2026-09-30 05:00:00,53.3,138.8,522.0,17.7,21.2,88.0,145.0,65.0,Delhi,New Delhi,28.6139,77.209,Union Territory,2026-09-30T12:29:39.359154+00:00,True
2026-09-30 06:00:00,54.4,131.8,705.0,21.0,22.5,90.0,146.0,63.0,Delhi,New Delhi,28.6139,77.209,Union Territory,2026-09-30T12:29:39.359154+00:00,True
2026-09-30 07:00:00,56.9,125.3,945.0,25.2,24.4,93.0,146.0,63.0,Delhi,New Delhi,28.6139,77.209,Union Territory,2026-09-30T12:29:39.359154+00:00,True
2026-09-30 08:00:00,53.2,123.9,1066.0,26.4,25.6,105.0,147.0,62.0,Delhi,New Delhi,28.6139,77.209,Union Territory,2026-09-30T12:29:39.359154+00:00,True
2026-09-30 09:00:00,44.6,106.9,955.0,21.5,25.9,134.0,148.0,67.0,Delhi,New Delhi,28.6139,77.209,Union Territory,2026-09-30T12:29:39.359154+00:00,True
2026-09-30 10:00:00,39.0,100.6,726.0,13.6,25.5,171.0,150.0,91.0,Delhi,New Delhi,28.6139,77.209,Union Territory,2026-09-30T12:29:39.359154+00:00,True
2026-09-30 11:00:00,41.6,120.1,543.0,7.5,24.5,197.0,150.0,117.0,Delhi,New Delhi,28.6139,77.209,Union Territory,2026-09-30T12:29:39.359154+00:00,True
2026-09-30 12:00:00,48.1,156.5,460.0,4.8,22.3,203.0,151.0,123.0,Delhi,New Delhi,28.6139,77.209,Union Territory,2026-09-30T12:29:39.359154+00:00,True
2026-09-30 13:00:00,54.0,192.3,423.0,4.0,19.5,198.0,151.0,118.0,Delhi,New Delhi,28.6139,77.209,Union Territory,2026-09-30T12:29:39.359154+00:00,True
2026-09-30 14:00:00,58.8,227.7,441.0,5.5,17.6,187.0,152.0,107.0,Delhi,New Delhi,28.6139,77.209,Union Territory,2026-09-30T12:29:39.359154+00:00,True
2026-09-30 15:00:00,63.6,262.6,530.0,9.9,17.2,171.0,152.0,98.0,Delhi,New Delhi,28.6139,77.209,Union Territory,2026-09-30T12:29:39.359154+00:00,True
2026-09-30 16:00:00,68.0,280.3,674.0,16.6,17.6,150.0,155.0,103.0,Delhi,New Delhi,28.6139,77.209,Union Territory,2026-09-30T12:29:39.359154+00:00,True
2026-09-30 17:00:00,75.7,294.3,828.0,23.9,18.9,129.0,162.0,106.0,Delhi,New Delhi,28.6139,77.209,Union Territory,2026-09-30T12:29:39.359154+00:00,True
2026-09-30 18:00:00,85.7,309.2,1019.0,32.4,21.6,108.0,162.0,110.0,Delhi,New Delhi,28.6139,77.209,Union Territory,2026-09-30T12:29:39.359154+00:00,True
2026-09-30 19:00:00,95.2,346.5,1220.0,41.6,25.1,88.0,154.0,120.0,Delhi,New Delhi,28.6139,77.209,Union Territory,2026-09-30T12:29:39.359154+00:00,True
2026-09-30 20:00:00,102.7,385.6,1309.0,47.5,27.5,73.0,155.0,131.0,Delhi,New Delhi,28.6139,77.209,Union Territory,2026-09-30T12:29:39.359154+00:00,True
2026-09-30 21:00:00,107.6,407.9,1195.0,48.2,28.0,67.0,156.0,137.0,Delhi,New Delhi,28.6139,77.209,Union Territory,2026-09-30T12:29:39.359154+00:00,True
2026-09-30 22:00:00,109.7,403.3,969.0,45.8,27.4,65.0,156.0,136.0,Delhi,New Delhi,28.6139,77.209,Union Territory,2026-09-30T12:29:39.359154+00:00,True
2026-09-30 23:00:00,107.6,374.4,778.0,42.6,26.4,65.0,157.0,128.0,Delhi,New Delhi,28.6139,77.209,Union Territory,2026-09-30T12:29:39.359154+00:00,True
2026-10-01 00:00:00,102.2,332.5,676.0,38.7,24.9,65.0,158.0,117.0,Delhi,New Delhi,28.6139,77.209,Union Territory,2026-09-30T12:29:39.359154+00:00,True
2026-10-01 01:00:00,97.1,293.4,610.0,34.0,22.9,65.0,159.0,106.0,Delhi,New Delhi,28.6139,77.209,Union Territory,2026-09-30T12:29:39.359154+00:00,True
2026-10-01 02:00:00,92.2,257.0,570.0,30.6,21.4,64.0,160.0,97.0,Delhi,New Delhi,28.6139,77.209,Union Territory,2026-09-30T12:29:39.359154+00:00,True
2026-10-01 03:00:00,87.5,225.8,535.0,29.1,20.7,59.0,161.0,88.0,Delhi,New Delhi,28.6139,77.209,Union Territory,2026-09-30T12:29:39.359154+00:00,True
2026-10-01 04:00:00,82.9,198.8,525.0,28.9,20.4,54.0,162.0,81.0,Delhi,New Delhi,28.6139,77.209,Union Territory,2026-09-30T12:29:39.359154+00:00,True
2026-10-01 05:00:00,79.6,180.2,590.0,29.8,20.8,52.0,163.0,76.0,Delhi,New Delhi,28.6139,77.209,Union Territory,2026-09-30T12:29:39.359154+00:00,True
2026-10-01 06:00:00,81.3,170.9,826.0,33.7,22.4,55.0,164.0,76.0,Delhi,New Delhi,28.6139,77.209,Union Territory,2026-09-30T12:29:39.359154+00:00,True
2026-10-01 07:00:00,83.6,160.7,1136.0,38.7,24.7,61.0,165.0,77.0,Delhi,New Delhi,28.6139,77.209,Union Territory,2026-09-30T12:29:39.359154+00:00,True
2026-10-01 08:00:00,81.5,163.0,1283.0,39.3,26.0,77.0,166.0,76.0,Delhi,New Delhi,28.6139,77.209,Union Territory,2026-09-30T12:29:39.359154+00:00,True
2026-10-01 09:00:00,73.8,161.6,1112.0,31.1,25.8,111.0,167.0,72.0,Delhi,New Delhi,28.6139,77.209,Union Territory,2026-09-30T12:29:39.359154+00:00,True
2026-10-01 10:00:00,63.6,144.4,777.0,18.4,24.7,153.0,167.0,77.0,Delhi,New Delhi,28.6139,77.209,Union Territory,2026-09-30T12:29:39.359154+00:00,True
2026-10-01 11:00:00,56.3,143.0,503.0,8.7,23.1,181.0,168.0,101.0,Delhi,New Delhi,28.6139,77.209,Union Territory,2026-09-30T12:29:39.359154+00:00,True
2026-10-01 12:00:00,53.1,153.7,362.0,4.7,20.6,182.0,169.0,102.0,Delhi,New Delhi,28.6139,77.209,Union Territory,2026-09-30T12:29:39.359154+00:00,True
2026-10-01 13:00:00,53.7,173.2,281.0,3.8,17.4,168.0,169.0,88.0,Delhi,New Delhi,28.6139,77.209,Union Territory,2026-09-30T12:29:39.359154+00:00,True
2026-10-01 14:00:00,55.6,196.5,273.0,5.1,15.2,153.0,169.0,80.0,Delhi,New Delhi,28.6139,77.209,Union Territory,2026-09-30T12:29:39.359154+00:00,True
2026-10-01 15:00:00,56.8,198.4,366.0,9.0,14.3,139.0,169.0,81.0,Delhi,New Delhi,28.6139,77.209,Union Territory,2026-09-30T12:29:39.359154+00:00,True
2026-10-01 16:00:00,64.0,247.7,531.0,15.2,14.2,124.0,168.0,94.0,Delhi,New Delhi,28.6139,77.209,Union Territory,2026-09-30T12:29:39.359154+00:00,True
2026-10-01 17:00:00,72.6,271.9,693.0,22.0,15.0,108.0,168.0,101.0,Delhi,New Delhi,28.6139,77.209,Union Territory,2026-09-30T12:29:39.359154+00:00,True
2026-10-01 18:00:00,84.1,297.1,859.0,30.1,17.2,90.0,168.0,107.0,Delhi,New Delhi,28.6139,77.209,Union Territory,2026-09-30T12:29:39.359154+00:00,True
2026-10-01 19:00:00,94.1,337.1,1023.0,38.8,20.3,72.0,168.0,118.0,Delhi,New Delhi,28.6139,77.209,Union Territory,2026-09-30T12:29:39.359154+00:00,True
2026-10-01 20:00:00,102.4,383.7,1090.0,44.2,22.3,59.0,168.0,130.0,Delhi,New Delhi,28.6139,77.209,Union Territory,2026-09-30T12:29:39.359154+00:00,True
2026-10-01 21:00:00,108.7,412.6,981.0,44.1,22.3,55.0,168.0,138.0,Delhi,New Delhi,28.6139,77.209,Union Territory,2026-09-30T12:29:39.359154+00:00,True
2026-10-01 22:00:00,111.3,412.6,775.0,40.7,21.3,57.0,168.0,138.0,Delhi,New Delhi,28.6139,77.209,Union Territory,2026-09-30T12:29:39.359154+00:00,True
2026-10-01 23:00:00,109.2,381.8,614.0,37.0,20.0,58.0,168.0,130.0,Delhi,New Delhi,28.6139,77.209,Union Territory,2026-09-30T12:29:39.359154+00:00,True
2026-10-02 00:00:00,103.1,332.5,560.0,33.7,18.6,58.0,168.0,117.0,Delhi,New Delhi,28.6139,77.209,Union Territory,2026-09-30T12:29:39.359154+00:00,True
2026-10-02 01:00:00,96.2,279.4,552.0,30.1,17.0,58.0,168.0,103.0,Delhi,New Delhi,28.6139,77.209,Union Territory,2026-09-30T12:29:39.359154+00:00,True
2026-10-02 02:00:00,89.4,235.6,548.0,27.5,15.8,57.0,168.0,91.0,Delhi,New Delhi,28.6139,77.209,Union Territory,2026-09-30T12:29:39.359154+00:00,True
2026-10-02 03:00:00,83.4,202.6,518.0,26.5,15.1,52.0,168.0,82.0,Delhi,New Delhi,28.6139,77.209,Union Territory,2026-09-30T12:29:39.359154+00:00,True
2026-10-02 04:00:00,78.5,180.7,493.0,26.5,14.7,46.0,168.0,76.0,Delhi,New Delhi,28.6139,77.209,Union Territory,2026-09-30T12:29:39.359154+00:00,True
2026-10-02 05:00:00,74.7,166.7,521.0,27.2,15.0,43.0,168.0,72.0,Delhi,New Delhi,28.6139,77.209,Union Territory,2026-09-30T12:29:39.359154+00:00,True
2026-10-02 06:00:00,73.3,155.1,675.0,29.8,16.3,43.0,168.0,72.0,Delhi,New Delhi,28.6139,77.209,Union Territory,2026-09-30T12:29:39.359154+00:00,True
2026-10-02 07:00:00,74.7,144.8,882.0,33.2,18.3,47.0,168.0,72.0,Delhi,New Delhi,28.6139,77.209,Union Territory,2026-09-30T12:29:39.359154+00:00,True
2026-10-02 08:00:00,72.6,142.5,973.0,33.2,20.0,59.0,167.0,71.0,Delhi,New Delhi,28.6139,77.209,Union Territory,2026-09-30T12:29:39.359154+00:00,True
2026-10-02 09:00:00,68.5,142.5,835.0,26.8,21.3,89.0,167.0,69.0,Delhi,New Delhi,28.6139,77.209,Union Territory,2026-09-30T12:29:39.359154+00:00,True
2026-10-02 10:00:00,62.6,141.6,581.0,17.2,22.3,128.0,167.0,66.0,Delhi,New Delhi,28.6139,77.209,Union Territory,2026-09-30T12:29:39.359154+00:00,True
2026-10-02 11:00:00,55.4,145.3,380.0,9.6,22.1,156.0,167.0,78.0,Delhi,New Delhi,28.6139,77.209,Union Territory,2026-09-30T12:29:39.359154+00:00,True
2026-10-02 12:00:00,52.2,160.7,291.0,6.0,19.9,164.0,167.0,84.0,Delhi,New Delhi,28.6139,77.209,Union Territory,2026-09-30T12:29:39.359154+00:00,True
2026-10-02 13:00:00,53.9,188.1,255.0,4.5,16.6,161.0,167.0,81.0,Delhi,New Delhi,28.6139,77.209,Union Territory,2026-09-30T12:29:39.359154+00:00,True
2026-10-02 14:00:00,57.5,223.1,260.0,5.0,14.1,153.0,167.0,87.0,Delhi,New Delhi,28.6139,77.209,Union Territory,2026-09-30T12:29:39.359154+00:00,True
2026-10-02 15:00:00,61.7,256.1,317.0,7.9,13.0,142.0,167.0,96.0,Delhi,New Delhi,28.6139,77.209,Union Territory,2026-09-30T12:29:39.359154+00:00,True
2026-10-02 16:00:00,66.4,279.4,414.0,12.7,12.7,128.0,167.0,103.0,Delhi,New Delhi,28.6139,77.209,Union Territory,2026-09-30T12:29:39.359154+00:00,True
2026-10-02 17:00:00,72.9,297.1,508.0,18.3,13.2,112.0,167.0,107.0,Delhi,New Delhi,28.6139,77.209,Union Territory,2026-09-30T12:29:39.359154+00:00,True
2026-10-02 18:00:00,82.0,312.0,595.0,25.4,15.2,95.0,167.0,111.0,Delhi,New Delhi,28.6139,77.209,Union Territory,2026-09-30T12:29:39.359154+00:00,True
2026-10-02 19:00:00,89.9,339.0,678.0,33.3,18.1,78.0,167.0,118.0,Delhi,New Delhi,28.6139,77.209,Union Territory,2026-09-30T12:29:39.359154+00:00,True
2026-10-02 20:00:00,96.9,372.5,723.0,38.5,20.0,65.0,167.0,127.0,Delhi,New Delhi,28.6139,77.209,Union Territory,2026-09-30T12:29:39.359154+00:00,True
2026-10-02 21:00:00,101.7,394.9,703.0,39.2,20.2,60.0,167.0,133.0,Delhi,New Delhi,28.6139,77.209,Union Territory,2026-09-30T12:29:39.359154+00:00,True
2026-10-02 22:00:00,102.4,384.6,645.0,37.4,19.5,60.0,167.0,131.0,Delhi,New Delhi,28.6139,77.209,Union Territory,2026-09-30T12:29:39.359154+00:00,True
2026-10-02 23:00:00,98.5,338.1,591.0,35.1,18.5,60.0,166.0,118.0,Delhi,New Delhi,28.6139,77.209,Union Territory,2026-09-30T12:29:39.359154+00:00,True
2026-10-03 00:00:00,91.7,285.0,551.0,32.7,17.3,58.0,166.0,104.0,Delhi,New Delhi,28.6139,77.209,Union Territory,2026-09-30T12:29:39.359154+00:00,True
2026-10-03 01:00:00,85.2,240.3,516.0,30.0,15.8,57.0,166.0,92.0,Delhi,New Delhi,28.6139,77.209,Union Territory,2026-09-30T12:29:39.359154+00:00,True
2026-10-03 02:00:00,80.3,208.2,499.0,28.2,14.8,54.0,165.0,84.0,Delhi,New Delhi,28.6139,77.209,Union Territory,2026-09-30T12:29:39.359154+00:00,True
2026-10-03 03:00:00,76.8,189.5,499.0,28.0,14.4,48.0,165.0,79.0,Delhi,New Delhi,28.6139,77.209,Union Territory,2026-09-30T12:29:39.359154+00:00,True
2026-10-03 04:00:00,74.5,177.9,517.0,28.7,14.4,42.0,165.0,75.0,Delhi,New Delhi,28.6139,77.209,Union Territory,2026-09-30T12:29:39.359154+00:00,True
2026-10-03 05:00:00,73.8,173.2,566.0,30.0,14.9,39.0,165.0,74.0,Delhi,New Delhi,28.6139,77.209,Union Territory,2026-09-30T12:29:39.359154+00:00,True
2026-10-03 06:00:00,75.4,172.3,693.0,33.1,16.3,40.0,165.0,74.0,Delhi,New Delhi,28.6139,77.209,Union Territory,2026-09-30T12:29:39.359154+00:00,True
2026-10-03 07:00:00,79.4,167.2,851.0,36.8,18.2,44.0,165.0,75.0,Delhi,New Delhi,28.6139,77.209,Union Territory,2026-09-30T12:29:39.359154+00:00,True
2026-10-03 08:00:00,79.6,170.9,908.0,36.7,19.4,59.0,165.0,75.0,Delhi,New Delhi,28.6139,77.209,Union Territory,2026-09-30T12:29:39.359154+00:00,True
2026-10-03 09:00:00,76.1,176.0,767.0,29.4,19.4,94.0,165.0,75.0,Delhi,New Delhi,28.6139,77.209,Union Territory,2026-09-30T12:29:39.359154+00:00,True
2026-10-03 10:00:00,68.2,169.5,524.0,18.3,18.8,140.0,165.0,73.0,Delhi,New Delhi,28.6139,77.209,Union Territory,2026-09-30T12:29:39.359154+00:00,True
2026-10-03 11:00:00,61.7,164.8,337.0,9.7,18.1,172.0,165.0,92.0,Delhi,New Delhi,28.6139,77.209,Union Territory,2026-09-30T12:29:39.359154+00:00,True
2026-10-03 12:00:00,57.6,164.4,262.0,5.9,17.4,179.0,166.0,99.0,Delhi,New Delhi,28.6139,77.209,Union Territory,2026-09-30T12:29:39.359154+00:00,True
2026-10-03 13:00:00,55.9,169.0,242.0,4.7,16.6,173.0,166.0,93.0,Delhi,New Delhi,28.6139,77.209,Union Territory,2026-09-30T12:29:39.359154+00:00,True
2026-10-03 14:00:00,56.3,183.5,261.0,5.5,15.8,163.0,166.0,83.0,Delhi,New Delhi,28.6139,77.209,Union Territory,2026-09-30T12:29:39.359154+00:00,True
2026-10-03 15:00:00,58.4,205.4,321.0,8.2,14.7,151.0,166.0,83.0,Delhi,New Delhi,28.6139,77.209,Union Territory,2026-09-30T12:29:39.359154+00:00,True
2026-10-03 16:00:00,61.5,223.5,420.0,12.9,13.7,134.0,166.0,88.0,Delhi,New Delhi,28.6139,77.209,Union Territory,2026-09-30T12:29:39.359154+00:00,True
2026-10-03 17:00:00,67.3,243.1,536.0,19.9,13.9,116.0,166.0,93.0,Delhi,New Delhi,28.6139,77.209,Union Territory,2026-09-30T12:29:39.359154+00:00,True
2026-10-03 18:00:00,77.1,264.5,644.0,31.0,16.3,94.0,165.0,99.0,Delhi,New Delhi,28.6139,77.209,Union Territory,2026-09-30T12:29:39.359154+00:00,True
2026-10-03 19:00:00,85.4,282.2,770.0,44.2,19.9,71.0,165.0,103.0,Delhi,New Delhi,28.6139,77.209,Union Territory,2026-09-30T12:29:39.359154+00:00,True
2026-10-03 20:00:00,93.1,307.3,966.0,54.1,22.7,53.0,165.0,110.0,Delhi,New Delhi,28.6139,77.209,Union Territory,2026-09-30T12:29:39.359154+00:00,True
2026-10-03 21:00:00,101.0,346.5,1343.0,57.6,24.0,45.0,165.0,120.0,Delhi,New Delhi,28.6139,77.209,Union Territory,2026-09-30T12:29:39.359154+00:00,True
2026-10-03 22:00:00,108.3,387.4,1791.0,57.8,24.5,42.0,165.0,131.0,Delhi,New Delhi,28.6139,77.209,Union Territory,2026-09-30T12:29:39.359154+00:00,True
2026-10-03 23:00:00,113.2,415.4,2036.0,57.9,24.8,40.0,165.0,139.0,Delhi,New Delhi,28.6139,77.209,Union Territory,2026-09-30T12:29:39.359154+00:00,True
2026-10-04 00:00:00,115.5,426.5,1915.0,58.8,25.0,37.0,166.0,142.0,Delhi,New Delhi,28.6139,77.209,Union Territory,2026-09-30T12:29:39.359154+00:00,True
2026-10-04 01:00:00,117.6,421.0,1592.0,59.7,25.0,34.0,166.0,140.0,Delhi,New Delhi,28.6139,77.209,Union Territory,2026-09-30T12:29:39.359154+00:00,True
2026-10-04 02:00:00,119.0,413.5,1277.0,60.9,25.2,30.0,167.0,138.0,Delhi,New Delhi,28.6139,77.209,Union Territory,2026-09-30T12:29:39.359154+00:00,True
2026-10-04 03:00:00,119.7,401.4,995.0,64.0,26.1,23.0,168.0,135.0,Delhi,New Delhi,28.6139,77.209,Union Territory,2026-09-30T12:29:39.359154+00:00,True
2026-10-04 04:00:00,118.0,386.5,723.0,67.4,27.2,15.0,170.0,131.0,Delhi,New Delhi,28.6139,77.209,Union Territory,2026-09-30T12:29:39.359154+00:00,True
2026-10-04 05:00:00,114.3,360.4,663.8,67.2,27.9,15.0,171.0,124.0,Delhi,New Delhi,28.6139,77.209,Union Territory,2026-09-30T12:29:39.359154+00:00,True
2026-10-04 06:00:00,109.7,325.0,697.0,60.9,27.9,25.0,172.0,115.0,Delhi,New Delhi,28.6139,77.209,Union Territory,2026-09-30T12:29:39.359154+00:00,True
2026-10-04 07:00:00,102.9,273.8,759.8,51.0,27.4,44.0,173.0,101.0,Delhi,New Delhi,28.6139,77.209,Union Territory,2026-09-30T12:29:39.359154+00:00,True
2026-10-04 08:00:00,90.6,243.1,767.0,40.6,26.5,69.0,174.0,93.0,Delhi,New Delhi,28.6139,77.209,Union Territory,2026-09-30T12:29:39.359154+00:00,True
2026-10-04 09:00:00,78.2,228.6,652.0,29.6,25.0,109.0,174.0,89.0,Delhi,New Delhi,28.6139,77.209,Union Territory,2026-09-30T12:29:39.359154+00:00,True
2026-10-04 10:00:00,72.4,220.7,503.0,18.2,23.0,156.0,174.0,87.0,Delhi,New Delhi,28.6139,77.209,Union Territory,2026-09-30T12:29:39.359154+00:00,True
2026-10-04 11:00:00,69.4,216.5,385.0,9.7,21.1,189.0,174.0,109.0,Delhi,New Delhi,28.6139,77.209,Union Territory,2026-09-30T12:29:39.359154+00:00,True
2026-10-04 12:00:00,65.9,206.8,321.0,5.8,19.4,199.0,175.0,119.0,Delhi,New Delhi,28.6139,77.209,Union Territory,2026-09-30T12:29:39.359154+00:00,True
2026-10-04 13:00:00,62.4,194.2,288.0,4.8,17.9,196.0,175.0,116.0,Delhi,New Delhi,28.6139,77.209,Union Territory,2026-09-30T12:29:39.359154+00:00,True
2026-10-04 14:00:00,59.8,186.7,274.0,5.6,16.8,187.0,175.0,107.0,Delhi,New Delhi,28.6139,77.209,Union Territory,2026-09-30T12:29:39.359154+00:00,True
2026-10-04 15:00:00,58.0,182.5,266.0,7.0,15.6,173.0,175.0,93.0,Delhi,New Delhi,28.6139,77.209,Union Territory,2026-09-30T12:29:39.359154+00:00,True
2026-10-04 16:00:00,57.4,171.8,277.0,10.1,14.8,153.0,175.0,77.0,Delhi,New Delhi,28.6139,77.209,Union Territory,2026-09-30T12:29:39.359154+00:00,True
2026-10-04 17:00:00,60.3,171.4,344.0,17.5,16.5,130.0,175.0,74.0,Delhi,New Delhi,28.6139,77.209,Union Territory,2026-09-30T12:29:39.359154+00:00,True
2026-10-04 18:00:00,71.0,171.4,508.0,33.0,22.5,102.0,175.0,74.0,Delhi,New Delhi,28.6139,77.209,Union Territory,2026-09-30T12:29:39.359154+00:00,True
2026-10-04 19:00:00,85.2,190.0,727.0,52.7,31.0,72.0,175.0,79.0,Delhi,New Delhi,28.6139,77.209,Union Territory,2026-09-30T12:29:39.359154+00:00,True
2026-10-04 20:00:00,100.4,208.6,909.0,67.9,37.9,48.0,175.0,84.0,Delhi,New Delhi,28.6139,77.209,Union Territory,2026-09-30T12:29:39.359154+00:00,True
2026-10-04 21:00:00,113.2,215.1,1019.0,74.8,42.0,37.0,175.0,89.0,Delhi,New Delhi,28.6139,77.209,Union Territory,2026-09-30T12:29:39.359154+00:00,True
2026-10-04 22:00:00,117.1,204.4,1092.0,77.1,44.5,32.0,175.0,91.0,Delhi,New Delhi,28.6139,77.209,Union Territory,2026-09-30T12:29:39.359154+00:00,True
2026-10-04 23:00:00,116.2,197.4,1137.0,77.6,45.8,29.0,176.0,90.0,Delhi,New Delhi,28.6139,77.209,Union Territory,2026-09-30T12:29:39.359154+00:00,True
2026-10-05 00:00:00,115.3,194.6,1149.0,76.7,45.4,26.0,176.0,90.0,Delhi,New Delhi,28.6139,77.209,Union Territory,2026-09-30T12:29:39.359154+00:00,True
2026-10-05 01:00:00,116.6,197.4,1133.0,73.9,43.8,24.0,176.0,91.0,Delhi,New Delhi,28.6139,77.209,Union Territory,2026-09-30T12:29:39.359154+00:00,True
2026-10-05 02:00:00,118.0,200.7,1110.0,70.7,42.2,23.0,176.0,91.0,Delhi,New Delhi,28.6139,77.209,Union Territory,2026-09-30T12:29:39.359154+00:00,True
2026-10-05 03:00:00,118.5,202.1,1083.0,67.1,41.1,22.0,176.0,91.0,Delhi,New Delhi,28.6139,77.209,Union Territory,2026-09-30T12:29:39.359154+00:00,True
2026-10-05 04:00:00,117.3,205.8,1048.0,63.1,40.0,21.0,176.0,91.0,Delhi,New Delhi,28.6139,77.209,Union Territory,2026-09-30T12:29:39.359154+00:00,True
2026-10-05 05:00:00,114.6,206.3,1024.0,60.3,39.3,20.0,176.0,90.0,Delhi,New Delhi,28.6139,77.209,Union Territory,2026-09-30T12:29:39.359154+00:00,True
2026-10-05 06:00:00,,,,,,,176.0,,Delhi,New Delhi,28.6139,77.209,Union Territory,2026-09-30T12:29:39.359154+00:00,False
2026-10-05 07:00:00,,,,,,,,,Delhi,New Delhi,28.6139,77.209,Union Territory,2026-09-30T12:29:39.359154+00:00,False
2026-10-05 08:00:00,,,,,,,,,Delhi,New Delhi,28.6139,77.209,Union Territory,2026-09-30T12:29:39.359154+00:00,False
2026-10-05 09:00:00,,,,,,,,,Delhi,New Delhi,28.6139,77.209,Union Territory,2026-09-30T12:29:39.359154+00:00,False
2026-10-05 10:00:00,,,,,,,,,Delhi,New Delhi,28.6139,77.209,Union Territory,2026-09-30T12:29:39.359154+00:00,False
2026-10-05 11:00:00,,,,,,,,,Delhi,New Delhi,28.6139,77.209,Union Territory,2026-09-30T12:29:39.359154+00:00,False
2026-10-05 12:00:00,,,,,,,,,Delhi,New Delhi,28.6139,77.209,Union Territory,2026-09-30T12:29:39.359154+00:00,False
2026-10-05 13:00:00,,,,,,,,,Delhi,New Delhi,28.6139,77.209,Union Territory,2026-09-30T12:29:39.359154+00:00,False
2026-10-05 14:00:00,,,,,,,,,Delhi,New Delhi,28.6139,77.209,Union Territory,2026-09-30T12:29:39.359154+00:00,False
2026-10-05 15:00:00,,,,,,,,,Delhi,New Delhi,28.6139,77.209,Union Territory,2026-09-30T12:29:39.359154+00:00,False
2026-10-05 16:00:00,,,,,,,,,Delhi,New Delhi,28.6139,77.209,Union Territory,2026-09-30T12:29:39.359154+00:00,False
2026-10-05 17:00:00,,,,,,,,,Delhi,New Delhi,28.6139,77.209,Union Territory,2026-09-30T12:29:39.359154+00:00,False
2026-10-05 18:00:00,,,,,,,,,Delhi,New Delhi,28.6139,77.209,Union Territory,2026-09-30T12:29:39.359154+00:00,False
2026-10-05 19:00:00,,,,,,,,,Delhi,New Delhi,28.6139,77.209,Union Territory,2026-09-30T12:29:39.359154+00:00,False
2026-10-05 20:00:00,,,,,,,,,Delhi,New Delhi,28.6139,77.209,Union Territory,2026-09-30T12:29:39.359154+00:00,False
2026-10-05 21:00:00,,,,,,,,,Delhi,New Delhi,28.6139,77.209,Union Territory,2026-09-30T12:29:39.359154+00:00,False
2026-10-05 22:00:00,,,,,,,,,Delhi,New Delhi,28.6139,77.209,Union Territory,2026-09-30T12:29:39.359154+00:00,False
2026-10-05 23:00:00,,,,,,,,,Delhi,New Delhi,28.6139,77.209,Union Territory,2026-09-30T12:29:39.359154+00:00,False
2026-10-06 00:00:00,,,,,,,,,Delhi,New Delhi,28.6139,77.209,Union Territory,2026-09-30T12:29:39.359154+00:00,False
2026-10-06 01:00:00,,,,,,,,,Delhi,New Delhi,28.6139,77.209,Union Territory,2026-09-30T12:29:39.359154+00:00,False
2026-10-06 02:00:00,,,,,,,,,Delhi,New Delhi,28.6139,77.209,Union Territory,2026-09-30T12:29:39.359154+00:00,False
2026-10-06 03:00:00,,,,,,,,,Delhi,New Delhi,28.6139,77.209,Union Territory,2026-09-30T12:29:39.359154+00:00,False
2026-10-06 04:00:00,,,,,,,,,Delhi,New Delhi,28.6139,77.209,Union Territory,2026-09-30T12:29:39.359154+00:00,False
2026-10-06 05:00:00,,,,,,,,,Delhi,New Delhi,28.6139,77.209,Union Territory,2026-09-30T12:29:39.359154+00:00,False
2026-10-06 06:00:00,,,,,,,,,Delhi,New Delhi,28.6139,77.209,Union Territory,2026-09-30T12:29:39.359154+00:00,False
2026-10-06 07:00:00,,,,,,,,,Delhi,New Delhi,28.6139,77.209,Union Territory,2026-09-30T12:29:39.359154+00:00,False
2026-10-06 08:00:00,,,,,,,,,Delhi,New Delhi,28.6139,77.209,Union Territory,2026-09-30T12:29:39.359154+00:00,False
2026-10-06 09:00:00,,,,,,,,,Delhi,New Delhi,28.6139,77.209,Union Territory,2026-09-30T12:29:39.359154+00:00,False
2026-10-06 10:00:00,,,,,,,,,Delhi,New Delhi,28.6139,77.209,Union Territory,2026-09-30T12:29:39.359154+00:00,False
2026-10-06 11:00:00,,,,,,,,,Delhi,New Delhi,28.6139,77.209,Union Territory,2026-09-30T12:29:39.359154+00:00,False
2026-10-06 12:00:00,,,,,,,,,Delhi,New Delhi,28.6139,77.209,Union Territory,2026-09-30T12:29:39.359154+00:00,False
2026-10-06 13:00:00,,,,,,,,,Delhi,New Delhi,28.6139,77.209,Union Territory,2026-09-30T12:29:39.359154+00:00,False
2026-10-06 14:00:00,,,,,,,,,Delhi,New Delhi,28.6139,77.209,Union Territory,2026-09-30T12:29:39.359154+00:00,False
2026-10-06 15:00:00,,,,,,,,,Delhi,New Delhi,28.6139,77.209,Union Territory,2026-09-30T12:29:39.359154+00:00,False
2026-10-06 16:00:00,,,,,,,,,Delhi,New Delhi,28.6139,77.209,Union Territory,2026-09-30T12:29:39.359154+00:00,False
2026-10-06 17:00:00,,,,,,,,,Delhi,New Delhi,28.6139,77.209,Union Territory,2026-09-30T12:29:39.359154+00:00,False
2026-10-06 18:00:00,,,,,,,,,Delhi,New Delhi,28.6139,77.209,Union Territory,2026-09-30T12:29:39.359154+00:00,False
2026-10-06 19:00:00,,,,,,,,,Delhi,New Delhi,28.6139,77.209,Union Territory,2026-09-30T12:29:39.359154+00:00,False
2026-10-06 20:00:00,,,,,,,,,Delhi,New Delhi,28.6139,77.209,Union Territory,2026-09-30T12:29:39.359154+00:00,False
2026-10-06 21:00:00,,,,,,,,,Delhi,New Delhi,28.6139,77.209,Union Territory,2026-09-30T12:29:39.359154+00:00,False
2026-10-06 22:00:00,,,,,,,,,Delhi,New Delhi,28.6139,77.209,Union Territory,2026-09-30T12:29:39.359154+00:00,False
2026-10-06 23:00:00,,,,,,,,,Delhi,New Delhi,28.6139,77.209,Union Territory,2026-09-30T12:29:39.359154+00:00,False
2026-09-30 00:00:00,29.9,30.4,707.0,24.2,12.2,75.0,122.0,49.0,Punjab,Ludhiana,30.901,75.8573,Additional City,2026-09-30T12:29:40.016444+00:00,True
2026-09-30 01:00:00,31.3,31.9,687.0,24.1,12.2,69.0,119.0,49.0,Punjab,Ludhiana,30.901,75.8573,Additional City,2026-09-30T12:29:40.016444+00:00,True
2026-09-30 02:00:00,34.6,35.3,678.0,24.4,12.3,62.0,116.0,51.0,Punjab,Ludhiana,30.901,75.8573,Additional City,2026-09-30T12:29:40.016444+00:00,True
2026-09-30 03:00:00,38.5,39.5,675.0,25.6,12.5,54.0,112.0,53.0,Punjab,Ludhiana,30.901,75.8573,Additional City,2026-09-30T12:29:40.016444+00:00,True
2026-09-30 04:00:00,42.5,43.5,681.0,27.1,12.8,46.0,110.0,56.0,Punjab,Ludhiana,30.901,75.8573,Additional City,2026-09-30T12:29:40.016444+00:00,True
2026-09-30 05:00:00,38.0,41.0,726.0,22.9,13.4,56.0,107.0,53.0,Punjab,Ludhiana,30.901,75.8573,Additional City,2026-09-30T12:29:40.016444+00:00,True
2026-09-30 06:00:00,44.8,47.0,864.0,22.2,14.5,60.0,106.0,57.0,Punjab,Ludhiana,30.901,75.8573,Additional City,2026-09-30T12:29:40.016444+00:00,True
2026-09-30 07:00:00,49.4,51.1,1040.0,21.1,15.8,67.0,105.0,60.0,Punjab,Ludhiana,30.901,75.8573,Additional City,2026-09-30T12:29:40.016444+00:00,True
2026-09-30 08:00:00,44.0,46.8,1116.0,18.8,16.5,82.0,104.0,57.0,Punjab,Ludhiana,30.901,75.8573,Additional City,2026-09-30T12:29:40.016444+00:00,True
2026-09-30 09:00:00,31.9,35.3,1004.0,14.1,15.8,113.0,104.0,53.0,Punjab,Ludhiana,30.901,75.8573,Additional City,2026-09-30T12:29:40.016444+00:00,True
2026-09-30 10:00:00,26.5,28.8,793.0,8.1,14.4,153.0,103.0,77.0,Punjab,Ludhiana,30.901,75.8573,Additional City,2026-09-30T12:29:40.016444+00:00,True
2026-09-30 11:00:00,22.4,23.7,612.0,3.7,12.9,182.0,101.0,102.0,Punjab,Ludhiana,30.901,75.8573,Additional City,2026-09-30T12:29:40.016444+00:00,True
2026-09-30 12:00:00,20.3,21.2,497.0,1.9,11.5,193.0,99.0,113.0,Punjab,Ludhiana,30.901,75.8573,Additional City,2026-09-30T12:29:40.016444+00:00,True
2026-09-30 13:00:00,19.6,20.8,412.0,1.7,10.0,193.0,97.0,113.0,Punjab,Ludhiana,30.901,75.8573,Additional City,2026-09-30T12:29:40.016444+00:00,True
2026-09-30 14:00:00,19.5,21.4,380.0,2.8,8.9,187.0,95.0,107.0,Punjab,Ludhiana,30.901,75.8573,Additional City,2026-09-30T12:29:40.016444+00:00,True
2026-09-30 15:00:00,20.1,22.6,425.0,5.3,8.2,174.0,115.0,94.0,Punjab,Ludhiana,30.901,75.8573,Additional City,2026-09-30T12:29:40.016444+00:00,True
2026-09-30 16:00:00,21.5,24.6,523.0,9.2,7.9,155.0,138.0,78.0,Punjab,Ludhiana,30.901,75.8573,Additional City,2026-09-30T12:29:40.016444+00:00,True
2026-09-30 17:00:00,26.8,29.5,620.0,14.1,8.0,136.0,153.0,68.0,Punjab,Ludhiana,30.901,75.8573,Additional City,2026-09-30T12:29:40.016444+00:00,True
2026-09-30 18:00:00,34.3,39.2,712.0,21.1,8.9,117.0,156.0,57.0,Punjab,Ludhiana,30.901,75.8573,Additional City,2026-09-30T12:29:40.016444+00:00,True
2026-09-30 19:00:00,40.7,46.8,804.0,29.3,10.2,97.0,151.0,55.0,Punjab,Ludhiana,30.901,75.8573,Additional City,2026-09-30T12:29:40.016444+00:00,True
2026-09-30 20:00:00,45.6,52.6,855.0,34.9,11.2,83.0,133.0,57.0,Punjab,Ludhiana,30.901,75.8573,Additional City,2026-09-30T12:29:40.016444+00:00,True
2026-09-30 21:00:00,48.5,57.0,834.0,35.9,11.5,78.0,109.0,59.0,Punjab,Ludhiana,30.901,75.8573,Additional City,2026-09-30T12:29:40.016444+00:00,True
2026-09-30 22:00:00,50.8,61.0,773.0,34.5,11.4,77.0,95.0,60.0,Punjab,Ludhiana,30.901,75.8573,Additional City,2026-09-30T12:29:40.016444+00:00,True
2026-09-30 23:00:00,53.3,65.4,721.0,33.6,11.4,76.0,97.0,62.0,Punjab,Ludhiana,30.901,75.8573,Additional City,2026-09-30T12:29:40.016444+00:00,True
2026-10-01 00:00:00,57.2,70.5,695.0,34.4,11.5,71.0,99.0,64.0,Punjab,Ludhiana,30.901,75.8573,Additional City,2026-09-30T12:29:40.016444+00:00,True
2026-10-01 01:00:00,61.5,75.0,679.0,35.8,11.6,64.0,101.0,66.0,Punjab,Ludhiana,30.901,75.8573,Additional City,2026-09-30T12:29:40.016444+00:00,True
2026-10-01 02:00:00,65.7,78.2,676.0,37.5,11.8,58.0,104.0,68.0,Punjab,Ludhiana,30.901,75.8573,Additional City,2026-09-30T12:29:40.016444+00:00,True
2026-10-01 03:00:00,69.8,81.5,675.0,40.1,12.0,50.0,107.0,70.0,Punjab,Ludhiana,30.901,75.8573,Additional City,2026-09-30T12:29:40.016444+00:00,True
2026-10-01 04:00:00,73.6,84.8,687.0,43.0,12.3,41.0,111.0,72.0,Punjab,Ludhiana,30.901,75.8573,Additional City,2026-09-30T12:29:40.016444+00:00,True
2026-10-01 05:00:00,76.6,87.5,745.0,43.6,12.6,40.0,114.0,73.0,Punjab,Ludhiana,30.901,75.8573,Additional City,2026-09-30T12:29:40.016444+00:00,True
2026-10-01 06:00:00,81.3,92.2,919.0,40.6,13.1,47.0,118.0,76.0,Punjab,Ludhiana,30.901,75.8573,Additional City,2026-09-30T12:29:40.016444+00:00,True
2026-10-01 07:00:00,82.4,92.4,1138.0,35.3,13.8,61.0,122.0,76.0,Punjab,Ludhiana,30.901,75.8573,Additional City,2026-09-30T12:29:40.016444+00:00,True
2026-10-01 08:00:00,73.1,83.6,1229.0,28.9,14.1,83.0,125.0,72.0,Punjab,Ludhiana,30.901,75.8573,Additional City,2026-09-30T12:29:40.016444+00:00,True
2026-10-01 09:00:00,51.8,63.1,1073.0,20.4,14.1,121.0,128.0,61.0,Punjab,Ludhiana,30.901,75.8573,Additional City,2026-09-30T12:29:40.016444+00:00,True
2026-10-01 10:00:00,41.0,50.5,787.0,10.8,13.8,167.0,130.0,87.0,Punjab,Ludhiana,30.901,75.8573,Additional City,2026-09-30T12:29:40.016444+00:00,True
2026-10-01 11:00:00,36.0,48.4,554.0,3.9,13.2,199.0,132.0,119.0,Punjab,Ludhiana,30.901,75.8573,Additional City,2026-09-30T12:29:40.016444+00:00,True
2026-10-01 12:00:00,34.9,51.1,435.0,1.2,11.9,205.0,133.0,125.0,Punjab,Ludhiana,30.901,75.8573,Additional City,2026-09-30T12:29:40.016444+00:00,True
2026-10-01 13:00:00,34.5,52.2,369.0,1.3,10.3,197.0,135.0,117.0,Punjab,Ludhiana,30.901,75.8573,Additional City,2026-09-30T12:29:40.016444+00:00,True
2026-10-01 14:00:00,34.2,52.4,344.0,2.8,9.1,185.0,136.0,105.0,Punjab,Ludhiana,30.901,75.8573,Additional City,2026-09-30T12:29:40.016444+00:00,True
2026-10-01 15:00:00,34.8,52.9,368.0,5.7,8.5,170.0,138.0,90.0,Punjab,Ludhiana,30.901,75.8573,Additional City,2026-09-30T12:29:40.016444+00:00,True
2026-10-01 16:00:00,36.7,52.9,434.0,10.1,8.3,151.0,149.0,76.0,Punjab,Ludhiana,30.901,75.8573,Additional City,2026-09-30T12:29:40.016444+00:00,True
2026-10-01 17:00:00,42.3,54.0,515.0,15.6,8.6,133.0,160.0,67.0,Punjab,Ludhiana,30.901,75.8573,Additional City,2026-09-30T12:29:40.016444+00:00,True
2026-10-01 18:00:00,49.8,61.7,616.0,22.8,9.7,116.0,162.0,60.0,Punjab,Ludhiana,30.901,75.8573,Additional City,2026-09-30T12:29:40.016444+00:00,True
2026-10-01 19:00:00,56.6,69.4,731.0,31.0,11.3,99.0,154.0,63.0,Punjab,Ludhiana,30.901,75.8573,Additional City,2026-09-30T12:29:40.016444+00:00,True
2026-10-01 20:00:00,61.9,76.8,815.0,37.5,12.7,86.0,146.0,66.0,Punjab,Ludhiana,30.901,75.8573,Additional City,2026-09-30T12:29:40.016444+00:00,True
2026-10-01 21:00:00,65.9,83.1,848.0,40.6,13.5,79.0,148.0,68.0,Punjab,Ludhiana,30.901,75.8573,Additional City,2026-09-30T12:29:40.016444+00:00,True
2026-10-01 22:00:00,70.8,89.6,850.0,41.9,14.1,75.0,149.0,70.0,Punjab,Ludhiana,30.901,75.8573,Additional City,2026-09-30T12:29:40.016444+00:00,True
2026-10-01 23:00:00,76.4,96.2,840.0,43.4,14.4,70.0,150.0,73.0,Punjab,Ludhiana,30.901,75.8573,Additional City,2026-09-30T12:29:40.016444+00:00,True
2026-10-02 00:00:00,80.3,99.7,812.0,46.0,14.2,61.0,151.0,75.0,Punjab,Ludhiana,30.901,75.8573,Additional City,2026-09-30T12:29:40.016444+00:00,True
2026-10-02 01:00:00,84.1,102.2,771.0,48.6,13.8,50.0,152.0,77.0,Punjab,Ludhiana,30.901,75.8573,Additional City,2026-09-30T12:29:40.016444+00:00,True
2026-10-02 02:00:00,87.3,104.1,749.0,50.5,13.4,41.0,152.0,79.0,Punjab,Ludhiana,30.901,75.8573,Additional City,2026-09-30T12:29:40.016444+00:00,True
2026-10-02 03:00:00,89.2,105.0,745.0,51.6,13.3,35.0,153.0,80.0,Punjab,Ludhiana,30.901,75.8573,Additional City,2026-09-30T12:29:40.016444+00:00,True
2026-10-02 04:00:00,90.8,106.9,761.0,51.8,13.4,31.0,154.0,80.0,Punjab,Ludhiana,30.901,75.8573,Additional City,2026-09-30T12:29:40.016444+00:00,True
2026-10-02 05:00:00,93.1,109.9,827.0,50.2,13.5,33.0,154.0,81.0,Punjab,Ludhiana,30.901,75.8573,Additional City,2026-09-30T12:29:40.016444+00:00,True
2026-10-02 06:00:00,96.6,114.3,1019.0,46.1,13.7,41.0,155.0,83.0,Punjab,Ludhiana,30.901,75.8573,Additional City,2026-09-30T12:29:40.016444+00:00,True
2026-10-02 07:00:00,97.6,113.2,1262.0,40.2,14.0,56.0,155.0,83.0,Punjab,Ludhiana,30.901,75.8573,Additional City,2026-09-30T12:29:40.016444+00:00,True
2026-10-02 08:00:00,86.8,100.4,1364.0,33.0,14.2,79.0,156.0,78.0,Punjab,Ludhiana,30.901,75.8573,Additional City,2026-09-30T12:29:40.016444+00:00,True
2026-10-02 09:00:00,63.3,79.9,1196.0,23.3,14.4,120.0,156.0,67.0,Punjab,Ludhiana,30.901,75.8573,Additional City,2026-09-30T12:29:40.016444+00:00,True
2026-10-02 10:00:00,51.7,71.5,887.0,12.3,14.5,169.0,156.0,89.0,Punjab,Ludhiana,30.901,75.8573,Additional City,2026-09-30T12:29:40.016444+00:00,True
2026-10-02 11:00:00,49.0,74.5,627.0,4.3,14.2,203.0,157.0,123.0,Punjab,Ludhiana,30.901,75.8573,Additional City,2026-09-30T12:29:40.016444+00:00,True
2026-10-02 12:00:00,48.0,76.6,481.0,1.3,13.3,210.0,157.0,130.0,Punjab,Ludhiana,30.901,75.8573,Additional City,2026-09-30T12:29:40.016444+00:00,True
2026-10-02 13:00:00,46.8,75.2,384.0,1.3,11.9,202.0,157.0,122.0,Punjab,Ludhiana,30.901,75.8573,Additional City,2026-09-30T12:29:40.016444+00:00,True
2026-10-02 14:00:00,46.2,73.6,335.0,2.8,10.9,190.0,158.0,110.0,Punjab,Ludhiana,30.901,75.8573,Additional City,2026-09-30T12:29:40.016444+00:00,True
2026-10-02 15:00:00,46.3,72.2,345.0,5.5,10.3,176.0,158.0,96.0,Punjab,Ludhiana,30.901,75.8573,Additional City,2026-09-30T12:29:40.016444+00:00,True
2026-10-02 16:00:00,47.8,69.4,403.0,9.7,10.0,157.0,158.0,79.0,Punjab,Ludhiana,30.901,75.8573,Additional City,2026-09-30T12:29:40.016444+00:00,True
2026-10-02 17:00:00,52.3,68.7,471.0,14.3,10.1,139.0,165.0,70.0,Punjab,Ludhiana,30.901,75.8573,Additional City,2026-09-30T12:29:40.016444+00:00,True
2026-10-02 18:00:00,58.3,75.0,546.0,19.4,10.7,122.0,168.0,64.0,Punjab,Ludhiana,30.901,75.8573,Additional City,2026-09-30T12:29:40.016444+00:00,True
2026-10-02 19:00:00,63.1,82.2,632.0,25.0,11.8,106.0,161.0,67.0,Punjab,Ludhiana,30.901,75.8573,Additional City,2026-09-30T12:29:40.016444+00:00,True
2026-10-02 20:00:00,65.9,88.2,700.0,29.4,12.5,92.0,160.0,68.0,Punjab,Ludhiana,30.901,75.8573,Additional City,2026-09-30T12:29:40.016444+00:00,True
2026-10-02 21:00:00,67.8,92.4,741.0,31.7,12.7,82.0,160.0,69.0,Punjab,Ludhiana,30.901,75.8573,Additional City,2026-09-30T12:29:40.016444+00:00,True
2026-10-02 22:00:00,70.1,95.5,763.0,32.9,12.6,75.0,160.0,70.0,Punjab,Ludhiana,30.901,75.8573,Additional City,2026-09-30T12:29:40.016444+00:00,True
2026-10-02 23:00:00,72.9,98.7,767.0,34.7,12.6,67.0,160.0,71.0,Punjab,Ludhiana,30.901,75.8573,Additional City,2026-09-30T12:29:40.016444+00:00,True
2026-10-03 00:00:00,75.9,102.4,738.0,38.4,12.7,56.0,160.0,73.0,Punjab,Ludhiana,30.901,75.8573,Additional City,2026-09-30T12:29:40.016444+00:00,True
2026-10-03 01:00:00,81.0,107.3,690.0,42.7,12.7,45.0,159.0,76.0,Punjab,Ludhiana,30.901,75.8573,Additional City,2026-09-30T12:29:40.016444+00:00,True
2026-10-03 02:00:00,85.4,111.3,666.0,45.8,12.8,36.0,159.0,78.0,Punjab,Ludhiana,30.901,75.8573,Additional City,2026-09-30T12:29:40.016444+00:00,True
2026-10-03 03:00:00,88.2,112.7,674.0,47.3,12.9,30.0,159.0,79.0,Punjab,Ludhiana,30.901,75.8573,Additional City,2026-09-30T12:29:40.016444+00:00,True
2026-10-03 04:00:00,89.2,113.4,706.0,47.6,13.0,26.0,159.0,80.0,Punjab,Ludhiana,30.901,75.8573,Additional City,2026-09-30T12:29:40.016444+00:00,True
2026-10-03 05:00:00,90.3,114.1,777.0,46.3,13.2,28.0,159.0,80.0,Punjab,Ludhiana,30.901,75.8573,Additional City,2026-09-30T12:29:40.016444+00:00,True
2026-10-03 06:00:00,92.9,116.9,950.0,43.1,13.4,36.0,159.0,81.0,Punjab,Ludhiana,30.901,75.8573,Additional City,2026-09-30T12:29:40.016444+00:00,True
2026-10-03 07:00:00,92.7,114.1,1162.0,38.2,13.7,50.0,159.0,81.0,Punjab,Ludhiana,30.901,75.8573,Additional City,2026-09-30T12:29:40.016444+00:00,True
2026-10-03 08:00:00,83.8,101.7,1246.0,31.9,14.2,74.0,159.0,77.0,Punjab,Ludhiana,30.901,75.8573,Additional City,2026-09-30T12:29:40.016444+00:00,True
2026-10-03 09:00:00,67.3,89.9,1084.0,22.8,15.4,117.0,159.0,69.0,Punjab,Ludhiana,30.901,75.8573,Additional City,2026-09-30T12:29:40.016444+00:00,True
2026-10-03 10:00:00,62.2,90.3,794.0,12.2,16.7,170.0,159.0,90.0,Punjab,Ludhiana,30.901,75.8573,Additional City,2026-09-30T12:29:40.016444+00:00,True
2026-10-03 11:00:00,58.7,93.1,558.0,4.5,17.2,207.0,159.0,127.0,Punjab,Ludhiana,30.901,75.8573,Additional City,2026-09-30T12:29:40.016444+00:00,True
2026-10-03 12:00:00,56.5,95.7,444.0,1.5,16.0,214.0,160.0,134.0,Punjab,Ludhiana,30.901,75.8573,Additional City,2026-09-30T12:29:40.016444+00:00,True
2026-10-03 13:00:00,54.2,95.9,384.0,1.4,13.8,205.0,160.0,125.0,Punjab,Ludhiana,30.901,75.8573,Additional City,2026-09-30T12:29:40.016444+00:00,True
2026-10-03 14:00:00,51.9,95.0,361.0,2.8,12.1,192.0,160.0,112.0,Punjab,Ludhiana,30.901,75.8573,Additional City,2026-09-30T12:29:40.016444+00:00,True
2026-10-03 15:00:00,51.5,95.5,366.0,5.3,11.2,178.0,160.0,98.0,Punjab,Ludhiana,30.901,75.8573,Additional City,2026-09-30T12:29:40.016444+00:00,True
2026-10-03 16:00:00,52.2,96.2,406.0,9.5,10.7,161.0,160.0,81.0,Punjab,Ludhiana,30.901,75.8573,Additional City,2026-09-30T12:29:40.016444+00:00,True
2026-10-03 17:00:00,56.3,94.1,489.0,15.2,10.7,142.0,168.0,71.0,Punjab,Ludhiana,30.901,75.8573,Additional City,2026-09-30T12:29:40.016444+00:00,True
2026-10-03 18:00:00,62.4,99.7,646.0,23.7,11.6,121.0,172.0,66.0,Punjab,Ludhiana,30.901,75.8573,Additional City,2026-09-30T12:29:40.016444+00:00,True
2026-10-03 19:00:00,67.8,101.3,845.0,33.9,13.0,99.0,164.0,69.0,Punjab,Ludhiana,30.901,75.8573,Additional City,2026-09-30T12:29:40.016444+00:00,True
2026-10-03 20:00:00,73.3,102.4,997.0,42.2,14.2,81.0,161.0,72.0,Punjab,Ludhiana,30.901,75.8573,Additional City,2026-09-30T12:29:40.016444+00:00,True
2026-10-03 21:00:00,78.2,103.8,1076.0,47.4,14.9,70.0,161.0,74.0,Punjab,Ludhiana,30.901,75.8573,Additional City,2026-09-30T12:29:40.016444+00:00,True
2026-10-03 22:00:00,83.4,108.3,1108.0,50.8,15.3,63.0,161.0,77.0,Punjab,Ludhiana,30.901,75.8573,Additional City,2026-09-30T12:29:40.016444+00:00,True
2026-10-03 23:00:00,88.5,113.9,1081.0,53.0,15.6,58.0,162.0,79.0,Punjab,Ludhiana,30.901,75.8573,Additional City,2026-09-30T12:29:40.016444+00:00,True
2026-10-04 00:00:00,92.2,117.6,947.0,53.8,15.8,54.0,162.0,81.0,Punjab,Ludhiana,30.901,75.8573,Additional City,2026-09-30T12:29:40.016444+00:00,True
2026-10-04 01:00:00,95.0,120.6,753.0,53.3,15.8,52.0,163.0,82.0,Punjab,Ludhiana,30.901,75.8573,Additional City,2026-09-30T12:29:40.016444+00:00,True
2026-10-04 02:00:00,98.3,124.3,628.0,53.0,16.0,49.0,163.0,83.0,Punjab,Ludhiana,30.901,75.8573,Additional City,2026-09-30T12:29:40.016444+00:00,True
2026-10-04 03:00:00,102.2,128.1,649.0,54.2,16.5,42.0,164.0,85.0,Punjab,Ludhiana,30.901,75.8573,Additional City,2026-09-30T12:29:40.016444+00:00,True
2026-10-04 04:00:00,105.9,131.3,738.0,55.5,17.1,33.0,164.0,86.0,Punjab,Ludhiana,30.901,75.8573,Additional City,2026-09-30T12:29:40.016444+00:00,True
2026-10-04 05:00:00,108.5,134.1,841.0,54.3,17.6,32.0,164.0,87.0,Punjab,Ludhiana,30.901,75.8573,Additional City,2026-09-30T12:29:40.016444+00:00,True
2026-10-04 06:00:00,110.8,134.6,910.0,49.1,18.0,40.0,165.0,88.0,Punjab,Ludhiana,30.901,75.8573,Additional City,2026-09-30T12:29:40.016444+00:00,True
2026-10-04 07:00:00,112.0,131.8,976.3,41.5,18.2,55.0,166.0,89.0,Punjab,Ludhiana,30.901,75.8573,Additional City,2026-09-30T12:29:40.016444+00:00,True
2026-10-04 08:00:00,102.0,121.1,995.0,33.0,18.2,78.0,166.0,85.0,Punjab,Ludhiana,30.901,75.8573,Additional City,2026-09-30T12:29:40.016444+00:00,True
2026-10-04 09:00:00,74.3,100.6,840.0,23.0,17.9,116.0,167.0,72.0,Punjab,Ludhiana,30.901,75.8573,Additional City,2026-09-30T12:29:40.016444+00:00,True
2026-10-04 10:00:00,63.1,95.9,625.0,12.2,17.4,161.0,167.0,81.0,Punjab,Ludhiana,30.901,75.8573,Additional City,2026-09-30T12:29:40.016444+00:00,True
2026-10-04 11:00:00,59.1,105.7,454.0,4.3,16.4,191.0,167.0,111.0,Punjab,Ludhiana,30.901,75.8573,Additional City,2026-09-30T12:29:40.016444+00:00,True
2026-10-04 12:00:00,57.7,122.9,369.0,1.2,14.7,195.0,167.0,115.0,Punjab,Ludhiana,30.901,75.8573,Additional City,2026-09-30T12:29:40.016444+00:00,True
2026-10-04 13:00:00,57.9,142.5,327.0,1.2,12.5,184.0,167.0,104.0,Punjab,Ludhiana,30.901,75.8573,Additional City,2026-09-30T12:29:40.016444+00:00,True
2026-10-04 14:00:00,57.3,158.8,309.0,2.4,10.9,170.0,167.0,90.0,Punjab,Ludhiana,30.901,75.8573,Additional City,2026-09-30T12:29:40.016444+00:00,True
2026-10-04 15:00:00,57.2,172.3,309.0,4.7,10.2,157.0,167.0,79.0,Punjab,Ludhiana,30.901,75.8573,Additional City,2026-09-30T12:29:40.016444+00:00,True
2026-10-04 16:00:00,58.7,184.9,332.0,8.3,10.0,142.0,167.0,77.0,Punjab,Ludhiana,30.901,75.8573,Additional City,2026-09-30T12:29:40.016444+00:00,True
2026-10-04 17:00:00,62.4,171.8,369.0,12.3,10.2,127.0,168.0,74.0,Punjab,Ludhiana,30.901,75.8573,Additional City,2026-09-30T12:29:40.016444+00:00,True
2026-10-04 18:00:00,69.6,179.7,425.0,16.7,10.9,112.0,168.0,76.0,Punjab,Ludhiana,30.901,75.8573,Additional City,2026-09-30T12:29:40.016444+00:00,True
2026-10-04 19:00:00,74.7,186.3,496.0,21.6,11.9,96.0,168.0,78.0,Punjab,Ludhiana,30.901,75.8573,Additional City,2026-09-30T12:29:40.016444+00:00,True
2026-10-04 20:00:00,78.7,191.9,562.0,26.3,12.6,82.0,168.0,79.0,Punjab,Ludhiana,30.901,75.8573,Additional City,2026-09-30T12:29:40.016444+00:00,True
2026-10-04 21:00:00,82.7,195.1,618.0,30.4,12.8,69.0,168.0,80.0,Punjab,Ludhiana,30.901,75.8573,Additional City,2026-09-30T12:29:40.016444+00:00,True
2026-10-04 22:00:00,88.5,206.8,669.0,34.3,12.8,57.0,168.0,83.0,Punjab,Ludhiana,30.901,75.8573,Additional City,2026-09-30T12:29:40.016444+00:00,True
2026-10-04 23:00:00,94.1,217.5,716.0,38.4,12.6,45.0,169.0,86.0,Punjab,Ludhiana,30.901,75.8573,Additional City,2026-09-30T12:29:40.016444+00:00,True
2026-10-05 00:00:00,98.3,217.0,761.0,43.3,12.0,33.0,169.0,86.0,Punjab,Ludhiana,30.901,75.8573,Additional City,2026-09-30T12:29:40.016444+00:00,True
2026-10-05 01:00:00,101.5,216.5,801.0,48.4,11.1,22.0,169.0,86.0,Punjab,Ludhiana,30.901,75.8573,Additional City,2026-09-30T12:29:40.016444+00:00,True
2026-10-05 02:00:00,103.1,220.3,830.0,51.8,10.8,14.0,169.0,87.0,Punjab,Ludhiana,30.901,75.8573,Additional City,2026-09-30T12:29:40.016444+00:00,True
2026-10-05 03:00:00,104.1,231.4,843.0,52.2,11.5,13.0,169.0,90.0,Punjab,Ludhiana,30.901,75.8573,Additional City,2026-09-30T12:29:40.016444+00:00,True
2026-10-05 04:00:00,105.7,241.2,845.0,51.0,12.7,16.0,169.0,92.0,Punjab,Ludhiana,30.901,75.8573,Additional City,2026-09-30T12:29:40.016444+00:00,True
2026-10-05 05:00:00,107.3,248.7,846.0,49.9,13.6,18.0,169.0,94.0,Punjab,Ludhiana,30.901,75.8573,Additional City,2026-09-30T12:29:40.016444+00:00,True
2026-10-05 06:00:00,,,,,,,169.0,,Punjab,Ludhiana,30.901,75.8573,Additional City,2026-09-30T12:29:40.016444+00:00,False
2026-10-05 07:00:00,,,,,,,,,Punjab,Ludhiana,30.901,75.8573,Additional City,2026-09-30T12:29:40.016444+00:00,False
2026-10-05 08:00:00,,,,,,,,,Punjab,Ludhiana,30.901,75.8573,Additional City,2026-09-30T12:29:40.016444+00:00,False
2026-10-05 09:00:00,,,,,,,,,Punjab,Ludhiana,30.901,75.8573,Additional City,2026-09-30T12:29:40.016444+00:00,False
2026-10-05 10:00:00,,,,,,,,,Punjab,Ludhiana,30.901,75.8573,Additional City,2026-09-30T12:29:40.016444+00:00,False
2026-10-05 11:00:00,,,,,,,,,Punjab,Ludhiana,30.901,75.8573,Additional City,2026-09-30T12:29:40.016444+00:00,False
2026-10-05 12:00:00,,,,,,,,,Punjab,Ludhiana,30.901,75.8573,Additional City,2026-09-30T12:29:40.016444+00:00,False
2026-10-05 13:00:00,,,,,,,,,Punjab,Ludhiana,30.901,75.8573,Additional City,2026-09-30T12:29:40.016444+00:00,False
2026-10-05 14:00:00,,,,,,,,,Punjab,Ludhiana,30.901,75.8573,Additional City,2026-09-30T12:29:40.016444+00:00,False
2026-10-05 15:00:00,,,,,,,,,Punjab,Ludhiana,30.901,75.8573,Additional City,2026-09-30T12:29:40.016444+00:00,False
2026-10-05 16:00:00,,,,,,,,,Punjab,Ludhiana,30.901,75.8573,Additional City,2026-09-30T12:29:40.016444+00:00,False
2026-10-05 17:00:00,,,,,,,,,Punjab,Ludhiana,30.901,75.8573,Additional City,2026-09-30T12:29:40.016444+00:00,False
2026-10-05 18:00:00,,,,,,,,,Punjab,Ludhiana,30.901,75.8573,Additional City,2026-09-30T12:29:40.016444+00:00,False
2026-10-05 19:00:00,,,,,,,,,Punjab,Ludhiana,30.901,75.8573,Additional City,2026-09-30T12:29:40.016444+00:00,False
2026-10-05 20:00:00,,,,,,,,,Punjab,Ludhiana,30.901,75.8573,Additional City,2026-09-30T12:29:40.016444+00:00,False
2026-10-05 21:00:00,,,,,,,,,Punjab,Ludhiana,30.901,75.8573,Additional City,2026-09-30T12:29:40.016444+00:00,False
2026-10-05 22:00:00,,,,,,,,,Punjab,Ludhiana,30.901,75.8573,Additional City,2026-09-30T12:29:40.016444+00:00,False
2026-10-05 23:00:00,,,,,,,,,Punjab,Ludhiana,30.901,75.8573,Additional City,2026-09-30T12:29:40.016444+00:00,False
2026-10-06 00:00:00,,,,,,,,,Punjab,Ludhiana,30.901,75.8573,Additional City,2026-09-30T12:29:40.016444+00:00,False
2026-10-06 01:00:00,,,,,,,,,Punjab,Ludhiana,30.901,75.8573,Additional City,2026-09-30T12:29:40.016444+00:00,False
2026-10-06 02:00:00,,,,,,,,,Punjab,Ludhiana,30.901,75.8573,Additional City,2026-09-30T12:29:40.016444+00:00,False
2026-10-06 03:00:00,,,,,,,,,Punjab,Ludhiana,30.901,75.8573,Additional City,2026-09-30T12:29:40.016444+00:00,False
2026-10-06 04:00:00,,,,,,,,,Punjab,Ludhiana,30.901,75.8573,Additional City,2026-09-30T12:29:40.016444+00:00,False
2026-10-06 05:00:00,,,,,,,,,Punjab,Ludhiana,30.901,75.8573,Additional City,2026-09-30T12:29:40.016444+00:00,False
2026-10-06 06:00:00,,,,,,,,,Punjab,Ludhiana,30.901,75.8573,Additional City,2026-09-30T12:29:40.016444+00:00,False
2026-10-06 07:00:00,,,,,,,,,Punjab,Ludhiana,30.901,75.8573,Additional City,2026-09-30T12:29:40.016444+00:00,False
2026-10-06 08:00:00,,,,,,,,,Punjab,Ludhiana,30.901,75.8573,Additional City,2026-09-30T12:29:40.016444+00:00,False
2026-10-06 09:00:00,,,,,,,,,Punjab,Ludhiana,30.901,75.8573,Additional City,2026-09-30T12:29:40.016444+00:00,False
2026-10-06 10:00:00,,,,,,,,,Punjab,Ludhiana,30.901,75.8573,Additional City,2026-09-30T12:29:40.016444+00:00,False
2026-10-06 11:00:00,,,,,,,,,Punjab,Ludhiana,30.901,75.8573,Additional City,2026-09-30T12:29:40.016444+00:00,False
2026-10-06 12:00:00,,,,,,,,,Punjab,Ludhiana,30.901,75.8573,Additional City,2026-09-30T12:29:40.016444+00:00,False
2026-10-06 13:00:00,,,,,,,,,Punjab,Ludhiana,30.901,75.8573,Additional City,2026-09-30T12:29:40.016444+00:00,False
2026-10-06 14:00:00,,,,,,,,,Punjab,Ludhiana,30.901,75.8573,Additional City,2026-09-30T12:29:40.016444+00:00,False
2026-10-06 15:00:00,,,,,,,,,Punjab,Ludhiana,30.901,75.8573,Additional City,2026-09-30T12:29:40.016444+00:00,False
2026-10-06 16:00:00,,,,,,,,,Punjab,Ludhiana,30.901,75.8573,Additional City,2026-09-30T12:29:40.016444+00:00,False
2026-10-06 17:00:00,,,,,,,,,Punjab,Ludhiana,30.901,75.8573,Additional City,2026-09-30T12:29:40.016444+00:00,False
2026-10-06 18:00:00,,,,,,,,,Punjab,Ludhiana,30.901,75.8573,Additional City,2026-09-30T12:29:40.016444+00:00,False
2026-10-06 19:00:00,,,,,,,,,Punjab,Ludhiana,30.901,75.8573,Additional City,2026-09-30T12:29:40.016444+00:00,False
2026-10-06 20:00:00,,,,,,,,,Punjab,Ludhiana,30.901,75.8573,Additional City,2026-09-30T12:29:40.016444+00:00,False
2026-10-06 21:00:00,,,,,,,,,Punjab,Ludhiana,30.901,75.8573,Additional City,2026-09-30T12:29:40.016444+00:00,False
2026-10-06 22:00:00,,,,,,,,,Punjab,Ludhiana,30.901,75.8573,Additional City,2026-09-30T12:29:40.016444+00:00,False
2026-10-06 23:00:00,,,,,,,,,Punjab,Ludhiana,30.901,75.8573,Additional City,2026-09-30T12:29:40.016444+00:00,False
2026-09-30 00:00:00,17.0,22.5,249.0,5.3,2.5,73.0,76.0,41.0,Puducherry,Puducherry,11.9416,79.8083,Union Territory,2026-09-30T12:29:40.675235+00:00,True
2026-09-30 01:00:00,18.5,23.8,246.0,5.9,3.2,72.0,76.0,42.0,Puducherry,Puducherry,11.9416,79.8083,Union Territory,2026-09-30T12:29:40.675235+00:00,True
2026-09-30 02:00:00,19.6,24.7,253.0,6.4,4.0,71.0,76.0,43.0,Puducherry,Puducherry,11.9416,79.8083,Union Territory,2026-09-30T12:29:40.675235+00:00,True
2026-09-30 03:00:00,21.9,27.2,283.0,6.6,5.0,71.0,76.0,44.0,Puducherry,Puducherry,11.9416,79.8083,Union Territory,2026-09-30T12:29:40.675235+00:00,True
2026-09-30 04:00:00,22.9,28.2,323.0,6.6,6.0,72.0,76.0,45.0,Puducherry,Puducherry,11.9416,79.8083,Union Territory,2026-09-30T12:29:40.675235+00:00,True
2026-09-30 05:00:00,19.0,20.6,352.0,9.0,13.4,75.0,77.0,42.0,Puducherry,Puducherry,11.9416,79.8083,Union Territory,2026-09-30T12:29:40.675235+00:00,True
2026-09-30 06:00:00,20.8,22.4,361.0,9.6,14.8,78.0,76.0,43.0,Puducherry,Puducherry,11.9416,79.8083,Union Territory,2026-09-30T12:29:40.675235+00:00,True
2026-09-30 07:00:00,22.7,24.5,358.0,10.4,16.6,83.0,76.0,44.0,Puducherry,Puducherry,11.9416,79.8083,Union Territory,2026-09-30T12:29:40.675235+00:00,True
2026-09-30 08:00:00,24.2,26.2,344.0,10.3,17.9,94.0,76.0,45.0,Puducherry,Puducherry,11.9416,79.8083,Union Territory,2026-09-30T12:29:40.675235+00:00,True
2026-09-30 09:00:00,25.3,27.5,308.0,8.6,18.1,115.0,76.0,55.0,Puducherry,Puducherry,11.9416,79.8083,Union Territory,2026-09-30T12:29:40.675235+00:00,True
2026-09-30 10:00:00,27.2,29.7,262.0,6.0,17.8,142.0,75.0,71.0,Puducherry,Puducherry,11.9416,79.8083,Union Territory,2026-09-30T12:29:40.675235+00:00,True
2026-09-30 11:00:00,30.2,32.8,236.0,4.0,17.3,165.0,75.0,85.0,Puducherry,Puducherry,11.9416,79.8083,Union Territory,2026-09-30T12:29:40.675235+00:00,True
2026-09-30 12:00:00,32.5,35.4,252.0,3.0,16.8,181.0,75.0,101.0,Puducherry,Puducherry,11.9416,79.8083,Union Territory,2026-09-30T12:29:40.675235+00:00,True
2026-09-30 13:00:00,34.8,37.8,288.0,2.6,16.2,193.0,75.0,113.0,Puducherry,Puducherry,11.9416,79.8083,Union Territory,2026-09-30T12:29:40.675235+00:00,True
2026-09-30 14:00:00,36.8,39.9,318.0,2.7,15.3,197.0,90.0,117.0,Puducherry,Puducherry,11.9416,79.8083,Union Territory,2026-09-30T12:29:40.675235+00:00,True
2026-09-30 15:00:00,36.1,39.3,326.0,3.6,14.0,189.0,115.0,109.0,Puducherry,Puducherry,11.9416,79.8083,Union Territory,2026-09-30T12:29:40.675235+00:00,True
2026-09-30 16:00:00,33.1,36.6,327.0,5.0,12.3,173.0,138.0,93.0,Puducherry,Puducherry,11.9416,79.8083,Union Territory,2026-09-30T12:29:40.675235+00:00,True
2026-09-30 17:00:00,29.8,34.8,335.0,5.7,10.5,157.0,154.0,79.0,Puducherry,Puducherry,11.9416,79.8083,Union Territory,2026-09-30T12:29:40.675235+00:00,True
2026-09-30 18:00:00,26.6,32.5,359.0,5.1,8.3,141.0,160.0,71.0,Puducherry,Puducherry,11.9416,79.8083,Union Territory,2026-09-30T12:29:40.675235+00:00,True
2026-09-30 19:00:00,23.1,29.5,391.0,3.8,6.0,125.0,160.0,63.0,Puducherry,Puducherry,11.9416,79.8083,Union Territory,2026-09-30T12:29:40.675235+00:00,True
2026-09-30 20:00:00,19.6,26.0,417.0,2.8,4.2,114.0,154.0,54.0,Puducherry,Puducherry,11.9416,79.8083,Union Territory,2026-09-30T12:29:40.675235+00:00,True
2026-09-30 21:00:00,17.3,23.3,437.0,2.2,3.4,110.0,141.0,50.0,Puducherry,Puducherry,11.9416,79.8083,Union Territory,2026-09-30T12:29:40.675235+00:00,True
2026-09-30 22:00:00,15.9,22.5,451.0,1.9,3.1,110.0,123.0,50.0,Puducherry,Puducherry,11.9416,79.8083,Union Territory,2026-09-30T12:29:40.675235+00:00,True
2026-09-30 23:00:00,15.9,22.3,448.0,1.9,3.3,111.0,105.0,51.0,Puducherry,Puducherry,11.9416,79.8083,Union Territory,2026-09-30T12:29:40.675235+00:00,True
2026-10-01 00:00:00,15.7,21.6,413.0,2.4,4.0,111.0,88.0,51.0,Puducherry,Puducherry,11.9416,79.8083,Union Territory,2026-09-30T12:29:40.675235+00:00,True
2026-10-01 01:00:00,14.8,19.6,361.0,3.2,5.0,111.0,79.0,51.0,Puducherry,Puducherry,11.9416,79.8083,Union Territory,2026-09-30T12:29:40.675235+00:00,True
2026-10-01 02:00:00,16.5,20.7,321.0,3.9,5.9,110.0,79.0,50.0,Puducherry,Puducherry,11.9416,79.8083,Union Territory,2026-09-30T12:29:40.675235+00:00,True
2026-10-01 03:00:00,18.3,21.9,305.0,4.5,6.4,106.0,79.0,46.0,Puducherry,Puducherry,11.9416,79.8083,Union Territory,2026-09-30T12:29:40.675235+00:00,True
2026-10-01 04:00:00,20.5,23.9,300.0,5.1,6.8,102.0,79.0,43.0,Puducherry,Puducherry,11.9416,79.8083,Union Territory,2026-09-30T12:29:40.675235+00:00,True
2026-10-01 05:00:00,22.7,25.7,300.0,5.5,6.8,100.0,78.0,44.0,Puducherry,Puducherry,11.9416,79.8083,Union Territory,2026-09-30T12:29:40.675235+00:00,True
2026-10-01 06:00:00,24.5,27.4,307.0,5.8,6.1,102.0,79.0,45.0,Puducherry,Puducherry,11.9416,79.8083,Union Territory,2026-09-30T12:29:40.675235+00:00,True
2026-10-01 07:00:00,24.9,27.8,318.0,6.0,5.1,107.0,79.0,47.0,Puducherry,Puducherry,11.9416,79.8083,Union Territory,2026-09-30T12:29:40.675235+00:00,True
2026-10-01 08:00:00,25.1,28.2,321.0,5.8,4.6,116.0,79.0,56.0,Puducherry,Puducherry,11.9416,79.8083,Union Territory,2026-09-30T12:29:40.675235+00:00,True
2026-10-01 09:00:00,25.3,28.7,307.0,4.8,5.0,132.0,79.0,66.0,Puducherry,Puducherry,11.9416,79.8083,Union Territory,2026-09-30T12:29:40.675235+00:00,True
2026-10-01 10:00:00,26.0,29.6,284.0,3.4,5.9,152.0,79.0,76.0,Puducherry,Puducherry,11.9416,79.8083,Union Territory,2026-09-30T12:29:40.675235+00:00,True
2026-10-01 11:00:00,27.0,31.0,266.0,2.4,6.6,168.0,79.0,88.0,Puducherry,Puducherry,11.9416,79.8083,Union Territory,2026-09-30T12:29:40.675235+00:00,True
2026-10-01 12:00:00,28.3,32.7,257.0,2.1,6.8,176.0,79.0,96.0,Puducherry,Puducherry,11.9416,79.8083,Union Territory,2026-09-30T12:29:40.675235+00:00,True
2026-10-01 13:00:00,29.3,33.9,253.0,2.1,6.9,180.0,91.0,100.0,Puducherry,Puducherry,11.9416,79.8083,Union Territory,2026-09-30T12:29:40.675235+00:00,True
2026-10-01 14:00:00,29.9,34.5,251.0,2.4,6.9,181.0,108.0,101.0,Puducherry,Puducherry,11.9416,79.8083,Union Territory,2026-09-30T12:29:40.675235+00:00,True
2026-10-01 15:00:00,30.0,34.2,250.0,3.0,7.0,178.0,124.0,98.0,Puducherry,Puducherry,11.9416,79.8083,Union Territory,2026-09-30T12:29:40.675235+00:00,True
2026-10-01 16:00:00,29.4,33.4,252.0,3.7,7.1,172.0,139.0,92.0,Puducherry,Puducherry,11.9416,79.8083,Union Territory,2026-09-30T12:29:40.675235+00:00,True
2026-10-01 17:00:00,28.6,32.4,258.0,4.1,7.0,165.0,151.0,85.0,Puducherry,Puducherry,11.9416,79.8083,Union Territory,2026-09-30T12:29:40.675235+00:00,True
2026-10-01 18:00:00,27.6,31.9,269.0,3.7,6.7,159.0,156.0,80.0,Puducherry,Puducherry,11.9416,79.8083,Union Territory,2026-09-30T12:29:40.675235+00:00,True
2026-10-01 19:00:00,26.7,32.1,284.0,2.9,6.2,152.0,157.0,76.0,Puducherry,Puducherry,11.9416,79.8083,Union Territory,2026-09-30T12:29:40.675235+00:00,True
2026-10-01 20:00:00,25.3,31.8,304.0,2.3,5.7,145.0,155.0,73.0,Puducherry,Puducherry,11.9416,79.8083,Union Territory,2026-09-30T12:29:40.675235+00:00,True
2026-10-01 21:00:00,24.4,32.1,334.0,2.0,5.1,138.0,150.0,69.0,Puducherry,Puducherry,11.9416,79.8083,Union Territory,2026-09-30T12:29:40.675235+00:00,True
2026-10-01 22:00:00,24.9,34.5,369.0,1.8,4.5,132.0,141.0,66.0,Puducherry,Puducherry,11.9416,79.8083,Union Territory,2026-09-30T12:29:40.675235+00:00,True
2026-10-01 23:00:00,23.1,32.4,388.0,1.8,4.1,126.0,130.0,63.0,Puducherry,Puducherry,11.9416,79.8083,Union Territory,2026-09-30T12:29:40.675235+00:00,True
2026-10-02 00:00:00,21.7,30.7,375.0,2.0,4.2,120.0,119.0,60.0,Puducherry,Puducherry,11.9416,79.8083,Union Territory,2026-09-30T12:29:40.675235+00:00,True
2026-10-02 01:00:00,21.3,30.0,345.0,2.4,4.5,115.0,108.0,55.0,Puducherry,Puducherry,11.9416,79.8083,Union Territory,2026-09-30T12:29:40.675235+00:00,True
2026-10-02 02:00:00,21.6,30.3,329.0,2.7,4.6,110.0,98.0,50.0,Puducherry,Puducherry,11.9416,79.8083,Union Territory,2026-09-30T12:29:40.675235+00:00,True
2026-10-02 03:00:00,21.6,30.5,341.0,2.9,4.4,107.0,87.0,47.0,Puducherry,Puducherry,11.9416,79.8083,Union Territory,2026-09-30T12:29:40.675235+00:00,True
2026-10-02 04:00:00,20.9,30.0,365.0,3.0,4.0,104.0,81.0,44.0,Puducherry,Puducherry,11.9416,79.8083,Union Territory,2026-09-30T12:29:40.675235+00:00,True
2026-10-02 05:00:00,20.0,29.3,385.0,3.0,3.6,102.0,81.0,43.0,Puducherry,Puducherry,11.9416,79.8083,Union Territory,2026-09-30T12:29:40.675235+00:00,True
2026-10-02 06:00:00,19.7,28.6,397.0,2.9,3.1,100.0,81.0,43.0,Puducherry,Puducherry,11.9416,79.8083,Union Territory,2026-09-30T12:29:40.675235+00:00,True
2026-10-02 07:00:00,17.1,26.4,403.0,2.6,2.6,99.0,80.0,41.0,Puducherry,Puducherry,11.9416,79.8083,Union Territory,2026-09-30T12:29:40.675235+00:00,True
2026-10-02 08:00:00,15.9,25.6,398.0,2.3,2.2,98.0,80.0,41.0,Puducherry,Puducherry,11.9416,79.8083,Union Territory,2026-09-30T12:29:40.675235+00:00,True
2026-10-02 09:00:00,15.5,25.5,372.0,1.8,2.0,96.0,79.0,40.0,Puducherry,Puducherry,11.9416,79.8083,Union Territory,2026-09-30T12:29:40.675235+00:00,True
2026-10-02 10:00:00,15.4,26.0,334.0,1.2,1.8,94.0,78.0,40.0,Puducherry,Puducherry,11.9416,79.8083,Union Territory,2026-09-30T12:29:40.675235+00:00,True
2026-10-02 11:00:00,15.5,26.7,300.0,0.8,1.7,91.0,77.0,40.0,Puducherry,Puducherry,11.9416,79.8083,Union Territory,2026-09-30T12:29:40.675235+00:00,True
2026-10-02 12:00:00,15.6,27.0,276.0,0.7,1.6,87.0,77.0,40.0,Puducherry,Puducherry,11.9416,79.8083,Union Territory,2026-09-30T12:29:40.675235+00:00,True
2026-10-02 13:00:00,15.8,27.1,256.0,0.7,1.6,82.0,76.0,40.0,Puducherry,Puducherry,11.9416,79.8083,Union Territory,2026-09-30T12:29:40.675235+00:00,True
2026-10-02 14:00:00,16.0,27.4,245.0,0.9,1.6,78.0,74.0,41.0,Puducherry,Puducherry,11.9416,79.8083,Union Territory,2026-09-30T12:29:40.675235+00:00,True
2026-10-02 15:00:00,16.1,27.6,245.0,1.2,1.6,75.0,73.0,41.0,Puducherry,Puducherry,11.9416,79.8083,Union Territory,2026-09-30T12:29:40.675235+00:00,True
2026-10-02 16:00:00,16.2,27.7,254.0,1.6,1.5,72.0,72.0,41.0,Puducherry,Puducherry,11.9416,79.8083,Union Territory,2026-09-30T12:29:40.675235+00:00,True
2026-10-02 17:00:00,16.4,28.2,268.0,1.9,1.5,70.0,71.0,41.0,Puducherry,Puducherry,11.9416,79.8083,Union Territory,2026-09-30T12:29:40.675235+00:00,True
2026-10-02 18:00:00,16.4,28.3,293.0,1.9,1.5,69.0,70.0,41.0,Puducherry,Puducherry,11.9416,79.8083,Union Territory,2026-09-30T12:29:40.675235+00:00,True
2026-10-02 19:00:00,16.4,28.1,323.0,1.8,1.4,69.0,69.0,41.0,Puducherry,Puducherry,11.9416,79.8083,Union Territory,2026-09-30T12:29:40.675235+00:00,True
2026-10-02 20:00:00,16.5,28.1,337.0,1.8,1.4,69.0,69.0,41.0,Puducherry,Puducherry,11.9416,79.8083,Union Territory,2026-09-30T12:29:40.675235+00:00,True
2026-10-02 21:00:00,16.6,28.1,323.0,1.9,1.4,69.0,68.0,41.0,Puducherry,Puducherry,11.9416,79.8083,Union Territory,2026-09-30T12:29:40.675235+00:00,True
2026-10-02 22:00:00,16.7,28.2,292.0,2.1,1.3,68.0,67.0,41.0,Puducherry,Puducherry,11.9416,79.8083,Union Territory,2026-09-30T12:29:40.675235+00:00,True
2026-10-02 23:00:00,16.6,27.9,261.0,2.1,1.3,68.0,67.0,41.0,Puducherry,Puducherry,11.9416,79.8083,Union Territory,2026-09-30T12:29:40.675235+00:00,True
2026-10-03 00:00:00,16.3,27.4,227.0,1.8,1.2,68.0,66.0,41.0,Puducherry,Puducherry,11.9416,79.8083,Union Territory,2026-09-30T12:29:40.675235+00:00,True
2026-10-03 01:00:00,15.9,26.8,193.0,1.3,1.2,69.0,66.0,41.0,Puducherry,Puducherry,11.9416,79.8083,Union Territory,2026-09-30T12:29:40.675235+00:00,True
2026-10-03 02:00:00,15.8,26.7,178.0,1.2,1.2,69.0,65.0,40.0,Puducherry,Puducherry,11.9416,79.8083,Union Territory,2026-09-30T12:29:40.675235+00:00,True
2026-10-03 03:00:00,15.8,26.5,200.0,1.8,1.2,67.0,65.0,40.0,Puducherry,Puducherry,11.9416,79.8083,Union Territory,2026-09-30T12:29:40.675235+00:00,True
2026-10-03 04:00:00,16.1,26.6,242.0,2.8,1.2,64.0,64.0,41.0,Puducherry,Puducherry,11.9416,79.8083,Union Territory,2026-09-30T12:29:40.675235+00:00,True
2026-10-03 05:00:00,16.8,26.7,274.0,3.7,1.7,63.0,64.0,41.0,Puducherry,Puducherry,11.9416,79.8083,Union Territory,2026-09-30T12:29:40.675235+00:00,True
2026-10-03 06:00:00,17.9,27.3,284.0,4.3,3.1,64.0,64.0,42.0,Puducherry,Puducherry,11.9416,79.8083,Union Territory,2026-09-30T12:29:40.675235+00:00,True
2026-10-03 07:00:00,18.9,28.3,284.0,4.8,5.0,67.0,64.0,42.0,Puducherry,Puducherry,11.9416,79.8083,Union Territory,2026-09-30T12:29:40.675235+00:00,True
2026-10-03 08:00:00,17.3,27.9,277.0,4.8,6.1,71.0,64.0,41.0,Puducherry,Puducherry,11.9416,79.8083,Union Territory,2026-09-30T12:29:40.675235+00:00,True
2026-10-03 09:00:00,17.7,29.3,263.0,4.0,5.9,79.0,64.0,42.0,Puducherry,Puducherry,11.9416,79.8083,Union Territory,2026-09-30T12:29:40.675235+00:00,True
2026-10-03 10:00:00,18.3,30.6,242.0,2.6,5.0,88.0,64.0,42.0,Puducherry,Puducherry,11.9416,79.8083,Union Territory,2026-09-30T12:29:40.675235+00:00,True
2026-10-03 11:00:00,18.6,31.4,222.0,1.6,4.0,94.0,64.0,42.0,Puducherry,Puducherry,11.9416,79.8083,Union Territory,2026-09-30T12:29:40.675235+00:00,True
2026-10-03 12:00:00,18.0,30.6,205.0,1.1,3.0,94.0,65.0,42.0,Puducherry,Puducherry,11.9416,79.8083,Union Territory,2026-09-30T12:29:40.675235+00:00,True
2026-10-03 13:00:00,16.5,28.2,189.0,0.9,1.8,90.0,65.0,41.0,Puducherry,Puducherry,11.9416,79.8083,Union Territory,2026-09-30T12:29:40.675235+00:00,True
2026-10-03 14:00:00,15.2,26.1,179.0,0.9,1.0,86.0,65.0,40.0,Puducherry,Puducherry,11.9416,79.8083,Union Territory,2026-09-30T12:29:40.675235+00:00,True
2026-10-03 15:00:00,14.2,24.6,175.0,1.2,0.8,81.0,65.0,38.0,Puducherry,Puducherry,11.9416,79.8083,Union Territory,2026-09-30T12:29:40.675235+00:00,True
2026-10-03 16:00:00,13.6,23.7,176.0,1.7,0.9,75.0,65.0,37.0,Puducherry,Puducherry,11.9416,79.8083,Union Territory,2026-09-30T12:29:40.675235+00:00,True
2026-10-03 17:00:00,13.2,23.2,183.0,2.0,1.0,70.0,64.0,36.0,Puducherry,Puducherry,11.9416,79.8083,Union Territory,2026-09-30T12:29:40.675235+00:00,True
2026-10-03 18:00:00,12.9,22.6,201.0,1.9,1.0,68.0,64.0,36.0,Puducherry,Puducherry,11.9416,79.8083,Union Territory,2026-09-30T12:29:40.675235+00:00,True
2026-10-03 19:00:00,12.8,22.4,224.0,1.6,1.0,67.0,64.0,36.0,Puducherry,Puducherry,11.9416,79.8083,Union Territory,2026-09-30T12:29:40.675235+00:00,True
2026-10-03 20:00:00,12.7,21.8,239.0,1.3,1.0,67.0,64.0,35.0,Puducherry,Puducherry,11.9416,79.8083,Union Territory,2026-09-30T12:29:40.675235+00:00,True
2026-10-03 21:00:00,12.6,21.2,235.0,1.2,1.0,67.0,63.0,35.0,Puducherry,Puducherry,11.9416,79.8083,Union Territory,2026-09-30T12:29:40.675235+00:00,True
2026-10-03 22:00:00,12.4,20.5,223.0,1.2,1.0,68.0,63.0,35.0,Puducherry,Puducherry,11.9416,79.8083,Union Territory,2026-09-30T12:29:40.675235+00:00,True
2026-10-03 23:00:00,11.8,19.2,216.0,1.2,1.0,68.0,63.0,34.0,Puducherry,Puducherry,11.9416,79.8083,Union Territory,2026-09-30T12:29:40.675235+00:00,True
2026-10-04 00:00:00,11.0,17.7,219.0,1.1,0.9,68.0,62.0,32.0,Puducherry,Puducherry,11.9416,79.8083,Union Territory,2026-09-30T12:29:40.675235+00:00,True
2026-10-04 01:00:00,10.6,16.9,226.0,1.0,0.9,68.0,62.0,31.0,Puducherry,Puducherry,11.9416,79.8083,Union Territory,2026-09-30T12:29:40.675235+00:00,True
2026-10-04 02:00:00,10.2,16.1,240.0,1.1,1.0,68.0,61.0,30.0,Puducherry,Puducherry,11.9416,79.8083,Union Territory,2026-09-30T12:29:40.675235+00:00,True
2026-10-04 03:00:00,10.0,15.6,267.0,1.6,1.2,67.0,61.0,30.0,Puducherry,Puducherry,11.9416,79.8083,Union Territory,2026-09-30T12:29:40.675235+00:00,True
2026-10-04 04:00:00,9.9,15.2,301.0,2.4,1.5,65.0,60.0,30.0,Puducherry,Puducherry,11.9416,79.8083,Union Territory,2026-09-30T12:29:40.675235+00:00,True
2026-10-04 05:00:00,10.0,14.9,278.5,3.3,2.5,65.0,60.0,30.0,Puducherry,Puducherry,11.9416,79.8083,Union Territory,2026-09-30T12:29:40.675235+00:00,True
2026-10-04 06:00:00,10.4,15.0,248.0,4.6,4.7,66.0,59.0,31.0,Puducherry,Puducherry,11.9416,79.8083,Union Territory,2026-09-30T12:29:40.675235+00:00,True
2026-10-04 07:00:00,10.3,14.5,218.0,6.1,7.6,68.0,59.0,31.0,Puducherry,Puducherry,11.9416,79.8083,Union Territory,2026-09-30T12:29:40.675235+00:00,True
2026-10-04 08:00:00,10.1,14.0,193.0,6.9,10.0,73.0,58.0,30.0,Puducherry,Puducherry,11.9416,79.8083,Union Territory,2026-09-30T12:29:40.675235+00:00,True
2026-10-04 09:00:00,10.4,14.1,198.0,6.5,11.7,84.0,58.0,32.0,Puducherry,Puducherry,11.9416,79.8083,Union Territory,2026-09-30T12:29:40.675235+00:00,True
2026-10-04 10:00:00,11.0,14.3,201.0,5.3,13.0,98.0,57.0,39.0,Puducherry,Puducherry,11.9416,79.8083,Union Territory,2026-09-30T12:29:40.675235+00:00,True
2026-10-04 11:00:00,12.9,16.5,203.0,4.2,13.4,111.0,56.0,51.0,Puducherry,Puducherry,11.9416,79.8083,Union Territory,2026-09-30T12:29:40.675235+00:00,True
2026-10-04 12:00:00,15.1,19.0,204.0,3.3,12.6,122.0,56.0,61.0,Puducherry,Puducherry,11.9416,79.8083,Union Territory,2026-09-30T12:29:40.675235+00:00,True
2026-10-04 13:00:00,16.2,20.0,204.0,2.4,10.9,131.0,56.0,66.0,Puducherry,Puducherry,11.9416,79.8083,Union Territory,2026-09-30T12:29:40.675235+00:00,True
2026-10-04 14:00:00,15.7,19.2,203.0,1.8,8.9,134.0,56.0,67.0,Puducherry,Puducherry,11.9416,79.8083,Union Territory,2026-09-30T12:29:40.675235+00:00,True
2026-10-04 15:00:00,13.9,17.1,202.0,1.6,6.5,128.0,56.0,64.0,Puducherry,Puducherry,11.9416,79.8083,Union Territory,2026-09-30T12:29:40.675235+00:00,True
2026-10-04 16:00:00,11.6,14.8,199.0,1.7,3.7,117.0,56.0,57.0,Puducherry,Puducherry,11.9416,79.8083,Union Territory,2026-09-30T12:29:40.675235+00:00,True
2026-10-04 17:00:00,10.3,14.1,195.0,1.7,1.7,107.0,63.0,47.0,Puducherry,Puducherry,11.9416,79.8083,Union Territory,2026-09-30T12:29:40.675235+00:00,True
2026-10-04 18:00:00,9.0,12.8,188.0,1.4,1.0,100.0,68.0,40.0,Puducherry,Puducherry,11.9416,79.8083,Union Territory,2026-09-30T12:29:40.675235+00:00,True
2026-10-04 19:00:00,8.5,12.3,178.0,0.9,0.9,95.0,69.0,38.0,Puducherry,Puducherry,11.9416,79.8083,Union Territory,2026-09-30T12:29:40.675235+00:00,True
2026-10-04 20:00:00,8.4,12.2,171.0,0.7,1.0,91.0,65.0,36.0,Puducherry,Puducherry,11.9416,79.8083,Union Territory,2026-09-30T12:29:40.675235+00:00,True
2026-10-04 21:00:00,8.2,12.0,166.0,0.8,0.8,89.0,59.0,35.0,Puducherry,Puducherry,11.9416,79.8083,Union Territory,2026-09-30T12:29:40.675235+00:00,True
2026-10-04 22:00:00,8.3,12.0,163.0,1.1,0.8,89.0,54.0,35.0,Puducherry,Puducherry,11.9416,79.8083,Union Territory,2026-09-30T12:29:40.675235+00:00,True
2026-10-04 23:00:00,8.2,11.8,162.0,1.7,1.2,88.0,54.0,34.0,Puducherry,Puducherry,11.9416,79.8083,Union Territory,2026-09-30T12:29:40.675235+00:00,True
2026-10-05 00:00:00,8.1,11.7,162.0,2.8,2.3,84.0,53.0,32.0,Puducherry,Puducherry,11.9416,79.8083,Union Territory,2026-09-30T12:29:40.675235+00:00,True
2026-10-05 01:00:00,7.9,11.0,164.0,4.1,3.9,79.0,53.0,30.0,Puducherry,Puducherry,11.9416,79.8083,Union Territory,2026-09-30T12:29:40.675235+00:00,True
2026-10-05 02:00:00,7.6,10.3,167.0,5.4,5.5,74.0,53.0,27.0,Puducherry,Puducherry,11.9416,79.8083,Union Territory,2026-09-30T12:29:40.675235+00:00,True
2026-10-05 03:00:00,7.8,10.3,172.0,6.5,7.0,69.0,53.0,26.0,Puducherry,Puducherry,11.9416,79.8083,Union Territory,2026-09-30T12:29:40.675235+00:00,True
2026-10-05 04:00:00,8.1,10.5,177.0,7.6,8.5,63.0,53.0,26.0,Puducherry,Puducherry,11.9416,79.8083,Union Territory,2026-09-30T12:29:40.675235+00:00,True
2026-10-05 05:00:00,8.3,10.6,181.0,8.3,9.6,59.0,53.0,27.0,Puducherry,Puducherry,11.9416,79.8083,Union Territory,2026-09-30T12:29:40.675235+00:00,True
2026-10-05 06:00:00,,,,,,,52.0,,Puducherry,Puducherry,11.9416,79.8083,Union Territory,2026-09-30T12:29:40.675235+00:00,False
2026-10-05 07:00:00,,,,,,,,,Puducherry,Puducherry,11.9416,79.8083,Union Territory,2026-09-30T12:29:40.675235+00:00,False
2026-10-05 08:00:00,,,,,,,,,Puducherry,Puducherry,11.9416,79.8083,Union Territory,2026-09-30T12:29:40.675235+00:00,False
2026-10-05 09:00:00,,,,,,,,,Puducherry,Puducherry,11.9416,79.8083,Union Territory,2026-09-30T12:29:40.675235+00:00,False
2026-10-05 10:00:00,,,,,,,,,Puducherry,Puducherry,11.9416,79.8083,Union Territory,2026-09-30T12:29:40.675235+00:00,False
2026-10-05 11:00:00,,,,,,,,,Puducherry,Puducherry,11.9416,79.8083,Union Territory,2026-09-30T12:29:40.675235+00:00,False
2026-10-05 12:00:00,,,,,,,,,Puducherry,Puducherry,11.9416,79.8083,Union Territory,2026-09-30T12:29:40.675235+00:00,False
2026-10-05 13:00:00,,,,,,,,,Puducherry,Puducherry,11.9416,79.8083,Union Territory,2026-09-30T12:29:40.675235+00:00,False
2026-10-05 14:00:00,,,,,,,,,Puducherry,Puducherry,11.9416,79.8083,Union Territory,2026-09-30T12:29:40.675235+00:00,False
2026-10-05 15:00:00,,,,,,,,,Puducherry,Puducherry,11.9416,79.8083,Union Territory,2026-09-30T12:29:40.675235+00:00,False
2026-10-05 16:00:00,,,,,,,,,Puducherry,Puducherry,11.9416,79.8083,Union Territory,2026-09-30T12:29:40.675235+00:00,False
2026-10-05 17:00:00,,,,,,,,,Puducherry,Puducherry,11.9416,79.8083,Union Territory,2026-09-30T12:29:40.675235+00:00,False
2026-10-05 18:00:00,,,,,,,,,Puducherry,Puducherry,11.9416,79.8083,Union Territory,2026-09-30T12:29:40.675235+00:00,False
2026-10-05 19:00:00,,,,,,,,,Puducherry,Puducherry,11.9416,79.8083,Union Territory,2026-09-30T12:29:40.675235+00:00,False
2026-10-05 20:00:00,,,,,,,,,Puducherry,Puducherry,11.9416,79.8083,Union Territory,2026-09-30T12:29:40.675235+00:00,False
2026-10-05 21:00:00,,,,,,,,,Puducherry,Puducherry,11.9416,79.8083,Union Territory,2026-09-30T12:29:40.675235+00:00,False
2026-10-05 22:00:00,,,,,,,,,Puducherry,Puducherry,11.9416,79.8083,Union Territory,2026-09-30T12:29:40.675235+00:00,False
2026-10-05 23:00:00,,,,,,,,,Puducherry,Puducherry,11.9416,79.8083,Union Territory,2026-09-30T12:29:40.675235+00:00,False
2026-10-06 00:00:00,,,,,,,,,Puducherry,Puducherry,11.9416,79.8083,Union Territory,2026-09-30T12:29:40.675235+00:00,False
2026-10-06 01:00:00,,,,,,,,,Puducherry,Puducherry,11.9416,79.8083,Union Territory,2026-09-30T12:29:40.675235+00:00,False
2026-10-06 02:00:00,,,,,,,,,Puducherry,Puducherry,11.9416,79.8083,Union Territory,2026-09-30T12:29:40.675235+00:00,False
2026-10-06 03:00:00,,,,,,,,,Puducherry,Puducherry,11.9416,79.8083,Union Territory,2026-09-30T12:29:40.675235+00:00,False
2026-10-06 04:00:00,,,,,,,,,Puducherry,Puducherry,11.9416,79.8083,Union Territory,2026-09-30T12:29:40.675235+00:00,False
2026-10-06 05:00:00,,,,,,,,,Puducherry,Puducherry,11.9416,79.8083,Union Territory,2026-09-30T12:29:40.675235+00:00,False
2026-10-06 06:00:00,,,,,,,,,Puducherry,Puducherry,11.9416,79.8083,Union Territory,2026-09-30T12:29:40.675235+00:00,False
2026-10-06 07:00:00,,,,,,,,,Puducherry,Puducherry,11.9416,79.8083,Union Territory,2026-09-30T12:29:40.675235+00:00,False
2026-10-06 08:00:00,,,,,,,,,Puducherry,Puducherry,11.9416,79.8083,Union Territory,2026-09-30T12:29:40.675235+00:00,False
2026-10-06 09:00:00,,,,,,,,,Puducherry,Puducherry,11.9416,79.8083,Union Territory,2026-09-30T12:29:40.675235+00:00,False
2026-10-06 10:00:00,,,,,,,,,Puducherry,Puducherry,11.9416,79.8083,Union Territory,2026-09-30T12:29:40.675235+00:00,False
2026-10-06 11:00:00,,,,,,,,,Puducherry,Puducherry,11.9416,79.8083,Union Territory,2026-09-30T12:29:40.675235+00:00,False
2026-10-06 12:00:00,,,,,,,,,Puducherry,Puducherry,11.9416,79.8083,Union Territory,2026-09-30T12:29:40.675235+00:00,False
2026-10-06 13:00:00,,,,,,,,,Puducherry,Puducherry,11.9416,79.8083,Union Territory,2026-09-30T12:29:40.675235+00:00,False
2026-10-06 14:00:00,,,,,,,,,Puducherry,Puducherry,11.9416,79.8083,Union Territory,2026-09-30T12:29:40.675235+00:00,False
2026-10-06 15:00:00,,,,,,,,,Puducherry,Puducherry,11.9416,79.8083,Union Territory,2026-09-30T12:29:40.675235+00:00,False
2026-10-06 16:00:00,,,,,,,,,Puducherry,Puducherry,11.9416,79.8083,Union Territory,2026-09-30T12:29:40.675235+00:00,False
2026-10-06 17:00:00,,,,,,,,,Puducherry,Puducherry,11.9416,79.8083,Union Territory,2026-09-30T12:29:40.675235+00:00,False
2026-10-06 18:00:00,,,,,,,,,Puducherry,Puducherry,11.9416,79.8083,Union Territory,2026-09-30T12:29:40.675235+00:00,False
2026-10-06 19:00:00,,,,,,,,,Puducherry,Puducherry,11.9416,79.8083,Union Territory,2026-09-30T12:29:40.675235+00:00,False
2026-10-06 20:00:00,,,,,,,,,Puducherry,Puducherry,11.9416,79.8083,Union Territory,2026-09-30T12:29:40.675235+00:00,False
2026-10-06 21:00:00,,,,,,,,,Puducherry,Puducherry,11.9416,79.8083,Union Territory,2026-09-30T12:29:40.675235+00:00,False
2026-10-06 22:00:00,,,,,,,,,Puducherry,Puducherry,11.9416,79.8083,Union Territory,2026-09-30T12:29:40.675235+00:00,False
2026-10-06 23:00:00,,,,,,,,,Puducherry,Puducherry,11.9416,79.8083,Union Territory,2026-09-30T12:29:40.675235+00:00,False
